// File: '.\Roboto-Regular.ttf' (168260 bytes)
// Exported using binary_to_compressed_c.cpp
static const unsigned int RobotoRegular_compressed_size = 116908;
static const unsigned int RobotoRegular_compressed_data[116908 / 4] =
{
    0x0000bc57, 0x00000000, 0x44910200, 0x00000400, 0x00010025, 0x82120000, 0x043a0804, 0x44472000, 0x51b44645, 0x000061b0, 0x00009005, 0x50476202,
    0x48cf534f, 0x000076a1, 0x00000c4a, 0x5347cc5d, 0x7f5c4255, 0x00003251, 0x00007c34, 0x534f9015, 0x8297322f, 0x2b82a8b1, 0x00282008, 0x63600000,
    0xb470616d, 0x00b854cb, 0x00a00f00, 0x63840600, 0x2b207476, 0x009d07a8, 0x82d40100, 0x66542b1f, 0x776d6770, 0x00ab60f8, 0x0f820300, 0x67bc0129,
    0x00707361, 0x82130008, 0x822c201f, 0x670c3c1f, 0x2666796c, 0x00f40bba, 0x00d8a700, 0x686ce901, 0x55786d64, 0x007a607a, 0x82880a00, 0x68182793,
    0xfc646165, 0x0f82d26a, 0x829c0121, 0x6836212f, 0x0a231082, 0x82ae0aba, 0x8278203f, 0x68243c0f, 0xae78746d, 0x00978f72, 0x00442000, 0x6c381400,
    0x8061636f, 0x00bbff77, 0x82241600, 0x6d1e2843, 0x07707861, 0x8209033e, 0x8238202f, 0x6e202b2f, 0x3a656d61, 0x00f36198, 0x73820700, 0x70920229,
    0xff74736f, 0x8264006d, 0x8358201f, 0x7270271f, 0x66a27065, 0xdf82c9fa, 0x01257f82, 0x00010049, 0x26af8202, 0x00ffff02, 0x8201000f, 0x000e2891,
    0x0016008f, 0x83050054, 0x2031820d, 0x2429820e, 0x00240200, 0x200f8206, 0x820f8203, 0x6aff2102, 0x08824f83, 0x0130028f, 0x6c070000, 0x00000cfe,
    0x1bfa4909, 0x30094afe, 0x27884386, 0x840e0521, 0x23022e11, 0xe587f912, 0x3c0f5f98, 0x081900f5, 0x23008300, 0x2e11f0c4, 0xd52b0783, 0xfaf45201,
    0x09d5fd1b, 0x82730830, 0x8209200f, 0x8206829d, 0x002a2a02, 0x0080009d, 0x0078008a, 0x347d82d4, 0x005a004e, 0x00600087, 0x02340056, 0x00bc003c,
    0x008e00b2, 0x082582c4, 0x60fe1426, 0x9b021400, 0x21032000, 0x3a040b00, 0x8d041400, 0xb0051000, 0x18061400, 0xa6011500, 0xc0061100, 0xd9060e00,
    0x2c82cd82, 0x04030025, 0x82900186, 0x050028e9, 0x0033059a, 0x851f0100, 0xd1032607, 0x00026600, 0x2d7a8800, 0x00e00000, 0x0050ff02, 0x00005b20,
    0x03822000, 0x4f470033, 0x4000474f, 0xfdff0000, 0x00fe0006, 0x9a076600, 0x21188202, 0x1b839f01, 0x823a0421, 0x8220206f, 0xb003300e, 0x00b02b0c,
    0x01b2002b, 0x012b0210, 0x820111b2, 0x11b73105, 0x1b25303a, 0x2b080010, 0x4801b700, 0x14212e3b, 0xb7250a82, 0x38485802, 0x25098428, 0x34435203,
    0x13831625, 0x4d5e0425, 0x83192b3c, 0x36052509, 0x0f19222c, 0x06250983, 0x32465d71, 0x2509831b, 0x5c779107, 0x0983233a, 0x677e0825, 0x831a3950,
    0x54092409, 0x84263645, 0x760a2545, 0x1d364b60, 0x0b231383, 0x854e6483, 0xd90c2527, 0x3c638ab2, 0x0d251383, 0x090c1014, 0x25098306, 0x27323c0e,
    0x0983111c, 0x34400f24, 0x3b841d29, 0x41501022, 0x00249585, 0x070b12b2, 0x202cc082, 0x18697d45, 0x1a3fb244, 0x5fb27301, 0x7f200483, 0x2f250483,
    0xb274011a, 0x2004834f, 0x2004836f, 0x2004838f, 0x200483af, 0x230483ff, 0x75011a1f, 0x75203183, 0x75213183, 0x233182b2, 0x1e0fb275, 0x7f204082,
    0xef200483, 0x1f210483, 0x2040821e, 0x2004835f, 0x2004838f, 0x200483cf, 0x210483ff, 0x3b821e3f, 0x04836f20, 0x82202f21, 0x826f2031, 0x004d0804,
    0x00b00000, 0x09b04b2c, 0x01b15850, 0xb8598e01, 0xb085ff01, 0x09b11d84, 0x2d5e5f03, 0x202c01b0, 0x44694520, 0x2d6001b0, 0xb02c02b0, 0x2d212a01,
    0x202c03b0, 0x2503b046, 0x23585246, 0x208a2059, 0x8a64498a, 0x68204620, 0x04b06461, 0x82078425, 0x8a652918, 0xb0202f59, 0x69585300, 0x54260582,
    0x40b02158, 0x0a881b59, 0x59596526, 0x04b02d3a, 0x31824683, 0x8a212d82, 0x20408259, 0x8240866a, 0x08128407, 0x2dfd2f29, 0x4b2c05b0, 0x2603b020,
    0x58515850, 0x1b4480b0, 0x594440b0, 0x2021211b, 0x50c0b045, 0x44c0b058, 0x5959211b, 0x8806b02d, 0x22ab82a3, 0x8518697d, 0x2c0727ad, 0x2d2a06b0,
    0x418508b0, 0xb0585329, 0x00b01b40, 0x838a8a59, 0x5853294f, 0x80b02123, 0x8a1b8a8a, 0x5f82c182, 0xc0200f84, 0xb8220f8d, 0x108f0001, 0x108b4020,
    0x2503b027, 0x8001b845, 0x824a8250, 0x21232206, 0x2310831b, 0x21232123, 0x5929a182, 0x09b02d44, 0x58534b2c, 0x20a28245, 0x2aa28221, 0x28b02c0a,
    0x0bb02d45, 0x8229b02c, 0x2c0c3f06, 0x880127b1, 0x58538a20, 0x040040b9, 0x08b86300, 0x58548800, 0x032800b9, 0x1b5970e8, 0xac8223b0, 0xb8882024,
    0x13880010, 0x0d3de583, 0x8840b02c, 0x5a0020b8, 0x0029b158, 0x00b91b44, 0x44e80329, 0x01002d59, 0x0e000200, 0x21008400, 0x0b822802, 0x25005924,
    0x15823e00, 0x5e004522, 0x79220582, 0x05827900, 0x81008122, 0x83220582, 0x05828300, 0x86008622, 0x89220582, 0x05828900, 0x96008b22, 0x98220582,
    0x05829d00, 0xa400a422, 0xa8260582, 0x0300ad00, 0x0182b100, 0xba000124, 0x1182bb00, 0xbf00bf22, 0xc1220582, 0x0582c100, 0xc300c322, 0xc7220582,
    0x0582c700, 0xcb00cb22, 0xcd220582, 0x0582ce00, 0xd100d022, 0xd3220582, 0x0582d300, 0xde00da22, 0xe1220582, 0x0582e100, 0xe500e522, 0xe7220582,
    0x0582e900, 0xfb00eb22, 0xfd220582, 0x0582fd00, 0x0101ff28, 0x03010100, 0x05820301, 0x09010822, 0x16220582, 0x05821a01, 0x1c011c22, 0x20220582,
    0x05822201, 0x25012428, 0x2a010300, 0x0b822b01, 0x34013322, 0x36220582, 0x05823601, 0x3c013b22, 0x41220582, 0x05824401, 0x48014722, 0x4b220582,
    0x05824d01, 0x51015122, 0x54220582, 0x05825801, 0x82015d21, 0x620123fb, 0x0b826201, 0x64016422, 0x68220582, 0x05826801, 0x6c016a22, 0x6e220582,
    0x05826e01, 0x70017022, 0xba220582, 0x6582ba01, 0xc101bb28, 0xd2010200, 0x1182e601, 0xea01ea22, 0xf3220582, 0x0582f301, 0xf501f522, 0xfc250582,
    0x0100fe01, 0x82208202, 0x02032105, 0x0223b382, 0x82070207, 0x0209220b, 0x2205820b, 0x82110211, 0x02162205, 0x22058218, 0x821a021a, 0x02282205,
    0x21058228, 0xb982022b, 0x022d0223, 0x220b822d, 0x82330230, 0x025f2205, 0x22058263, 0x82e2027a, 0x03e52805, 0x0301008b, 0x82a4038d, 0x03a62205,
    0x220582b2, 0x82bd03b4, 0x03bf2205, 0x220582da, 0x82de03de, 0x03e02205, 0x220582e7, 0x82eb03e9, 0x03ee2205, 0x280582f2, 0x007c04f4, 0x047f0401,
    0x2205827f, 0x82830482, 0x04852205, 0x21058286, 0x4d820488, 0x04950423, 0x220b82d0, 0x82f104d2, 0x04f32205, 0x2a0582fa, 0x00fd04fc, 0x05070501,
    0x8201000d, 0x00022401, 0x821a0000, 0x820c2003, 0x0005280b, 0x00a40079, 0x82ad00ad, 0x000124ff, 0x82a8000e, 0x00a92401, 0x82aa00a9, 0x00ab2e01,
    0x00ac00ab, 0x012401ac, 0x01260125, 0x26318227, 0x000d0000, 0x820300a2, 0x82092051, 0x015e220d, 0x240b8692, 0x010c0001, 0x240b8686, 0x010e0002,
    0x200b8678, 0x20178a03, 0x240b8a04, 0x01260005, 0x24238652, 0x011c0006, 0x240b8636, 0x00400007, 0x240b86f6, 0x000c0009, 0x240b86ea, 0x0014000b,
    0x240b86d6, 0x0026000c, 0x240b86b0, 0x005c000d, 0x200b8654, 0x2409820e, 0x00680000, 0x24018274, 0x003a0070, 0x2101822f, 0x01830077, 0x61002e24,
    0x03827000, 0x1d826320, 0x2e006528, 0x72006f00, 0x1d826700, 0x69006c2a, 0x65006300, 0x73006e00, 0x73200582, 0x4c2a1182, 0x43004900, 0x4e004500,
    0x05825300, 0x32002d22, 0x30222d82, 0x278c4c00, 0x20006424, 0x33827500, 0x33826420, 0x0b827220, 0x55847420, 0x41002022, 0x2020638a, 0x2c20338e,
    0x56202782, 0x73202f84, 0x6f204b82, 0x20203d82, 0x43205b86, 0x72203d82, 0x73201382, 0x6920b582, 0x6e20a382, 0x52202982, 0x6220a182, 0x74202d84,
    0x2d839982, 0x11824720, 0xb3826f20, 0x15826c20, 0xb3822e20, 0x6d006f23, 0x85138b00, 0x826f2031, 0x826f2043, 0x8269203f, 0x82202035, 0x8220204b,
    0x8272200f, 0x82642007, 0x826d2035, 0x00722207, 0x221d826b, 0x8266006f, 0x8b518d05, 0x002d223f, 0x202f8252, 0x20e38267, 0x9333846c, 0x003126b7,
    0x00370033, 0x2447823b, 0x00300032, 0x8d0b8231, 0x204f8b33, 0x23bb8243, 0x00790070, 0x6720e583, 0x7420ed82, 0x31203588, 0x2024878e, 0x6e004900,
    0x2e20dd82, 0x41221782, 0x01826c00, 0x8b822020, 0xf7826920, 0xc9826820, 0x15827320, 0x73206583, 0x72229d82, 0x05827600, 0x2e006423, 0x36008300,
    0x05000001, 0x040a0910, 0x02020000, 0x05060302, 0x03020607, 0x82050403, 0x0504210c, 0x02210088, 0x220a8202, 0x82060804, 0x05052700, 0x05020606,
    0x0c840506, 0x0d830620, 0x05820820, 0x02040225, 0x84030404, 0x2405822f, 0x02050202, 0x260c8308, 0x05030503, 0x82040704, 0x0302211a, 0x36823582,
    0x83060221, 0x0705220f, 0x201a8204, 0x821c8203, 0x04042673, 0x04070707, 0x201c8208, 0x20348405, 0x26298305, 0x09050602, 0x82060208, 0x82062090,
    0x2641820e, 0x02030204, 0x83030304, 0x21aa82b2, 0x86820205, 0x32820620, 0x06060622, 0x04827584, 0x0a854d82, 0x0706062a, 0x07070505, 0x070a0a06,
    0x58820a82, 0x07280582, 0x07090806, 0x08060608, 0x04212e82, 0x821f8205, 0x82052021, 0x8228849b, 0x2602820e, 0x05080805, 0x83070805, 0x26038202,
    0x090a0708, 0x83060405, 0x820d8462, 0x207b8509, 0x82098207, 0x05052239, 0x20098409, 0x226c8207, 0x82090609, 0x05062137, 0x05205f82, 0x07201d82,
    0x79820482, 0x73820520, 0x6e820720, 0x07214584, 0x210a8308, 0x34840709, 0x07060637, 0x09050406, 0x02030905, 0x02020502, 0x02000101, 0x04070602,
    0x2d008202, 0x05030303, 0x06040305, 0x03030902, 0xa9820304, 0x070a0727, 0x05070507, 0x21338205, 0x04820904, 0x69840820, 0x02217d82, 0x22008305,
    0x82020303, 0x08082562, 0x09000706, 0x82413282, 0x07114105, 0x08870720, 0x05215c82, 0x23288204, 0x04050504, 0x05210382, 0x21938204, 0xb0820606,
    0x82060821, 0x05072159, 0x03820582, 0x45820720, 0x6b830520, 0x1c821082, 0x41837584, 0x05090422, 0x02839682, 0x89829183, 0x05242f84, 0x00040205,
    0x04204d82, 0x1e860082, 0x9f820620, 0x83040721, 0x216d8232, 0xa1850507, 0xd9820e84, 0xaa41ea82, 0x05052608, 0x07040504, 0x824a8204, 0x201582f8,
    0x84398203, 0x832c8302, 0x880c842b, 0x0a874211, 0x0d884582, 0x9e410420, 0x05a44106, 0x5f8a0582, 0x05201388, 0x04837a84, 0x02206f82, 0x02202182,
    0x03229782, 0x20850305, 0x06850520, 0x83030621, 0x21588801, 0x20820505, 0x21852287, 0x05070823, 0x23b58404, 0x08080405, 0x1382678a, 0xb284ff82,
    0x0a863e8a, 0x04211982, 0x200b8304, 0x82848406, 0x421182f3, 0x318a0ab1, 0x8205aa41, 0x8202206b, 0x0603281f, 0x06050506, 0x84080602, 0x0206222b,
    0x20008205, 0x22038203, 0x83040405, 0x05072206, 0x20d58205, 0x061e4105, 0x30822584, 0x70829486, 0x1d820420, 0xa7820220, 0x82080721, 0x04052301,
    0x0f820302, 0x0620b484, 0x29825582, 0x820a0921, 0x28438307, 0x06020708, 0x08050605, 0x820f8408, 0x070e41e2, 0x04210785, 0x20018306, 0x41178205,
    0x098d094d, 0x0741f28f, 0x8c238d05, 0x08d7410d, 0x84040521, 0x04052101, 0x04219382, 0x207f8207, 0x230a8406, 0x05040605, 0x20059d43, 0x85008205,
    0x82ec833a, 0x06032109, 0xa08a2582, 0x08020523, 0x82168208, 0x82032002, 0x0603212a, 0x0822ac83, 0x4c840507, 0xd0840220, 0x06050425, 0x41070502,
    0x02270517, 0x05040405, 0x41040202, 0x06200545, 0x26841586, 0x05060623, 0x05314406, 0xd8420720, 0x02042905, 0x02000000, 0x03000000, 0x14240382,
    0x01000300, 0x04230784, 0x82007006, 0x200c820a, 0x200f8207, 0x08218200, 0x7e000dfb, 0xac00a000, 0xbf00ad00, 0xcf00c600, 0xef00e600, 0x0f01fe00,
    0x25011101, 0x30012701, 0x40013801, 0x5f015301, 0x7e016701, 0x8f017f01, 0xa1019201, 0xf001b001, 0xff01fb01, 0x37021b02, 0xbc025902, 0xc902c702,
    0xf302dd02, 0x03030103, 0x0f030903, 0x8a032303, 0x92038c03, 0xb003a103, 0xc903b903, 0xd203ce03, 0x2504d603, 0x45042f04, 0x62044f04, 0x79046f04,
    0x8b048604, 0xa9049f04, 0xba04b104, 0xca04c204, 0xd704ce04, 0xf504e104, 0x10050105, 0x011e1305, 0x851e3f1e, 0xf31ef11e, 0x4d1ff91e, 0x0b200920,
    0x15201120, 0x22201e20, 0x30202720, 0x3a203320, 0x44203c20, 0x7f207420, 0xaa20a420, 0xb120ac20, 0xbd20ba20, 0x13210521, 0x22211621, 0x2e212621,
    0x02225e21, 0x0f220622, 0x1a221222, 0x2b221e22, 0x60224822, 0xca256522, 0xc3f602ee, 0xfffe04fb, 0xfffffdff, 0x08008300, 0x0d00022c, 0xa0002000,
    0xad00a100, 0xc000ae00, 0xd000c700, 0xf000e700, 0x1001ff00, 0x26011201, 0x31012801, 0x41013901, 0x60015401, 0x01416801, 0x01a02a06, 0x01f001af,
    0x02fc01fa, 0x06014118, 0xc902c628, 0xf302d802, 0x01410003, 0x84600808, 0x8e038c03, 0xa3039303, 0xba03b103, 0xd103ca03, 0x0004d603, 0x30042604,
    0x50044604, 0x70046304, 0x88047a04, 0xa0048c04, 0xb204aa04, 0xc304bb04, 0xcf04cb04, 0xe204d804, 0x0205f604, 0x001e1105, 0x801e3e1e, 0xf21ea01e,
    0x4d1ff41e, 0x0a200020, 0x13201020, 0x20201720, 0x30202520, 0x39203220, 0x2a080141, 0x20a620a3, 0x20b120ab, 0x41bc20b9, 0x5b200c01, 0x20060141,
    0x0a014111, 0x25642208, 0xf601eeca, 0xfe01fbc3, 0xfffcffff, 0x000100ff, 0xfff6ff00, 0xffd801e4, 0xffcc01c2, 0x010000c1, 0x200382bf, 0x200382ba,
    0x200382b6, 0x200382b4, 0x200382b2, 0x200382b0, 0x2c0382aa, 0xff16ffac, 0xfe05ff07, 0x01ebfef8, 0x3a0f82ee, 0xfe00002f, 0x0144fe65, 0xfdd8fd23,
    0xfdc9fdd7, 0xfda8fdb4, 0xfda2fda7, 0x828afd9d, 0xfffe2357, 0x008200fd, 0x820afd21, 0xfcde270b, 0x00fbfcfe, 0x5982fc00, 0x82b2fc21, 0x82a72007,
    0xfca12203, 0x200582a0, 0x20038299, 0x20038291, 0x2025828b, 0x20038228, 0x080b8225, 0x00005e30, 0xa2e5e2e5, 0x7ee553e5, 0x7ce5e7e4, 0x72e17de5,
    0x6fe173e1, 0x6ce10000, 0x69e16be1, 0xa9e361e1, 0xa1e359e1, 0x21e150e1, 0x000017e1, 0x0382f2e0, 0xe0ed3208, 0xe0e5e0e6, 0xe091e09e, 0xdf84e08f,
    0xe079e094, 0xdeaadf4d, 0xdf9edfac, 0xdf96df9d, 0xdf87df93, 0xdf54df6b, 0x13eddb51, 0x06f70ab7, 0x01c302bb, 0x21fd83c7, 0xa282fe00, 0xf2200289,
    0xfc200a82, 0x2620d982, 0x40200382, 0x4c20038a, 0x6e200b82, 0x028a1b82, 0x0f820120, 0x128a0383, 0x01210a8a, 0x280c835c, 0x80016401, 0x98010000,
    0x21008400, 0x0b82b001, 0x0000f824, 0x03822002, 0x12834220, 0x00500225, 0x82740200, 0x21258203, 0x07828c02, 0x03829020, 0x0382a020, 0x1d83b420,
    0x0221038f, 0x83118fa4, 0x9402240f, 0x82020000, 0xb00b8303, 0x02023a03, 0x0280027f, 0x02820281, 0x00840283, 0x027b0281, 0x0290028f, 0x02920291,
    0x0a538293, 0x83008244, 0x96029502, 0x98029702, 0x84009902, 0x9a028500, 0x9c029b02, 0x9e029d02, 0x86009f02, 0xaa028700, 0xac02ab02, 0xae02ad02,
    0x8800af02, 0xb0028900, 0xb202b102, 0xb402b302, 0x7a028a00, 0x8c008b00, 0x8d007c02, 0xe402e302, 0xe602e502, 0xe802e702, 0x8f008e00, 0xf1029000,
    0xf302f202, 0xf502f402, 0xf702f602, 0x92009100, 0xf902f802, 0xfb02fa02, 0xfd02fc02, 0x94009300, 0x0d030c03, 0x11031003, 0x13031203, 0x7e027d02,
    0xa0028502, 0x0b030a03, 0x0f030e03, 0xaf00ae00, 0xb0008603, 0x88038703, 0xb1008903, 0x9003b200, 0x92039103, 0x9303b300, 0xb4009403, 0x96039503,
    0x9703b500, 0x9803b600, 0x9903b700, 0xb8009a03, 0xb9009b03, 0x9c03ba00, 0x9e039d03, 0xa0039f03, 0xa203a103, 0xc400a303, 0xa603a503, 0xa403c500,
    0xc700c600, 0xc900c800, 0xcb00ca00, 0xa703cc00, 0xce00cd00, 0xad03e403, 0xae03d200, 0xaf03d300, 0xb103b003, 0xd400b203, 0xd600d500, 0xe503b403,
    0xd700b503, 0xd800b603, 0xb803b703, 0xb903d900, 0xdb00da00, 0xba03dc00, 0xdd00b303, 0xbc03bb03, 0xbe03bd03, 0xc003bf03, 0xde00c103, 0xc203df00,
    0xea00c303, 0xec00eb00, 0xc403ed00, 0xef00ee00, 0xc503f000, 0xf200f100, 0xf400f300, 0xf500c603, 0xc803c703, 0xc903f600, 0xca03f700, 0xcb03e603,
    0xcc030201, 0xcd030301, 0xcf03ce03, 0x0401d003, 0x06010501, 0xe703d103, 0x0701d203, 0x09010801, 0xe8038104, 0x1701e903, 0x19011801, 0xea031a01,
    0xed03eb03, 0x8004ec03, 0x2d012c01, 0x2f012e01, 0x82043001, 0x31018304, 0x33013201, 0xee033401, 0x3501ef03, 0x37013601, 0x84043801, 0xf0038504,
    0x7704f103, 0xf2037804, 0x8604f303, 0x7f048704, 0x4d014c01, 0x7e047d04, 0xf503f403, 0x7904f603, 0x56017a04, 0x58015701, 0x00040104, 0x03040204,
    0x05040404, 0x59010604, 0x7b045a01, 0x1b047c04, 0x5b011c04, 0x5d015c01, 0x88045e01, 0x5f018904, 0x8a041d04, 0x70016f01, 0x82018101, 0x8b048c04,
    0x76049701, 0x00009d01, 0x01886100, 0xb9009436, 0xae013a01, 0xd4024002, 0x1503eb02, 0x72033f03, 0xb7039803, 0xbe0ae182, 0x040704f0, 0x04830455,
    0x054a05d3, 0x06f0058e, 0x067e0651, 0x075b07f3, 0x07850770, 0x07cc07a4, 0x084a08eb, 0x093509ef, 0x0aea0995, 0x0a720a30, 0x0b160ba9, 0x0b7c0b61,
    0x0c040caf, 0x0c760c28, 0x0d080db2, 0x0eba0d54, 0x0e830e17, 0x0ff00eae, 0x0f750f20, 0x10fa0fca, 0x10581033, 0x1095106f, 0x10d710bc, 0x117111f7,
    0x122412d0, 0x13ec1283, 0x14ba133f, 0x14391400, 0x14dd1486, 0x156415f8, 0x16fe15af, 0x17c51663, 0x176f1703, 0x180918c2, 0x18871839, 0x191419ce,
    0x198e194d, 0x1ae519a5, 0x1a611a2d, 0x1b311bbe, 0x1cf71b95, 0x1cbd1c16, 0x1e941dec, 0x1e101e04, 0x1fe81e2e, 0x1f3f1f02, 0x20d41f83, 0x20702050,
    0x21e620ba, 0x21422106, 0x21bf2174, 0x21e521cb, 0x221922ff, 0x23e0227b, 0x239a231e, 0x256024ef, 0x25902520, 0x265526e3, 0x272c27b5, 0x27a6278b,
    0x284128f6, 0x29d0287f, 0x2ab1292c, 0x2a7d2a4c, 0x2b4c2be4, 0x2c182cb7, 0x2cc62c6c, 0x2d5a2df5, 0x2dac2d88, 0x2ee62dba, 0x2e3f2e06, 0x2eba2e75,
    0x2f2b2fed, 0x2f652f48, 0x2fa12f6e, 0x30ee2fd2, 0x304e300a, 0x3081305a, 0x312c31af, 0x319d3159, 0x320932cc, 0x33d8327e, 0x34b73341, 0x3461342e,
    0x354235d4, 0x36ea359f, 0x3699366b, 0x376337f3, 0x381038b5, 0x39c4386c, 0x394a3908, 0x3a113ab4, 0x3bf03a78, 0x3cbb3b44, 0x3d923c17, 0x3d7e3d0a,
    0x3e103ed3, 0x3fc23e69, 0x3fa83f31, 0x403840ed, 0x41f24080, 0x416d4128, 0x42f441ab, 0x42b1424d, 0x447d43fe, 0x446b440f, 0x455445dc, 0x46d2457b,
    0x46c14646, 0x475247fa, 0x48e2479a, 0x486e483f, 0x4926499a, 0x499d495c, 0x4a204adb, 0x4bdb4a78, 0x4c994b26, 0x4c7c4c20, 0x4d774df5, 0x4e5d4eee,
    0x4f014fc5, 0x50c54f64, 0x51b2502e, 0x519a514e, 0x525452e9, 0x533953c3, 0x543554a9, 0x555255c0, 0x567056ed, 0x572f57ea, 0x58e25775, 0x5905594a,
    0x5a415ac1, 0x5b135bc1, 0x5b965b61, 0x5cea5bb2, 0x5c165c00, 0x5d5d5dea, 0x5d935d78, 0x5e595efd, 0x5ffd5ecd, 0x5f7e5f28, 0x5fe05fd4, 0x60f85fec,
    0x605b6004, 0x611361be, 0x617f6173, 0x62d6618b, 0x629f6240, 0x64a063ff, 0x64456439, 0x64a26451, 0x64f264e6, 0x654e65fe, 0x66de659c, 0x67c26650,
    0x6780671b, 0x6898678c, 0x688a6812, 0x68a26896, 0x69ba68ae, 0x69856924, 0x6aef69e0, 0x6a0f6a03, 0x6a696a1b, 0x6b556bcd, 0x6c366cc7, 0x6dfc6c9a,
    0x6ed66d6b, 0x6fe36e60, 0x6f936f40, 0x703870e6, 0x70bb70af, 0x9af670c7, 0xfef00901, 0x10710671, 0x32711a71, 0x7a715671, 0xb8719d71, 0xd071c471,
    0x47720872, 0xcd72a972, 0xe972d972, 0xdf730c73, 0x1874fb73, 0x3f742b74, 0x10758674, 0x3f76ae75, 0x2b774b76, 0x0d788f77, 0x1079ac78, 0xe5798b79,
    0x037b517a, 0x007c6a7b, 0xc27c5e7c, 0xf67cdc7c, 0x2a7d107d, 0xc37d9c7d, 0x187efc7d, 0xe07e4d7e, 0xaf7f227f, 0x0e80f07f, 0x65802c80, 0x9c807280,
    0xcb80bf80, 0x87813481, 0x83821482, 0xc383f682, 0x7685c383, 0x3286e285, 0xa8865e86, 0x7d870687, 0x1588ae87, 0xc0887988, 0x92893e89, 0x128ac489,
    0x7b8a4b8a, 0x1c8bc48a, 0x8a8b4c8b, 0x1c8cb58b, 0xd48c758c, 0x738d1f8d, 0xfd8dac8d, 0x648e218e, 0xb58e9a8e, 0x568ff68e, 0x02908e8f, 0xc6906790,
    0x2691f090, 0xc0918e91, 0x40920e92, 0xe7928092, 0xa1933f93, 0x72940094, 0x5e95e894, 0xf195b195, 0xa2964a96, 0x91971697, 0x1d98cd97, 0xac986698,
    0x2999e798, 0xb3996999, 0x199a0d9a, 0xd79a679a, 0xad9b559b, 0x769cf09b, 0x399dd89c, 0x2c9e979d, 0x989e3d9e, 0x339fe59e, 0xe69f759f, 0xb0a04aa0,
    0xb5a121a1, 0xd2a23ba2, 0xb5a345a3, 0x55a4f8a3, 0xdca4afa4, 0xb8a559a5, 0x35a6cfa5, 0x25a77aa6, 0xeda789a7, 0x83a83da8, 0x06a9c4a8, 0xa3a94ea9,
    0x4aaa0aaa, 0xb3aa64aa, 0x70ab28ab, 0x18acb8ab, 0xb3ac86ac, 0x62ad02ad, 0x8aad76ad, 0xb0ad9cad, 0xd9adc2ad, 0x49aeedad, 0x08afbbae, 0xd1af68af,
    0x50b0fcaf, 0xe6b0a2b0, 0x64b13db1, 0xebb1d5b1, 0xd2b26fb2, 0x0fb3feb2, 0x33b320b3, 0x55b344b3, 0x7bb368b3, 0xa4b38eb3, 0xb4b3acb3, 0xcdb3bcb3,
    0xe0b3d8b3, 0x97b448b4, 0x25b5c4b4, 0xd9b578b5, 0x9eb654b6, 0x66b704b7, 0x43b8cab7, 0xe6b84bb8, 0x9fb933b9, 0x68baefb9, 0x27bbd6ba, 0x2c0d0182,
    0xbb95bb2f, 0xbc5abcfb, 0xbd03bd9d, 0xbd31bd1a, 0xbd5fbd48, 0xbd91bd78, 0xbda9bd9d, 0xbdd7bdc0, 0xbe07beee, 0xbe35be1e, 0xbe65be4c, 0xbe93be7c,
    0xbec1beaa, 0xbff1bed8, 0xbf1fbf08, 0xbf4fbf36, 0xbf7dbf66, 0xbfaabf94, 0xbfd9bfc0, 0xc0febff2, 0xc021c00a, 0xc04ec038, 0xc07dc067, 0xc0aac093,
    0xc0d9c0c3, 0xc107c1f0, 0xc133c11d, 0xc163c14c, 0xc190c17a, 0xc1c0c1a9, 0xc2efc1d8, 0xc21cc205, 0xc397c233, 0xc346c32f, 0xc374c35d, 0xc3a1c38a,
    0xc3cfc3b8, 0xc4fcc3e5, 0xc444c42d, 0xc471c45a, 0xc49fc488, 0xc520c5b6, 0xc5bdc5a6, 0xc6eac5d3, 0xc617c600, 0xc645c62e, 0xc668c65c, 0xc696c67f,
    0xc6bfc6a8, 0xc7edc6d6, 0xc71bc704, 0xc73dc732, 0xc75fc748, 0xc777c76b, 0xc7a5c78e, 0xc7bdc7b1, 0xc7ebc7d4, 0xc803c8f7, 0xc84dc818, 0xc865c859,
    0xc893c87c, 0xc8abc89f, 0xc8d8c8c2, 0xc904c9ed, 0xc931c91a, 0xc961c948, 0xc991c97a, 0xc9b4c9a8, 0xc9d7c9c0, 0xca04caed, 0xca32ca1b, 0xca54ca48,
    0xca6cca60, 0xca8fca78, 0xcab1caa5, 0xcac9cabd, 0xcbeccad5, 0xcb19cb02, 0xcb46cb2f, 0xcb73cb5c, 0xcba3cb8a, 0xcbd5cbbc, 0xcc4cccee, 0xcccaccb3,
    0xcdf8cce1, 0xcd27cd0e, 0xcd55cd3e, 0xcd83cd6c, 0xcdb0cd9a, 0xcddecdc7, 0xce0ccef5, 0xce57ce2f, 0xce81ce6a, 0xceaece98, 0xceddcec4, 0xcf02cff6,
    0xcf25cf0e, 0xcf52cf3c, 0xcf80cf6a, 0xcfadcf96, 0xcfddcfc6, 0xd00bd0f4, 0xd039d022, 0xd069d052, 0xd096d080, 0xd0c6d0af, 0xd1f3d0dc, 0xd16ed157,
    0xd19bd184, 0xd1c8d1b2, 0xd2f4d1de, 0xd276d20b, 0xd2a2d28c, 0xd2d0d2b9, 0xd3f3d2dc, 0xd321d30a, 0xd343d338, 0xd370d359, 0xd392d37c, 0xd3b3d39e,
    0xd3d6d3bf, 0xd4f9d3e2, 0xd427d410, 0xd457d440, 0xd479d463, 0xd4a6d490, 0xd4c8d4b2, 0xd4ead4d4, 0xd50cd5f6, 0xd539d522, 0xd56bd552, 0xd5dfd5c8,
    0xd60dd6f5, 0xd63bd624, 0xd65cd651, 0xd674d668, 0xd68cd680, 0xd6a4d698, 0xd6c8d6c0, 0xd6d8d6d0, 0xd6e8d6e0, 0xd7f8d6f0, 0xd708d700, 0xd718d710,
    0xd728d720, 0xd749d730, 0xd779d762, 0xd7a7d790, 0xd7d8d7bd, 0xd7e8d7e0, 0xd8f8d7f0, 0xd87bd863, 0xd8aad893, 0xd8d8d8c1, 0xd908d9f1, 0xd97cd974,
    0xd99dd995, 0xd9bcd9a5, 0xd9dbd9d3, 0xd9ebd9e3, 0xda0adaf3, 0xda1ada12, 0xda2ada22, 0xda3ada32, 0xda4ada42, 0xda5ada52, 0xda79da71, 0xdad5da81,
    0xdae5dadd, 0xdb15dbfe, 0xdb25db1d, 0xdb46db3e, 0xdb73db5d, 0xdba1db8a, 0xdbcfdbb8, 0xdc01dce8, 0xdc2fdc18, 0xdc3fdc37, 0xdc62dc4b, 0xdc81dc6a,
    0xdca4dc98, 0xdcc7dcb0, 0xddf5dcde, 0xdd14dd0c, 0xdd35dd1c, 0xdd5add4e, 0xdd72dd66, 0xdd8add7e, 0xdd9edd96, 0xddaedda6, 0xdddcddc5, 0xdefbdde4,
    0xde2bde12, 0xde4cde44, 0xde6bde54, 0xde9bde82, 0xdebcdea3, 0xdfeeded5, 0xdf1fdf07, 0xdf4cdf36, 0xdf7edf65, 0xdfb0df97, 0xdfc0dfb8, 0xe0f2dfd9,
    0xe023e00b, 0xe050e03a, 0xe081e069, 0xe0b3e09a, 0xe1e4e0cc, 0xe11ee101, 0xe132e126, 0xe155e13e, 0xe185e16c, 0xe1b6e19d, 0xe1e7e1ce, 0xe218e2ff,
    0xe24be230, 0xe27ee265, 0xe2b0e297, 0xe2e2e2c9, 0xe314e3fb, 0xe348e32d, 0xe36fe363, 0xe392e37b, 0xe3c0e3a9, 0xe4efe3d6, 0xe420e407, 0xe451e438,
    0xe482e469, 0xe4b5e49a, 0xe4e6e4cf, 0xe509e5fd, 0xe521e515, 0xe544e52d, 0xe574e55b, 0xe5a5e58c, 0xe5d6e5bd, 0xe607e6ee, 0xe63ae61f, 0xe66be654,
    0xe699e682, 0xe6c7e6b0, 0xe7f5e6de, 0xe717e70b, 0xe72fe723, 0xe752e73b, 0xe780e769, 0xe7aee797, 0xe7dce7c5, 0xe80ae8f3, 0xe82ce820, 0xe844e838,
    0xe867e850, 0xe895e87e, 0xe8c0e8ab, 0xe8d8e8cc, 0xe8f0e8e4, 0xe908e9fc, 0xe920e914, 0xe988e928, 0xea2beae8, 0xebcfea6b, 0xeb78eb2e, 0xec21ecc8,
    0xec80ec78, 0xec96ec8c, 0xeca6ec9e, 0xecb6ecae, 0xecc6ecbe, 0xecd6ecce, 0xed04eded, 0xed32ed1b, 0xed64ed4b, 0xed96ed7d, 0xedc8edaf, 0xeefaede1,
    0xee2cee13, 0xee5eee45, 0xee76ee6a, 0xee8eee82, 0xeeabee9a, 0xeec3eeb7, 0xeee6eecf, 0xef04eff8, 0xef1cef10, 0xef34ef28, 0xef4cef40, 0xef7aef58,
    0xefa8ef91, 0xefc0efb4, 0xefd8efcc, 0xf0f0efe4, 0xf01ff008, 0xf041f035, 0xf059f04d, 0xf071f065, 0xf089f07d, 0xf0a1f095, 0xf0b9f0ad, 0xf0d1f0c5,
    0xf0e5f0dd, 0xf0f5f0ed, 0xf105f1fd, 0xf115f10d, 0xf125f11d, 0xf135f12d, 0xf145f13d, 0xf166f14d, 0xf196f17e, 0xf1b5f1ad, 0xf1d6f1bd, 0xf2f5f1de,
    0xf213f20b, 0xf223f21b, 0xf242f22b, 0xf252f24a, 0xf262f25a, 0xf272f26a, 0xf382f27a, 0xf35af30d, 0xf3c1f3b9, 0xf3e4f3cd, 0xf402f4fa, 0xf41af40e,
    0xf432f426, 0xf44af43e, 0xf462f456, 0xf47af46e, 0xf492f486, 0xf4aaf49e, 0x030000b6, 0x09e35e8c, 0x00fb0124, 0x03820100, 0x0f023b08, 0x8f02a000,
    0xed048800, 0x7e047700, 0xdc056e00, 0xf9046900, 0x65016500, 0xbc026700, 0xc8028500, 0x72032600, 0x89041c00, 0x92014e00, 0x35021d00, 0x1b022500,
    0x4c039000, 0x2f821200, 0x03827320, 0x0382aa20, 0x03825d20, 0x03825e20, 0x03823520, 0x03829a20, 0x03828420, 0x03824d20, 0x03827020, 0xf001643e,
    0xb1018600, 0x11042900, 0x64044800, 0x2e049800, 0xc7038600, 0x2f074b00, 0x38056a00, 0xfb2c5b82, 0x3505a900, 0x3f057700, 0x8c04a900, 0x6c200382,
    0x73300f82, 0xb4057a00, 0x2d02a900, 0x6a04b700, 0x04053500, 0x4e241782, 0xfc06a900, 0x17821b82, 0x00800525, 0x820c0576, 0x0080220b, 0x34bb826d,
    0x00bf04a8, 0x00c60450, 0x00300531, 0x0017058c, 0x0019071c, 0x3033823d, 0x00ce0439, 0x00ca040f, 0x001f0256, 0x00480392, 0x2e078228, 0x00580309,
    0x009c0340, 0x00790204, 0x825a0439, 0x7d24083f, 0x30048c00, 0x83045c00, 0x3d045f00, 0xc7025d00, 0x7d043c00, 0x68046000, 0xf1018c00, 0xe9018d00,
    0x0e04bfff, 0xf1260782, 0x03079c00, 0x8f828b00, 0x90048c24, 0x23825b00, 0x8c048c26, 0xb5025f00, 0x20203f82, 0x9d360782, 0x69040900, 0xe0038800,
    0x03062100, 0xf7032b00, 0xc9032900, 0x07821600, 0x23825820, 0xf3014024, 0x0782af00, 0x71051324, 0x0b828300, 0x60048b28, 0xa6046900, 0xe7825b00,
    0x3304692c, 0xeb010f00, 0xe8049300, 0x9f825a00, 0x49066532, 0x93035b00, 0xc1039300, 0x6e046600, 0x4a067f00, 0xaa2e1782, 0xfd028e00, 0x46048200,
    0xef026100, 0x03824200, 0x82023e34, 0x88047b00, 0xe9039a00, 0x16024300, 0xfb019300, 0x17827400, 0x037a3808, 0x037a00a3, 0x056600c0, 0x065500dc,
    0x06500035, 0x036f0039, 0x074400c9, 0x04f2ff7a, 0x05590044, 0x04760080, 0x04a600ba, 0x068b00c2, 0x044e00c1, 0x047e00b0, 0x82470091, 0x5b20084b,
    0x95009c04, 0x5f00c704, 0x1d009a05, 0x9b00fa01, 0x9a007304, 0x22004f04, 0x22002902, 0xa2008b05, 0x913a2382, 0x6800a107, 0x61004407, 0xa000fc01,
    0x5d008705, 0xe4ffb902, 0x65007e05, 0xcf829204, 0x00903e08, 0x00f3048c, 0xff030288, 0x003704b4, 0x00c40362, 0x008d03a9, 0x00ab038d, 0x006a038e,
    0x00f10181, 0x00ad028d, 0x002a0279, 0x00c60332, 0x00fc027b, 0x005a025e, 0xfc00007e, 0xfd0000a7, 0x059f506f, 0x825efd21, 0x82272007, 0x02382c0f,
    0x04b7000d, 0x0271000b, 0x82930017, 0x05b12c8b, 0x051f00a4, 0x05670071, 0x8232003e, 0x057824b3, 0x82b200b5, 0x05453807, 0x054d00bb, 0x055a0089,
    0x04710052, 0x04640085, 0x04a000bd, 0x822e0002, 0x046028af, 0x04630050, 0x826d0025, 0x04912e0b, 0x027a008e, 0x04c30097, 0x0325006e, 0x22b382ec,
    0x842900c4, 0x824d2017, 0x884a080b, 0x2c046000, 0x5d045100, 0xa3058f00, 0x9a055700, 0x97065f00, 0xa1047a00, 0x42047900, 0x4806daff, 0xff054a00,
    0x64052a00, 0x91087b00, 0xa4083100, 0x8206b100, 0xb4053e00, 0x0b05b000, 0x0406a200, 0x43073200, 0xbf041b00, 0x13825000, 0x05b12808, 0x052f00a9,
    0x064d0007, 0x0553002c, 0x05af00d9, 0x0796007a, 0x07b00087, 0x06b000c0, 0x06100012, 0x05b200eb, 0x82a30005, 0x9326084f, 0xb7002707, 0x59001805,
    0x61006c04, 0x9d009204, 0x9a005b03, 0x2e00d404, 0x15002006, 0x58001004, 0x9c009e04, 0x03825204, 0x2c00a028, 0x9d00ef05, 0x0b829d04, 0x03251382,
    0x052800d8, 0x32ef84cd, 0x0059049c, 0x00780667, 0x009e069c, 0x00f70491, 0x8236061e, 0x82582027, 0x004d2403, 0x82870664, 0x00642807, 0xff68042f,
    0x824d04e8, 0x00c92427, 0x82e40627, 0xff892343, 0x478204fd, 0x82080721, 0x002b2837, 0xff560481, 0x822b07dc, 0xf83a088b, 0xd2049900, 0x46042800,
    0x0b070f00, 0x0b06c900, 0xd106bc00, 0xe1059300, 0x04099600, 0xd107b600, 0x23049b00, 0xdb035000, 0x71054c00, 0x8b046700, 0x0a055b00, 0x03041600,
    0x0f842e00, 0x5b008824, 0x53820107, 0x7e002422, 0x05255b87, 0x04750032, 0x26ab8247, 0x007400fd, 0x8267fc00, 0x00712403, 0x8266fd00, 0x00a42403,
    0x821bfa00, 0x062c2603, 0x04b10009, 0x829782ed, 0x1b052d87, 0x8904a800, 0x63048c00, 0x9003a200, 0xdb20d382, 0x5c081b82, 0x07910005, 0x061b00a2,
    0x05150061, 0x04b2009a, 0x059c00b8, 0x04a30009, 0x069a007e, 0x0544008c, 0x053e0083, 0x04a900ff, 0x079c00d9, 0x05a800cf, 0x089100b4, 0x06b00031,
    0x059100f4, 0x047100ee, 0x056d00d3, 0x04390018, 0x0729002a, 0x0534002c, 0x051f005c, 0x049600bc, 0x05670096, 0x2207826f, 0x8283006a, 0x06892807,
    0x043f002f, 0x84deffbd, 0x005a2c5b, 0x00fe059a, 0x00ef042f, 0x82b2052c, 0x00882483, 0x82120691, 0x82ec2063, 0x004f2e63, 0x003e06a9, 0x0087059d,
    0x00a8045d, 0x2a038268, 0x00b70469, 0x00ab033a, 0x822e053b, 0x40280867, 0xf6042900, 0x94065700, 0xe4065900, 0x56066400, 0x2b053600, 0x49043100,
    0x07045200, 0xc1077900, 0x75064400, 0xfb073f00, 0xa1224782, 0x2b829000, 0x1d047632, 0xad056500, 0x20052300, 0x64054600, 0x02069600, 0xf22e7b82,
    0x20032c00, 0x14046f00, 0x29080000, 0x07870000, 0x00b90229, 0x000a0200, 0x825c0100, 0x007f2413, 0x82300200, 0x82a2200b, 0x82002003, 0x82d12000,
    0x23028203, 0x25003402, 0x052f0383, 0x06a20040, 0x0390003f, 0x010d00a5, 0x82600099, 0x01302403, 0x82240097, 0x4f2c0807, 0x6800d402, 0x3c00db02,
    0x2400c102, 0x46006904, 0x57008f04, 0x8a00b202, 0x9400c403, 0x94005a05, 0x52007e01, 0x4400aa07, 0x6c006602, 0x593e0382, 0x3b00a303, 0x3600ef02,
    0x7a006003, 0x5b00a604, 0x1f005506, 0xa7009006, 0xa8007608, 0x0b82eb05, 0x002b3e08, 0x007e048c, 0x00da055f, 0x0022041f, 0x0074042a, 0x00480520,
    0x004f055d, 0x00e7051f, 0x00ce037a, 0x003a0868, 0x000105a2, 0x00170567, 0x00260698, 0x00d70654, 0x00cf0664, 0x006a0663, 0x307f8259, 0x008e056a,
    0x00af04a9, 0x00920445, 0x00c504a8, 0x082f823f, 0x0c02622a, 0x8204b0ff, 0x64046500, 0x11049800, 0x2f043e00, 0x08048500, 0x4c022b00, 0x8f02b500,
    0x03026e00, 0xf3045c00, 0x6e043c00, 0x8b247782, 0xd4063c00, 0x04210385, 0x230782ee, 0x005f009b, 0x08270082, 0x085b0033, 0x455c0035, 0x7a200647,
    0x50240782, 0x55000f04, 0x60200382, 0x42240382, 0x72000e04, 0x80200782, 0x30200382, 0x4e200382, 0x98200386, 0x26080782, 0x00230463, 0x002b0447,
    0x0054040d, 0x00150626, 0x00670431, 0x007c0414, 0x00260474, 0x00200428, 0x004a0443, 0x82bb048a, 0x845c20bf, 0x04602a07, 0x068a00e3, 0x038a0002,
    0x200f82b4, 0x26078254, 0x012b00cf, 0x839700e8, 0xac042517, 0xcb036300, 0x37831782, 0x30003328, 0x0d00a103, 0x0f82af03, 0xbb225383, 0x5b836000,
    0x82890321, 0x82ce20e3, 0x00ef2837, 0x0067053f, 0x82170560, 0x00f22617, 0x00720575, 0x2a778226, 0x00410760, 0x004f0727, 0x8274058a, 0x82cd207f,
    0x8259203b, 0x0024240b, 0x820b062e, 0x823f20ff, 0x82ec20ab, 0x004e2c13, 0x00c1048b, 0x001f0427, 0x82280522, 0x006a240f, 0x8251063d, 0x82ac2097,
    0x001d242b, 0x84f10508, 0x048a2623, 0x064b007b, 0x280b8276, 0x04500087, 0x060b0011, 0x24438247, 0x058b0079, 0x24038209, 0x05230037, 0x207b82c2,
    0x20fb825f, 0x20fb82a8, 0x827f8261, 0x6a042147, 0xc3274382, 0xca040200, 0x83045e00, 0x83b7836f, 0x00e324cb, 0x82220842, 0x00ab264b, 0x00ef0228,
    0x2003823e, 0x20038236, 0x2003825b, 0x20038256, 0x2003823a, 0x2a03824f, 0x00960349, 0x00b5028f, 0x82e6039e, 0x003a342b, 0x00c3041e, 0x004c0564,
    0x002405b1, 0x001304b2, 0x823d0592, 0x000f2407, 0x82800492, 0x827c201f, 0x8250207f, 0x00853c07, 0x00fd0113, 0x00a4039f, 0xfc000081, 0x00ef03a4,
    0xfff3036e, 0x000e045e, 0x82f40369, 0x00af2a03, 0x009f038a, 0x009e0381, 0x20638281, 0x257b9750, 0x7e008105, 0x0382ae05, 0xb2009324, 0x0782e005,
    0x7e00e33a, 0xa000d503, 0x83008204, 0x0f005804, 0x3e00cf04, 0x65006b04, 0x4a002e04, 0x83266b82, 0x67009101, 0x8382a406, 0x8200b92a, 0xb6fffc01,
    0x3b007f04, 0x73200382, 0x23200382, 0x77200382, 0x76200382, 0x37200382, 0x7e200382, 0x5f200382, 0x70200382, 0xf4300382, 0xb4ff0602, 0xb4ff0402,
    0x9b00fb01, 0xfafffb01, 0x04200783, 0x0525c782, 0x04780000, 0x2c438220, 0x048c007d, 0x045c0032, 0x045b0093, 0x2403828c, 0x045a009e, 0x2013828d,
    0x380b829c, 0x045d003d, 0x0360007d, 0x04570079, 0x036700d6, 0x060000b4, 0x03090039, 0x085f42f8, 0xe3043024, 0x53828a00, 0x35020028, 0x5d052500,
    0x03830700, 0xff86042f, 0x00c604e2, 0xff9d0231, 0x003805f4, 0x2203981c, 0x82770035, 0x057b4973, 0x84008c21, 0x2d022707, 0x2d02e0ff, 0x0782b000,
    0x0382e920, 0x4905d521, 0x80230773, 0x8b057600, 0x00302303, 0x038a058c, 0x00ce0427, 0x005a040f, 0x2003986d, 0x83e38230, 0x27038acf, 0xc6fffa01,
    0x9600fa01, 0xcf200782, 0xbb200382, 0x20085f49, 0x8bfb8290, 0x00692303, 0x038a0488, 0x00c90323, 0x83038316, 0x906f83d7, 0x82d78307, 0x9705206f,
    0x003f2607, 0x001905a9, 0x83fb845f, 0x9afb838f, 0x73052707, 0x7d047a00, 0x07986000, 0xa900b42a, 0x8c006804, 0xb7ff2d02, 0x9d20c782, 0xcc200782,
    0xb2200782, 0xec200782, 0xd2280782, 0x18002d02, 0xfbfff101, 0xa9280782, 0xb7009706, 0x8d00da03, 0x3526eb82, 0xb4ff0302, 0x3b820405, 0x0f820e20,
    0xa1004e2a, 0x9300f101, 0xa9004e04, 0x57200782, 0x02230783, 0x849c0087, 0x00cd2307, 0x6383059c, 0x8c006a22, 0x042b078f, 0x05bcff6a, 0x04760080,
    0x8f5b0090, 0xed042707, 0xb502a800, 0x07868c00, 0x07865320, 0xbf046326, 0x20045000, 0x079fff82, 0x3100c626, 0x09009d02, 0x86054b42, 0x00c52407,
    0x82300509, 0x00692253, 0x2f07a788, 0x3d001907, 0x2b000306, 0x0f00ce04, 0x1600c903, 0x04270783, 0x035600ca, 0x8f5800f7, 0x7a072707, 0xc106f2ff,
    0xcb844e00, 0x5b008826, 0xbeff8004, 0x26260384, 0x85042800, 0x03981300, 0x60007c26, 0x8a00e603, 0x0127038b, 0x01beffe8, 0x828e00e8, 0x82c72007,
    0x04b32203, 0x063743e3, 0x6000bb23, 0x23038b04, 0x0474007c, 0x2b22038b, 0x678c0d00, 0x1f825b82, 0x03886020, 0x678d8020, 0x04237387, 0x8c6300ac,
    0x826f8203, 0x82952077, 0x82aa2003, 0x82ca2003, 0x8206208b, 0x03882603, 0x042b00cf, 0x24438254, 0x038200b4, 0x200784b4, 0x8407838a, 0x9033829f,
    0x824a20a7, 0x230387b7, 0x04430020, 0x2623038b, 0x87042800, 0x86c78f03, 0x1506240f, 0x83043100, 0x230383d3, 0x04470023, 0x053f0386, 0x041c0038,
    0x0529ff8c, 0x0237ffb4, 0x053dff2d, 0x05e6ff94, 0x0514ff32, 0x02e9ff66, 0x849bff97, 0x44fb201f, 0x04240517, 0x055600ca, 0x2106974d, 0x8f4d0405,
    0xc6042111, 0xce226382, 0x1b820f00, 0x4b823920, 0x8204d521, 0x85043b0b, 0x50046400, 0x88046300, 0x97029100, 0x5d04c300, 0x73048f00, 0x90049a00,
    0x13825b00, 0xe0039a28, 0xf7032100, 0x6b822900, 0x1b84e520, 0x23821783, 0x00970625, 0x828c047a, 0x00732a77, 0x00bf04b1, 0x002d0250, 0x265384b7,
    0x0535006a, 0x82b20024, 0x05a92463, 0x884d0007, 0x8227839f, 0x209f822f, 0x0c274eb1, 0x2b82b520, 0x634e0c20, 0x829f8305, 0x05f74d37, 0x5d003d26,
    0x9c009e04, 0x2308cb4d, 0x035c0030, 0x2105af4d, 0x1b820429, 0x825b0321, 0x002032a3, 0x00f1015f, 0xfffa018d, 0xffe901bb, 0x005204bf, 0x4223839c,
    0x078f07cb, 0x3307db42, 0x67006501, 0x88008f02, 0xa0001e04, 0xb4ff0302, 0x30009901, 0x07239383, 0x848b0003, 0x005a22af, 0x83db836d, 0x836b83ab,
    0x89052787, 0x9a055a00, 0x434b5f00, 0xfbff2905, 0x5b005908, 0x76004909, 0x0423fb83, 0x44580010, 0x638307c7, 0x0002042f, 0x002d022e, 0x004307b7,
    0x0020061b, 0x440b8315, 0x43430fff, 0x83678307, 0x87052163, 0x3723ef82, 0x82046200, 0x88378703, 0x00b4225b, 0x878384b1, 0x074b4407, 0xd74b7120,
    0x2e078706, 0x04930064, 0x0564004d, 0x034d0007, 0x901600c9, 0x007a3007, 0x00590496, 0x00eb0667, 0x003606b2, 0x8283049d, 0x003822cf, 0x149f451c,
    0xff211784, 0xafb78fca, 0x21bf450f, 0x04f0ff25, 0x97baff3d, 0x2d022727, 0xfa01b700, 0x07829b00, 0xf101a324, 0x3f458500, 0x240f8a0f, 0xff900447,
    0x4e1f98c4, 0x079f07ff, 0x4f0f3745, 0x0520062f, 0x3745079e, 0x4503200b, 0x0784063f, 0x5f00a12b, 0x3100c604, 0x2800d803, 0x067f4105, 0x00730427,
    0x005b03b1, 0x07c34c9a, 0x00680427, 0xff05058c, 0x820383d4, 0x03032c1b, 0x05fcff5b, 0x04f7ff38, 0x42bfff27, 0x0533074f, 0x03390004, 0x042900f7,
    0x04630050, 0x0612006c, 0x5190003f, 0x922a10db, 0xa6049800, 0x92048400, 0x07826400, 0x0b478720, 0x07974608, 0x1c003828, 0x39005a04, 0x93828c04,
    0x29003d2a, 0x0aff2d02, 0xf0fefa01, 0x28063341, 0x00ed0433, 0xffb50255, 0x0633468b, 0xa6042b2a, 0xfb04d6fe, 0x7d04a900, 0x3f209f82, 0x83230782,
    0x87055f00, 0x064f4707, 0x47071b47, 0xa9240a23, 0x8600f101, 0x87084f43, 0x0080247b, 0x850c0576, 0x06e3464b, 0xe3468220, 0x06c34608, 0x05277783,
    0x031c0017, 0x872100e0, 0x08974607, 0x3f068b46, 0x32fec605, 0x13008504, 0x63ff2204, 0x80ff1f05, 0x84ff2402, 0xd5ffc504, 0x1bff6704, 0xeefffc04,
    0x50201b84, 0x2d05fb45, 0x47002304, 0x8a00e304, 0x9700e801, 0xe74b5404, 0x08b74505, 0x8a005c28, 0x28002604, 0x2b4c2b04, 0xe8012305, 0x0b83b3ff,
    0x82e60321, 0x4baf203b, 0x378305f3, 0x0b461783, 0x1f042307, 0x5f882200, 0x2b832382, 0x8eec0421, 0x82ce2057, 0x225b833b, 0x8460007c, 0x0054245f,
    0x853f0426, 0x83042087, 0x236f8213, 0x0200c305, 0x4f833783, 0x0067052d, 0x00b70560, 0x00390697, 0x82bb0409, 0x00202633, 0x00150643, 0x83038731,
    0x0b934493, 0x003d0423, 0x8383835d, 0x0134087b, 0x008500fa, 0x00000001, 0x0262010a, 0x44040092, 0x01544c46, 0x7279632a, 0x672a016c, 0x016b6572,
    0x74616c2a, 0x001a006e, 0x410700e4, 0x0020455a, 0x545243b8, 0x46340582, 0x00204152, 0x4c4f4d8a, 0x4e5c0020, 0x00205641, 0x4d4f522e, 0x54220b82,
    0x1d824b52, 0xff000025, 0x821400ff, 0x00013c55, 0x00030002, 0x00060004, 0x000b0008, 0x000d000c, 0x000f000e, 0x00110010, 0x82130012, 0x00152421,
    0x94170016, 0xac0a202d, 0x9c09202d, 0x8a13202d, 0x82052089, 0x8b879b89, 0x9a07202b, 0x8204202b, 0x20e58353, 0x205b8a12, 0x3e859808, 0x73326318,
    0x632a0163, 0x01706d63, 0x696c6422, 0x641c0167, 0x016d6f6e, 0x61726616, 0x820c0163, 0x01612210, 0x21058306, 0x0584fa00, 0x6e6cf22c, 0xec006d75,
    0x6c636f6c, 0x0584e600, 0x0584e020, 0x1682da20, 0xd4007223, 0x2206826f, 0x8370ce00, 0x73c82c05, 0x0070636d, 0x307373c2, 0x82bc0031, 0x00322205,
    0x220582b6, 0x82b00033, 0x00342205, 0x220582aa, 0x82a40035, 0x00362205, 0x2305829e, 0x74980037, 0x92203583, 0xa141b584, 0x84112005, 0x8410200b,
    0x840f2005, 0x840e2005, 0x840d2005, 0x840c2005, 0x840b2005, 0x84012005, 0x05214105, 0x1920f785, 0x06201184, 0x05200584, 0x07200584, 0x15200584,
    0x02240582, 0x09000800, 0x04200782, 0x0b850784, 0x11840120, 0x16000325, 0x85001700, 0x8418203b, 0x840a202f, 0x0002222f, 0x83078204, 0x1a350865,
    0x460b040f, 0x6a0a940a, 0xb003c603, 0x72038603, 0x24034803, 0xd402e802, 0xac02c002, 0x80029202, 0x20023e02, 0x8801ce01, 0xc8002601, 0x7a00b400,
    0x36005800, 0x20398300, 0x266d8201, 0x00560002, 0x823e020a, 0x00732e15, 0x023f0274, 0x02410240, 0x02430242, 0x37218a44, 0x010a0034, 0x01c601c7,
    0x021f02c5, 0x02210220, 0x02230222, 0x00250224, 0x0822cb85, 0x2b820300, 0x03821c20, 0x91861220, 0x02001828, 0x14000100, 0x0f821d00, 0x0300022e,
    0x94019401, 0xc5010000, 0x0100c701, 0x25224182, 0x5b880400, 0x06000126, 0x01008101, 0x13200182, 0x24081388, 0x002e0002, 0x04910414, 0x04700292,
    0x048e048d, 0x0290048f, 0x00930466, 0x00190017, 0x00160018, 0x0014001b, 0x265b821a, 0x0415001c, 0x82020094, 0x821a2085, 0x0000220f, 0x3701821c,
    0x024a0201, 0x0202004f, 0x00530253, 0x02550208, 0x0209005e, 0x00650265, 0x02275d8e, 0x025d025b, 0x8258025e, 0x02572821, 0x02590256, 0x825a025c,
    0x05614357, 0x67821820, 0x4b821a20, 0x67821d20, 0x0b82c583, 0x4b285582, 0x4d024c02, 0x4f024e02, 0x65225b82, 0x9b896602, 0x0421a983, 0x41898293,
    0x2e200951, 0x9420bf82, 0xbf82218b, 0x93049222, 0x4e204182, 0x4b204382, 0x65224382, 0xa1821a00, 0x4a021c22, 0x0220bf82, 0x84052941, 0x410a20ad,
    0x02210d05, 0x20a58a5a, 0x20a7825b, 0x20a9825d, 0x828d894f, 0x831c20f7, 0x2045828f, 0x2c458604, 0x00660266, 0x0270020a, 0x040b0070, 0x2095828d,
    0x28518a0c, 0x0203000c, 0x026f026e, 0x2613826f, 0x00490003, 0x8a6a024b, 0x001e3a1d, 0x0245020c, 0x02460247, 0x02490248, 0x02680267, 0x026a0269,
    0x026c026b, 0x3825826d, 0x0027000c, 0x002b0028, 0x00350033, 0x00470046, 0x004b0048, 0x00540053, 0x26418a55, 0x0202001c, 0x8a2f022e, 0x820a2011,
    0x022c2211, 0x2411822d, 0x002f0002, 0x0cf7414f, 0x0d82f520, 0x89420120, 0x0001240a, 0x846f0106, 0x8cbb2013, 0x84de2027, 0x004b2813, 0x00000004,
    0x82080001, 0x002a2803, 0x00200003, 0x820c0016, 0x0104220b, 0x20fd82c0, 0x20098458, 0x200988c1, 0x200982bb, 0x24e5844a, 0x0057004a, 0x203b8a95,
    0x20438440, 0x223b8202, 0x82bd0106, 0x01502225, 0x224d82bf, 0x8a50004a, 0x8a1c2023, 0x82bc2023, 0x014d2223, 0x202384be, 0x8389844d, 0x20898757,
    0x22118406, 0x887b0101, 0x00022fb1, 0x05060012, 0x05080507, 0x050a0509, 0xa383050b, 0xba02062b, 0xcc02bb02, 0x4f03cd02, 0x89a98303, 0x8202203d,
    0x03022437, 0x89090308, 0x0675087d, 0x06360032, 0x05f60500, 0x05da05ec, 0x059605a8, 0x055a058c, 0x05260540, 0x04ea0414, 0x04a404ae, 0x04680482,
    0x041a0456, 0x03ee0308, 0x03b203c4, 0x03760380, 0x035a036c, 0x031e0328, 0x020a0314, 0x02d602f0, 0x029a02c4, 0x025e0268, 0x0222023c, 0x01de0110,
    0x01b201cc, 0x01760188, 0x0162016c, 0x014e0158, 0x00fa0024, 0x00a600d0, 0x0072007c, 0x04040001, 0x28e582a5, 0x000500a9, 0x001e0024, 0x22c18218,
    0x826d040c, 0x04aa2211, 0x2205826b, 0x826904ab, 0x04a82205, 0x2205826f, 0x906704ad, 0x846c2029, 0x846a2029, 0x84682029, 0x846e2029, 0x90662029,
    0x845f2029, 0x845d2029, 0x845b2029, 0x84612029, 0x90592029, 0x845e2029, 0x845c2029, 0x845a2029, 0x84602029, 0x90582029, 0x829e2029, 0x02ac2211,
    0x202f84db, 0x22058247, 0x82a602ab, 0x02a82205, 0x822984a7, 0x2e0321db, 0x2c200988, 0x2d200988, 0x2b200988, 0x02260984, 0x06000c00, 0x0b82c904,
    0x2603ad22, 0x75206390, 0x73205d84, 0x03218d83, 0x208d84da, 0x22058271, 0x84b402ad, 0x00032829, 0x000e0014, 0x84d40308, 0x84c72019, 0x8ad62043,
    0x84c32055, 0x82c5203d, 0x00ad2a05, 0x002c0006, 0x00200026, 0x2133831a, 0x1382a404, 0x1503ac22, 0x65201f84, 0xb020bb84, 0x63204384, 0xb1205d84,
    0xc020438a, 0x0f255584, 0xba010200, 0x216f8600, 0x1384be04, 0x13830b20, 0x84050321, 0x00042a2b, 0x0016001c, 0x040a0010, 0x220f82a2, 0x84bc04ac,
    0x83012021, 0xff022121, 0x01242184, 0xba040400, 0x898d0984, 0x1382a020, 0xae02ac22, 0x4d208984, 0xab208984, 0x4b208984, 0xac208984, 0x210f1141,
    0x2984aa02, 0x23849820, 0x2384b720, 0x6584f420, 0xb38af220, 0x7d84b520, 0x2341e120, 0xb304210b, 0xec202b84, 0xea202b84, 0xb120198c, 0xe8201984,
    0x04211983, 0x20ab88af, 0x21098249, 0xb58300ad, 0x0988ad20, 0xbf929620, 0xef849c20, 0x95843b20, 0xbf843920, 0x9b84a220, 0x05823720, 0xa302ad22,
    0xa920958a, 0xad220b82, 0x6783ab04, 0x02215783, 0x206b88bd, 0x12a141a7, 0x13829a20, 0x9d02ac22, 0x21205784, 0x11835784, 0x1f04a822, 0x9b205784,
    0xc820578a, 0x2520ed84, 0x210f2941, 0x3b847404, 0x05827220, 0xd903ab22, 0x70209384, 0x99203b84, 0x200c3b42, 0x201984d3, 0x204384c6, 0x20558ad5,
    0x203d84c2, 0x289984c4, 0x00340007, 0x0028002e, 0x05e54122, 0xd5830420, 0x1403ac22, 0x64202184, 0x95209b84, 0x62204584, 0x96205f84, 0xa9280582,
    0x0300c104, 0xa900aa00, 0x0c240b82, 0xbf040600, 0x0e205f84, 0x200c4542, 0x201384bd, 0x2113830a, 0x45420403, 0x82a1200e, 0x04ac220f, 0x202184bb,
    0x21218300, 0x2d41fe02, 0x84b92008, 0x20938f09, 0x2215829f, 0x849302ac, 0x844c2093, 0x84902093, 0x844a2093, 0x84912093, 0x86b82093, 0x0a6d4493,
    0x848f0221, 0x84972031, 0x84b6202b, 0x84f3202b, 0x41f1206f, 0xb4200a0b, 0xe0208784, 0x200c3542, 0x202b84b2, 0x202b84eb, 0x20198ce9, 0x201984b0,
    0x211983e7, 0x3142ae04, 0x849d2012, 0x84da20a9, 0x84462077, 0x848b20a9, 0x8448207d, 0x888c2037, 0x82ac20e7, 0x41ad2009, 0x0221053f, 0x204d84d6,
    0x204d9295, 0x2213829b, 0x843a04ac, 0x8438204d, 0x8487204d, 0x8436204d, 0x8a88204d, 0x82a820c5, 0x04ad220b, 0x087f42aa, 0x6988bc20, 0x7f42a620,
    0x84992012, 0x848220a5, 0x84202057, 0x847f2057, 0x841e2057, 0x84802057, 0x0240083b, 0x25001100, 0x00002900, 0x2d002b00, 0x2f000500, 0x08003400,
    0x3b003600, 0x3d000e00, 0x14003e00, 0x49004500, 0x4b001600, 0x1b004d00, 0x54004f00, 0x56001e00, 0x24005b00, 0x5e005d00, 0x81002a00, 0x2c220182,
    0x01828300, 0x86002d22, 0x2e220182, 0x01828900, 0x8d002f22, 0x30280182, 0x9b009800, 0xd0003100, 0x35200182, 0x2b0de346, 0x5f026102, 0x63026202,
    0x0d056002, 0x06201982, 0x4e2a5d82, 0xce03e102, 0x4904d003, 0x8d820600, 0x8a000628, 0x5a007200, 0x63824200, 0x03001222, 0x01241182, 0x01001200,
    0x01201582, 0x03200b82, 0x01200982, 0x17892982, 0x5f847220, 0x03211784, 0x202f8ad0, 0x20178a5a, 0x20178ace, 0x21178942, 0x178ae102, 0x17892a20,
    0x864e0021, 0x82222017, 0x207b8313, 0x2e0f8200, 0x00020002, 0x00ac00a8, 0x01240100, 0x82050027, 0x82012019, 0x820120bb, 0x01da0993, 0x02000800,
    0xeb00dc01, 0x33027102, 0x31023202, 0x28023002, 0xe501e601, 0xe301e401, 0xe101e201, 0xdf01e001, 0xdd01de01, 0xdb01dc01, 0xd901da01, 0xd701d801,
    0xd501d601, 0xd301d401, 0x6402d201, 0x30037302, 0x74027502, 0xe3012f03, 0x77027202, 0xd2045202, 0xea01d304, 0xd404eb01, 0xd604d504, 0xd704ec01,
    0xee01ed01, 0xdc04ef01, 0xf001f001, 0xde04dd04, 0xf201f101, 0xfa01f301, 0xec04eb04, 0xfc01fb01, 0xfe01fd01, 0x0002ff01, 0xf004ef04, 0xf504f204,
    0x0202fe04, 0x04020302, 0x06020502, 0x08020702, 0x0a020902, 0xf4010b02, 0xf601f501, 0xf801f701, 0x3b02f901, 0x0e020d02, 0x10020f02, 0x1102f804,
    0x14021302, 0x17021502, 0x76021902, 0x32033103, 0x34033303, 0x36033503, 0x38033703, 0x3a033903, 0x3c033b03, 0x3e033d03, 0x40033f03, 0x42034103,
    0x44034303, 0x46034503, 0x48034703, 0x4a034903, 0x4c034b03, 0x4d038203, 0x4f034e03, 0x51035003, 0x53035203, 0x55035403, 0x57035603, 0x59035803,
    0x5b035a03, 0x5d035c03, 0x5f035e03, 0x61036003, 0xff046203, 0x65036403, 0x67036603, 0x69036803, 0x6b036a03, 0x6d036c03, 0x6f036e03, 0x71037003,
    0x73037203, 0x75037403, 0x76030205, 0x79037703, 0x7a037803, 0x7c037b03, 0x7e037d03, 0x80037f03, 0x83038103, 0x85038403, 0x01050005, 0xcc04cb04,
    0xce04cd04, 0xdb04d804, 0xda04d904, 0xe004df04, 0xcf04e104, 0xd104d004, 0xed04ea04, 0xf104ee04, 0xf404f304, 0xf6040102, 0xe304e204, 0xe504e404,
    0xe704e604, 0xe904e804, 0x04050305, 0x06050505, 0xf904f704, 0x1802fa04, 0x1a02fc04, 0xfb04fd04, 0x0c021602, 0x89491202, 0x00eb2406, 0x4a45000a,
    0x493206bf, 0x4b004a00, 0x4d004c00, 0x4f004e00, 0x51005000, 0xd14a5200, 0x563a0806, 0x58005700, 0x5a005900, 0x5c005b00, 0x5e005d00, 0x86008500,
    0x89008700, 0x8b008a00, 0x90008d00, 0x94009200, 0xbc00bb00, 0xbe00bd00, 0xc000bf00, 0xc200c100, 0xc400c300, 0xcd6fc500, 0xcd002b0d, 0xea00ce00,
    0xec00eb00, 0x7b6fed00, 0x6f002005, 0x44080679, 0xf600f500, 0xf800f700, 0xfa00f900, 0xfc00fb00, 0xfe00fd00, 0x0001ff00, 0x02010101, 0x04010301,
    0x06010501, 0x30010701, 0x36013401, 0x3a013801, 0x42013c01, 0x46014401, 0x4d014a01, 0x7c025a01, 0x9a027e02, 0x08117102, 0x02a00233, 0x02a202a1,
    0x02a402a3, 0x02a602a5, 0x02a802a7, 0x0b2171a9, 0x02b00222, 0x08061d71, 0x02b50277, 0x02b902b7, 0x02bd02bb, 0x02c102bf, 0x02c502c3, 0x02c902c7,
    0x02cd02cb, 0x02d102cf, 0x02d502d3, 0x02d902d7, 0x02dd02db, 0x02e102df, 0x02e602e4, 0x02ea02e8, 0x02ee02ec, 0x02f202f0, 0x02f602f4, 0x02fb02f9,
    0x03ff02fd, 0x03030301, 0x03070305, 0x030b0309, 0x030f030d, 0x03130311, 0x03170315, 0x031b0319, 0x031f031d, 0x03230321, 0x03280326, 0x032c032a,
    0x08fb702e, 0x03a35308, 0x03a503a4, 0x03a703a6, 0x03a903a8, 0x03ab03aa, 0x03c303ac, 0x03c503c4, 0x03c703c6, 0x03c903c8, 0x03cb03ca, 0x03cd03cc,
    0x03cf03ce, 0x03d103d0, 0x03d403d2, 0x03d803d6, 0x03ef03da, 0x04f303f1, 0x04080401, 0x0414040e, 0x047f047e, 0x05870483, 0x354d0508, 0xfa013b0a,
    0xe701fa00, 0xd1017102, 0xcf01d001, 0xcd01ce01, 0xcb01cc01, 0xc901ca01, 0xd343c801, 0xe8012b33, 0x7302e901, 0x74027502, 0xd1437602, 0xea012505,
    0xec01eb01, 0x2105c543, 0xbd43f001, 0x0a8d4306, 0x43fa0121, 0x022307c5, 0x43010200, 0xb14315bd, 0x02163214, 0x02180217, 0x021b0219, 0x021e021c,
    0x032f031d, 0x38bf4330, 0x212abd43, 0xbf436303, 0x43822040, 0xb34312c1, 0x04d22205, 0x05f944d3, 0x04d7042f, 0x04d904d8, 0x04db04da, 0x04dd04dc,
    0x06d943de, 0x3f0ac343, 0xe804ff01, 0xea04e904, 0xec04eb04, 0xee04ed04, 0xf004ef04, 0xf204f104, 0xf404f304, 0xf604f504, 0x430ddf43, 0xdb4308dd,
    0x00fa2409, 0x530a0008, 0xc1080827, 0x00190018, 0x001b001a, 0x001d001c, 0x00260025, 0x00280027, 0x002a0029, 0x002c002b, 0x002e002d, 0x0030002f,
    0x00320031, 0x00340033, 0x00360035, 0x00380037, 0x003a0039, 0x003c003b, 0x003e003d, 0x00670065, 0x00830081, 0x008c0084, 0x0091008f, 0x00b10093,
    0x00b300b2, 0x00b500b4, 0x00b700b6, 0x00b900b8, 0x00d200ba, 0x00d400d3, 0x00d600d5, 0x00d800d7, 0x00da00d9, 0x00dc00db, 0x00de00dd, 0x00e000df,
    0x00e200e1, 0x00e400e3, 0x00e600e5, 0x00e800e7, 0x012f01e9, 0x01350133, 0x01390137, 0x0141013b, 0x01450143, 0x014b0149, 0x0158014c, 0x01970159,
    0x01a2019d, 0x027a02a5, 0x027d027b, 0x1d75027f, 0x85023408, 0x87028602, 0x89028802, 0x8b028a02, 0x8d028c02, 0x75028e02, 0x02210a2d, 0x07297595,
    0xb602ac08, 0xba02b802, 0xbe02bc02, 0xc202c002, 0xc602c402, 0xca02c802, 0xce02cc02, 0xd202d002, 0xd602d402, 0xda02d802, 0xde02dc02, 0xe202e002,
    0xe502e302, 0xe902e702, 0xed02eb02, 0xf102ef02, 0xf502f302, 0xfa02f802, 0xfe02fc02, 0x02030003, 0x06030403, 0x0a030803, 0x0e030c03, 0x12031003,
    0x16031403, 0x1a031803, 0x1e031c03, 0x22032003, 0x25032403, 0x29032703, 0x2d032b03, 0x87038603, 0x89038803, 0x8b038a03, 0x8e038c03, 0x90038f03,
    0x92039103, 0x94039303, 0x96039503, 0x98039703, 0x9a039903, 0x9c039b03, 0xad039d03, 0x7403ae03, 0x032f06d9, 0x03b403b3, 0x03b603b5, 0x03b803b7,
    0x74ba03b9, 0x29080dc3, 0xd303c203, 0xd703d503, 0xee03d903, 0xf203f003, 0x0d040704, 0x7d041304, 0x86048204, 0x09050705, 0x00000100, 0x32000a00,
    0x8f554c00, 0x1a002d05, 0x6c727963, 0x72671a00, 0x1a006b65, 0x20068f55, 0x067f5404, 0x00000232, 0x02000100, 0x70737063, 0x656b1400, 0x0e006e72,
    0xfb471184, 0x00002905, 0x00765b02, 0x00020006, 0x21210982, 0x2e558262, 0x000c0b02, 0x18000004, 0x00ac0e9c, 0x82250026, 0x20028917, 0x230a8712,
    0xe4ffe3ff, 0x00210b87, 0x85098811, 0x82112008, 0x23138806, 0xe5ffe4ff, 0x028e0f82, 0x88ebff21, 0xffe52449, 0x85edffd5, 0xeaff250d, 0xe9ff0000,
    0x05830b85, 0xffe1ff27, 0xff00009a, 0x831783f5, 0x25038b0f, 0x0000f5ff, 0x0583f4ff, 0xf5280782, 0xefffceff, 0xa2ff7fff, 0x0c202184, 0xff250583,
    0xff0000f1, 0x24038288, 0xffc4ffbb, 0x82a384c7, 0xa9ff21bd, 0xc9221b84, 0x07848fff, 0x0583dd20, 0x3783038d, 0xff211187, 0x200988f0, 0x21b18978,
    0x17890000, 0x07a91f87, 0xa198ff21, 0x050f412b, 0xffedff23, 0x212b85ef, 0x0782e6ff, 0x03821420, 0x8b990292, 0x328d4585, 0x1989dd8b, 0x89bdff21,
    0x4109a70b, 0x2d850579, 0xff215589, 0x230b89e3, 0xf2ff0000, 0x059d1f85, 0x93f3ff21, 0x853ba31f, 0x95718539, 0x205984d9, 0x8405840f, 0x95ff2304,
    0x0884d7ff, 0x6b420498, 0x0bf5410d, 0x188c3298, 0xffe6ff27, 0xffe9ffe1, 0x05c742e5, 0xffe7ff23, 0x9c1e8cd8, 0xc0ff250c, 0xa3ff0000, 0xff252287,
    0xffe3ffbf, 0x380582d8, 0xffa2ffd9, 0xffcbffb7, 0x00a0ffec, 0xff120011, 0xffc6ffab, 0x00f0ffe2, 0x2129850d, 0x1582e9ff, 0xf3ff0026, 0x2dff0000,
    0xef220382, 0x05821200, 0x1b86cc20, 0x5d41a020, 0x931d8515, 0xeaff2305, 0x1785eeff, 0x85ecff21, 0x25058b07, 0xe4ff9dff, 0x058293ff, 0xb1ffa128,
    0xb9ff8fff, 0x1d82b8ff, 0x10001028, 0x8cffafff, 0x8b42c4ff, 0xb3ff2709, 0x00000f00, 0xb582f1ff, 0x7eff2624, 0x2182edff, 0x18ffbc22, 0x7c201182,
    0x10200382, 0x4111ab41, 0x7f8913ed, 0xffbfff23, 0x926782c0, 0xd8ff2102, 0xf0204f82, 0x07431883, 0xa51d8319, 0xebff2703, 0x0000e6ff, 0xaf82ebff,
    0x07820d20, 0xb944ec20, 0x06694108, 0x258345a5, 0xffe6ff24, 0x498300e7, 0x0d84eb20, 0xe1ffe722, 0x039a0783, 0x24073345, 0xff00000e, 0x200382d2,
    0x222b9ad1, 0x9be3ff00, 0x411b971d, 0x5541054f, 0xa1279709, 0x05594417, 0xff214985, 0x462f82d8, 0x0b820817, 0x10200289, 0xff210a89, 0x8b0b8985,
    0x059d4209, 0xff230583, 0x82f5ff76, 0x06ab4319, 0x82c6ff21, 0x2502820b, 0x0000e1ff, 0x0882e6ff, 0xff250286, 0xffbcfec9, 0x860c86d9, 0x38ff2106,
    0x06a20886, 0x990bb544, 0xbfff212e, 0xff2f1b83, 0x001300d4, 0xfff2ff00, 0xfecaff7b, 0x8311ffed, 0x8217830d, 0x00da2413, 0x82b0fe00, 0xff712407,
    0x853bff3f, 0x00002313, 0x098751ff, 0xff250783, 0xff000091, 0x220382c5, 0x82c3ffec, 0xff882205, 0x871583ce, 0x82ff2003, 0x200b883d, 0x99098795,
    0x33bb4107, 0x42157944, 0xff290589, 0xffedffe1, 0xffdfffd5, 0x247384e7, 0xff00000e, 0x920984cb, 0x09bb4104, 0x92c4ff21, 0x23128c1e, 0xc9ffe5ff,
    0x0c92108c, 0x87e8ff21, 0x45ff2014, 0xff2106f9, 0x250983d4, 0xe4ffd2ff, 0x0582b5ff, 0xa541d920, 0xb4ff2107, 0x078f2987, 0x881fff21, 0x87db2043,
    0x45079109, 0x439131bd, 0xdd206788, 0x078b0987, 0x4279ff21, 0xa5421751, 0x25358b0f, 0xf5fe0000, 0x1187adff, 0x2105b944, 0x3941c0ff, 0x20fd8807,
    0x232183c8, 0x0000e7ff, 0xff21c7ad, 0x9d378356, 0x44ff2503, 0x33ffbdff, 0x4b240582, 0x2cff3eff, 0x72206182, 0x07222f82, 0x09820700, 0x86ff2723,
    0x087d44ff, 0x006aff23, 0x26198205, 0xfe92ff00, 0x820fff7a, 0x82072009, 0x006224bb, 0x820cff00, 0x4502b10b, 0xff212a47, 0x435e91ef, 0x17830505,
    0xffb4ff23, 0x910783bb, 0xd5ff2b03, 0xbdff0000, 0x9affe9ff, 0x0982bdff, 0x91ffa522, 0x12222386, 0x0f821200, 0x0d86d220, 0xff23068c, 0x876dfeca,
    0x89ff214f, 0x240a834a, 0x009a0002, 0x22018206, 0x820b0000, 0x00012201, 0x20018210, 0x32478202, 0x00030012, 0x00290025, 0x002c0004, 0x00090034,
    0x823e0038, 0x00452615, 0x00190047, 0x22018249, 0x824c001c, 0x001d2201, 0x06775451, 0x22005624, 0x01825a00, 0x5c002328, 0x24005e00, 0x01828a00,
    0x96002722, 0x28240182, 0xb400b100, 0xbd264982, 0x2d00bd00, 0x0182c100, 0xc7002e22, 0x2f280182, 0xd500d400, 0xd7003000, 0x32220182, 0x0182da00,
    0xdc003324, 0x6d82de00, 0xe600e026, 0xec003700, 0x3e220182, 0x0182ee00, 0xf7003f22, 0x40220182, 0x0182fc00, 0x00414308, 0x00ff00fe, 0x01040142,
    0x01440005, 0x000a010a, 0x010d0146, 0x0147000d, 0x001a0118, 0x012e0148, 0x014b0030, 0x00350133, 0x0137014e, 0x01510037, 0x00390139, 0x013b0152,
    0x0153003b, 0x00440143, 0x01820154, 0x01560022, 0xce080182, 0x58015700, 0x58005801, 0x5e015c01, 0x84015900, 0x5c008a01, 0x8f018e01, 0xd8016300,
    0x6500d801, 0xdd01dd01, 0xe0016600, 0x6700e101, 0xed01eb01, 0xff016900, 0x6c00ff01, 0x10020e02, 0x30026d00, 0x70003002, 0x33023302, 0x45027100,
    0x72004502, 0x48024702, 0x7a027300, 0x75007b02, 0x7d027d02, 0x7f027700, 0x7800a502, 0xaf02aa02, 0xb4029f00, 0xa500c402, 0xcf02c602, 0xd802b600,
    0xc000da02, 0xdc02dc02, 0xde02c300, 0xc400de02, 0xe002e002, 0xe202c500, 0xc600e202, 0xe502e502, 0xe702c700, 0xc800e702, 0xe902e902, 0xeb02c900,
    0xca00eb02, 0xed02ed02, 0xef02cb00, 0xcc00ef02, 0xfd02f102, 0xff02cd00, 0xda00ff02, 0x01030103, 0x8203db00, 0x00d60900, 0x030e03dc, 0x03dd000e,
    0x00100310, 0x031203de, 0x03df0012, 0x00140314, 0x031603e0, 0x03e10016, 0x00180318, 0x031a03e2, 0x03e3001a, 0x001c031c, 0x031e03e4, 0x03e5001e,
    0x00200320, 0x032203e6, 0x03e7002a, 0x0038032f, 0x034303f0, 0x03fa0047, 0x004f034d, 0x035403ff, 0x03020154, 0x01690365, 0x036d0303, 0x0308016f,
    0x01780378, 0x0386030b, 0x030c018b, 0x019d038e, 0x03a00312, 0x032201a0, 0x01a403a4, 0x03a60323, 0x032401a6, 0x01aa03aa, 0x03ad0325, 0x032601ae,
    0x01b903b0, 0x03bb0328, 0x033201bd, 0x01c403bf, 0x03c60335, 0x033b01cc, 0x01d303d2, 0x03d50342, 0x034401d5, 0x01d703d7, 0x03d90345, 0x034601dc,
    0x01e403df, 0x03e6034a, 0x035001e6, 0x01eb03ea, 0x03f00351, 0x035301fb, 0x01ff03fe, 0x0401045f, 0x04610104, 0x010c040b, 0x04100465, 0x04670110,
    0x01180412, 0x041e0468, 0x046f0146, 0x01480448, 0x044a0498, 0x04990157, 0x015f045f, 0x046204a7, 0x04a80162, 0x01640464, 0x047004a9, 0x04aa0175,
    0x01770477, 0x047b04b0, 0x04b1017c, 0x017f047f, 0x048104b3, 0x04b40182, 0x01840484, 0x048604b6, 0x04b70186, 0x019b0497, 0x049d04b8, 0x04bd019d,
    0x01a0049f, 0x04a204be, 0x04c001a2, 0x01a804a6, 0x04aa04c1, 0x04c401aa, 0x01ae04ac, 0x04b004c5, 0x04c801b0, 0x01b204b2, 0x04b404c9, 0x04ca01ba,
    0x01bc04bc, 0x04bf04d1, 0x04d201bf, 0x01c604c1, 0x04c804d3, 0x04d901cb, 0x01cf04cf, 0x04d204dd, 0x04de01d2, 0x01d804d8, 0x04dd04df, 0x04e001dd,
    0x01e804e8, 0x04ea04e1, 0x04e201ea, 0x01f104f1, 0x04f504e3, 0x00e401f5, 0x04060001, 0x194d00f5, 0x24098909, 0x001f001a, 0x0ce4431a, 0x06200c97,
    0x02201882, 0x02830382, 0x83000221, 0x83232000, 0x20038404, 0x30178202, 0x00000002, 0x000b0010, 0x001d000a, 0x00110016, 0x0907480c, 0x00221982,
    0x05820700, 0x83000121, 0x82002001, 0x860c8205, 0x00032402, 0x82040003, 0x82012003, 0x820e200f, 0x00052203, 0x20058209, 0x4c058215, 0x11820a8f,
    0x022102bb, 0x20009d00, 0x85918802, 0x9d052009, 0x241d8e2e, 0x00020006, 0x20138c06, 0x830d8201, 0x820682c5, 0x870583d9, 0x84012003, 0x205f8d69,
    0x203f820b, 0x20208219, 0x8303820b, 0x83112002, 0x19002304, 0x07842200, 0x05842020, 0x0320048f, 0x15201082, 0x03240382, 0x1b000300, 0x07830382,
    0x5b820020, 0x21000322, 0x79870d84, 0x17832783, 0x13832383, 0x87000221, 0x85b18d00, 0x00022615, 0x001d0004, 0x208f8209, 0x20038200, 0x85078801,
    0x8505891d, 0x210f8955, 0x8b850011, 0x0b201183, 0x83820483, 0x03840020, 0x1f834785, 0x20201783, 0x1e849d82, 0x19200488, 0x2985bd82, 0x13820320,
    0x03215789, 0x20538500, 0x82d38201, 0x20028418, 0x85058419, 0x850a8599, 0x970b853d, 0x001f2205, 0x241a821f, 0x00140014, 0x8503821a, 0x82108207,
    0x001a2202, 0xdf05821a, 0xa20e2002, 0x00172460, 0x8224001c, 0x00122427, 0x821e0018, 0x86082007, 0x88068203, 0x20138302, 0x23008600, 0x0008000d,
    0x200d2348, 0x83118218, 0x8318201c, 0x20038204, 0x9d03821c, 0x20218502, 0x83378218, 0x8337877d, 0x20698b33, 0x8300a000, 0x958b8d2d, 0x00022532,
    0x00000002, 0x08820585, 0x1f2002d8, 0x0621598a, 0x21018b00, 0x00910002, 0x03858f83, 0x85000a21, 0x000c2201, 0x44018c07, 0x058305b3, 0x03223d87,
    0x01880400, 0x85000521, 0x00092201, 0x206b8209, 0x22038807, 0x43010002, 0x07850641, 0x0f820020, 0x27910393, 0x078f6587, 0x8f096d45, 0x07394319,
    0x03000322, 0x04207382, 0x278b0388, 0x0e001023, 0x20038f00, 0x0673440b, 0x0a200783, 0x0393c782, 0x23821620, 0xdb820c20, 0x13000c24, 0x03880f00,
    0x65821482, 0x03830583, 0x8b000d21, 0x00082101, 0x08210091, 0x21018700, 0x01850012, 0x33861720, 0x338b1787, 0x1f8b1393, 0x08200b85, 0x0b855384,
    0x85001e21, 0x00002201, 0x85108218, 0x22058561, 0x82170024, 0x82148201, 0x82062002, 0x22028303, 0x830c0002, 0x85002006, 0x8613200f, 0x22d38915,
    0x8211000c, 0x000c260c, 0x00000001, 0x20038203, 0x20038205, 0x08d14504, 0x04000523, 0x82118300, 0x41028610, 0x22200599, 0x14864f86, 0x22061f41,
    0x820b0002, 0x8207204d, 0x8203204b, 0x82032037, 0x00092207, 0x200d8415, 0x2428860e, 0x00090003, 0x870b8216, 0x820c2003, 0x0014220f, 0x20118214,
    0x20058400, 0x20578203, 0x200d8407, 0x228d8401, 0x821d0000, 0x059b4521, 0x65820020, 0x83000121, 0x45002031, 0x0621062f, 0x05834200, 0xc1843084,
    0x05820120, 0x73821120, 0x03201185, 0x03200682, 0x20062142, 0x82078401, 0x22002110, 0x03875182, 0x2005a345, 0x87358203, 0x4207a74b, 0x138d13df,
    0x00206b83, 0x210ca342, 0xaf420002, 0x430b8509, 0x1743052f, 0x211b8305, 0x97420001, 0x00002207, 0x8d408205, 0x87fb8303, 0x00002103, 0x46096346,
    0x32820949, 0x0c200286, 0x06830786, 0x04831f20, 0x6d410392, 0x84012007, 0x8491831b, 0x0af14108, 0x1d851983, 0x05871985, 0x2105bf46, 0x00870002,
    0x0e001022, 0x0a248f84, 0x09001d00, 0x16200384, 0x13221a82, 0x05820f00, 0x03820d20, 0x08220283, 0x0d8a1700, 0x028c0a82, 0x1c001722, 0x21830f82,
    0x028a0682, 0x210d6d45, 0x49850008, 0x2d841820, 0x0800002a, 0x02001700, 0x06007401, 0x19200182, 0x0b248182, 0x10001900, 0x21220182, 0x01821200,
    0x25002122, 0x02220182, 0x01822600, 0x27001c22, 0x13220182, 0x01822800, 0x29000122, 0x05220182, 0x01822e00, 0x2f000a22, 0x0b220182, 0x01823000,
    0x33001822, 0x01220182, 0x01823400, 0x38001622, 0x0e220182, 0x01823900, 0x3a000a22, 0x1d220182, 0x01823b00, 0x3c001b22, 0x12220182, 0x01823d00,
    0x3e000c22, 0x11220182, 0x01824500, 0x46000622, 0x07220182, 0x01824700, 0x49001722, 0x08220182, 0x01824c00, 0x51000428, 0x04005200, 0x01825300,
    0x54000322, 0x07220182, 0x01825600, 0x5a001522, 0x09220182, 0x01825c00, 0x5d001422, 0x09220182, 0x01825e00, 0x8a001022, 0x07220182, 0x01829600,
    0xb1000122, 0x22220182, 0x0182b200, 0xb3000222, 0x01220182, 0x0182b400, 0xbd000222, 0x09220182, 0x0182c100, 0xc7000422, 0x07280182, 0xd500d400,
    0xda002000, 0x12220182, 0x0182de00, 0xe4002522, 0x20220182, 0x0182e600, 0xec002022, 0x1a220182, 0x0182ee00, 0xf7001422, 0x07220182, 0x0182fc00,
    0xfe001f22, 0x1f220182, 0x0182ff00, 0x0401072a, 0x1f000501, 0x0a010a01, 0x3e080582, 0x000d010d, 0x01180102, 0x01030018, 0x00190119, 0x011a011d,
    0x0109001a, 0x002e012e, 0x012f0107, 0x0122002f, 0x00300130, 0x0133011a, 0x01120033, 0x00340134, 0x01350114, 0x010b0035, 0x82370137, 0x01392205,
    0x22058239, 0x82430143, 0x0144221d, 0x281d8244, 0x00580158, 0x015c0101, 0x2235825c, 0x825d015d, 0x015e2217, 0x2e17825e, 0x00850184, 0x01860119,
    0x01210086, 0x82890187, 0x018a220b, 0x220b828a, 0x828f018e, 0xd8200805, 0x2300d801, 0xdd01dd01, 0xe0010d00, 0x2400e001, 0xe101e101, 0xeb011e00,
    0x0f00eb01, 0xec01ec01, 0xed221782, 0x0b82ed01, 0xff01ff28, 0x0e021e00, 0x05821002, 0x3002303a, 0x33020d00, 0x0f003302, 0x45024502, 0x47021300,
    0x01004802, 0x7b027a02, 0x7d2e0582, 0x0e007d02, 0x85027f02, 0x86020200, 0x1d828602, 0x8a028728, 0x90020500, 0x1d829402, 0x02953208, 0x020a0098,
    0x00990299, 0x029a020c, 0x020600a0, 0x00a102a1, 0x02a20217, 0x020800a5, 0x00aa02aa, 0x02ab0204, 0x020300af, 0x00b502b4, 0x02b60209, 0x224782b6,
    0x82b702b7, 0x02b82229, 0x220b82b8, 0x82b902b9, 0x02ba220b, 0x220b82ba, 0x82bb02bb, 0x02bc220b, 0x226582bc, 0x82bd02bd, 0x02be2247, 0x220b82be,
    0x82bf02bf, 0x02c0220b, 0x220b82c0, 0x82c102c1, 0x02c2220b, 0x220b82c2, 0x82c302c3, 0x02c4220b, 0x228982c4, 0x82c602c6, 0x02c72295, 0x227782c7,
    0x82c802c8, 0x02c9220b, 0x220b82c9, 0x82ca02ca, 0x02cb220b, 0x220b82cb, 0x82cc02cc, 0x02cd220b, 0x220b82cd, 0x82ce02ce, 0x02cf220b, 0x220b82cf,
    0x82d902d9, 0x02e522a7, 0x2ecb82e5, 0x00e702e7, 0x02e9020b, 0x021800e9, 0x82eb02eb, 0x02ed2205, 0x220582ed, 0x82ef02ef, 0x02f22205, 0x222982f2,
    0x82f402f4, 0x02f62205, 0x220582f7, 0x82f802f8, 0x02f9227d, 0x22e382f9, 0x82fa02fa, 0x02fb220b, 0x220b82fb, 0x82fc02fc, 0x02fd220b, 0x280b82fd,
    0x00ff02ff, 0x03010315, 0x22058201, 0x82030303, 0x030e2805, 0x030e000e, 0x82100310, 0x03122205, 0x28058212, 0x00140314, 0x0316030a, 0x22058216,
    0x82180318, 0x031a2205, 0x2205821a, 0x821c031c, 0x031e2205, 0x3405821e, 0x00200320, 0x0322031b, 0x030c0022, 0x00230323, 0x03240309, 0x2e0b8224,
    0x00250325, 0x03260311, 0x03100026, 0x82270327, 0x0328220b, 0x220b8228, 0x82290329, 0x032a220b, 0x340b822a, 0x0030032f, 0x0331030d, 0x03230031,
    0x00380332, 0x0343030f, 0x22118247, 0x824f034d, 0x0354220b, 0x2e0b8254, 0x00650365, 0x0366031e, 0x03240069, 0x826f036d, 0x03782211, 0x342f8278,
    0x00860386, 0x03870302, 0x03050087, 0x008a038a, 0x038b0301, 0x2277828b, 0x828e038e, 0x038f2817, 0x031c008f, 0x82900390, 0x0391221d, 0x28718291,
    0x00940394, 0x0397030b, 0x28298297, 0x00980398, 0x03990316, 0x22e38299, 0x829a039a, 0x039b2835, 0x0312009b, 0x829d039d, 0x03a02e0b, 0x030400a0,
    0x00a403a4, 0x03a60303, 0x22d182a6, 0x82aa03aa, 0x03ad220b, 0x284d82ad, 0x00ae03ae, 0x03b20322, 0x22fb82b2, 0x82b403b3, 0x03b52853, 0x032500b5,
    0x82b603b6, 0x03b72277, 0x227782b7, 0x82b803b8, 0x03b92223, 0x222f82b9, 0x82bd03bd, 0x03bf2271, 0x287182bf, 0x00c003c0, 0x03c10313, 0x227782c1,
    0x82c203c2, 0x03c32e71, 0x030600c3, 0x00c403c4, 0x03c60308, 0x2e6582c6, 0x00c703c7, 0x03c80307, 0x031700c8, 0x82c903c9, 0x03ca287d, 0x031400ca,
    0x82cb03cb, 0x03cc2823, 0x031a00cc, 0x82d203d2, 0x03d32817, 0x031b00d3, 0x82d503d5, 0x03d72205, 0x220582d7, 0x82d903d9, 0x03da22bf, 0x281d82da,
    0x00dc03db, 0x03df0319, 0x220582df, 0x82e103e1, 0x03e222d1, 0x22a182e2, 0x82e303e3, 0x03e42271, 0x229b82e4, 0x82e603e6, 0x03ea2853, 0x031d00ea,
    0x82eb03eb, 0x03f02235, 0x22a182f0, 0x82f103f1, 0x03f2227d, 0x224d82f2, 0x82f303f3, 0x03f52217, 0x22ad82f5, 0x82f603f6, 0x03f82289, 0x224782f8,
    0x82f903f9, 0x03fa2247, 0x220b82fa, 0x82fb03fb, 0x03fe220b, 0x285382fe, 0x00ff03ff, 0x04010408, 0x25058202, 0x00030403, 0x00820412, 0x04140031,
    0x000b040b, 0x040c0401, 0x0403000c, 0x82100410, 0x04123405, 0x04070012, 0x00130413, 0x04140425, 0x04090014, 0x82150415, 0x0416220b, 0x220b8216,
    0x82170417, 0x0418220b, 0x2e0b8218, 0x001e041e, 0x041f0402, 0x0406001f, 0x82200420, 0x0421220b, 0x220b8221, 0x82220422, 0x0423220b, 0x220b8223,
    0x82240424, 0x0425220b, 0x220b8225, 0x82260426, 0x0427220b, 0x220b8227, 0x82280428, 0x0429220b, 0x220b8229, 0x822a042a, 0x042b220b, 0x220b822b,
    0x822c042c, 0x042d220b, 0x220b822d, 0x822e042e, 0x042f220b, 0x220b822f, 0x82300430, 0x0431220b, 0x220b8231, 0x82320432, 0x0433220b, 0x220b8233,
    0x82340434, 0x0435220b, 0x280b8235, 0x00360436, 0x04370405, 0x22e38237, 0x82380438, 0x0439220b, 0x220b8239, 0x823a043a, 0x043b220b, 0x220b823b,
    0x823c043c, 0x043d220b, 0x220b823d, 0x823e043e, 0x043f220b, 0x220b823f, 0x82400440, 0x0441220b, 0x220b8241, 0x82420442, 0x0443220b, 0x220b8243,
    0x82440444, 0x0445220b, 0x2e0b8245, 0x004a044a, 0x044b0401, 0x0403004b, 0x824c044c, 0x044d220b, 0x220b824d, 0x824e044e, 0x044f220b, 0x220b824f,
    0x82500450, 0x0451220b, 0x220b8251, 0x82520452, 0x0453220b, 0x220b8253, 0x82540454, 0x0455220b, 0x220b8255, 0x82560456, 0x0457220b, 0x220b8257,
    0x825f045f, 0x04622805, 0x040a0062, 0x82640464, 0x04702e05, 0x040c0070, 0x00710471, 0x04720409, 0x220b8272, 0x82730473, 0x0474220b, 0x220b8274,
    0x82750475, 0x7720080b, 0x0e007704, 0x7b047b04, 0x7c042200, 0x1a007c04, 0x7f047f04, 0x81040400, 0x20008104, 0x82048204, 0x84281782, 0x0b008404,
    0x86048604, 0x98223582, 0x1d829804, 0x99049934, 0x9a040200, 0x06009a04, 0x9b049b04, 0x9f040500, 0x89829f04, 0xa004a022, 0xa2348382, 0x1500a204,
    0xa604a604, 0xa7041c00, 0x0700a704, 0xa804a804, 0xaa221d82, 0x0582aa04, 0xad04ad22, 0xae224182, 0x5382ae04, 0xb004b022, 0xb2280582, 0x1800b204,
    0xb504b504, 0xb7221782, 0x0582b704, 0xb804b822, 0xb9282982, 0x1600b904, 0xba04ba04, 0xbc224182, 0x5382bc04, 0xbf04bf22, 0xc122ad82, 0xdd82c104,
    0xc204c228, 0xc3041d00, 0xc582c304, 0xc404c422, 0xc5220b82, 0x0b82c504, 0xc604c634, 0xc8041b00, 0x1100c804, 0xc904c904, 0xca041000, 0x4d82ca04,
    0xcb04cb2e, 0xcf040f00, 0x0d00cf04, 0xd204d204, 0xd82e0b82, 0x1e00d804, 0xdd04dd04, 0xe8042300, 0x0b82e804, 0xea04ea22, 0xf1221782, 0x2382f104,
    0xf504f532, 0x01002300, 0x0400f203, 0xf4010000, 0xda39e039, 0x78360182, 0x14397239, 0xf8380a39, 0xcc38da38, 0x0c352e35, 0xc2340c35, 0x0783ac34,
    0xda382308, 0xbc338a34, 0x78324633, 0x3c325a32, 0x6431de31, 0x04314a31, 0xd030e630, 0x902fc630, 0x842e862f, 0x0582862f, 0xd0305e2c, 0xee2d502e,
    0xb62dd02d, 0x0582b02d, 0x306a3d08, 0x2cda38d0, 0x392a2ce8, 0x39da3814, 0x2a2c2b14, 0x2848292a, 0x2da028a6, 0x259628d0, 0x23862fac, 0x21c822ba,
    0x21ac21c2, 0x1ea021a6, 0x1ea01ea6, 0x1d301e66, 0x1b741ba6, 0x1a4e1b4e, 0x19277982, 0x314c17ae, 0x837616de, 0x2c162183, 0x2f080583, 0x82140c35,
    0x0c354e1b, 0xbc134e1b, 0xc8122a13, 0x5411e211, 0x20114a11, 0xf610b02d, 0x8e0b1c0f, 0x540bd030, 0xfc091e0a, 0xd030fc09, 0x48097209, 0x09350983,
    0x2e1439fc, 0x2d5a325e, 0x30f610d0, 0x112a2cd0, 0x2dde314a, 0x24db82b0, 0x35c234c2, 0x850b830c, 0x251785e3, 0xa608da39, 0x0183da39, 0x08a0082d,
    0x07040852, 0x07f407fe, 0x82dc07ee, 0x82dc2007, 0x84ee2007, 0x07ce2603, 0x38f838dc, 0x230185da, 0x14397832, 0x1982018b, 0x8438cc21, 0x85b18501,
    0x252b855d, 0x6431da38, 0x018ce630, 0x8430c621, 0x862f2301, 0x01875e2e, 0x2dd02d27, 0x301439d0, 0x820387e6, 0x84f82051, 0x38da2403, 0x8fc630cc,
    0x0c352303, 0x6989862f, 0xac21d782, 0x85018434, 0x271b8317, 0x862f862f, 0x5e2eda38, 0x2e210387, 0x21018350, 0x01847832, 0x64313c28, 0x6431d02d,
    0x01834a31, 0xfe22e582, 0xed82a008, 0x038adc20, 0x1583fe20, 0x15850384, 0xee07fe24, 0x0186f407, 0x08251b84, 0x381439a0, 0x29e785cc, 0x14396431,
    0xcc380a39, 0x41424a31, 0x23158505, 0x78328a34, 0xde246382, 0x64310c35, 0x2d21e983, 0x228d82d0, 0x852a2ccc, 0xc2342323, 0x35832c16, 0x872a2c21,
    0x8a342345, 0x3182f838, 0xe630de34, 0x5e2ec630, 0xd02dd030, 0xc630b02d, 0xd02d4a11, 0x01833c32, 0xa541b383, 0x2de58305, 0xe6301439, 0xc630cc38,
    0xd02d5a32, 0x1b83f838, 0x4107d741, 0x1d820841, 0x30c6302b, 0x2dde31c6, 0x2eda38b0, 0x2353835e, 0xd02d2c16, 0x6d410387, 0x410ba30b, 0x0f8f0f83,
    0x7141f585, 0x0b7d4109, 0x75417f85, 0xd02d2105, 0x322f0783, 0x112a2c78, 0x1b862f4a, 0x342a2c4e, 0x896431c2, 0x0c3521d3, 0x50282d84, 0xd0300a39,
    0xda38da38, 0x34211983, 0x059743c2, 0x2905d941, 0x8a34da38, 0x502ed030, 0xfd837832, 0x3c240384, 0xda384a31, 0x2107b142, 0xbd42a008, 0xa0082705,
    0xa4000200, 0x01820400, 0x06000022, 0x01240182, 0x0c000b00, 0x13221382, 0x13821300, 0x2a002528, 0x2c000500, 0x15822d00, 0x36002f26, 0x38000d00,
    0x15340182, 0x3f003a00, 0x45001600, 0x1c004600, 0x4a004900, 0x4c001e00, 0x20220182, 0x01824f00, 0x51002128, 0x22005400, 0x01825600, 0x58002622,
    0x27280182, 0x5d005a00, 0x5f002800, 0x2c220182, 0x01828a00, 0x96002d22, 0x2e220182, 0x01829d00, 0xb1002f2e, 0x3000b500, 0xb900b700, 0xbb003500,
    0x383a0182, 0xbe00bd00, 0xc0003900, 0x3b00c100, 0xc500c300, 0xc7003d00, 0x4000ce00, 0x0182d200, 0xd4004824, 0x7582de00, 0xef00e022, 0x55096782,
    0x00f100f1, 0x00f60064, 0x006500f8, 0x00fc00fb, 0x01fe0068, 0x016a0000, 0x00050103, 0x010a016d, 0x0170000a, 0x000d010d, 0x01180171, 0x0172001a,
    0x00220122, 0x012e0175, 0x01760030, 0x00350133, 0x01370179, 0x017c0037, 0x00390139, 0x013b017d, 0x017e003b, 0x00440143, 0x0154017f, 0x01810054,
    0x00560156, 0x01580182, 0x01830058, 0x005e015c, 0x01840184, 0x01870085, 0x00890187, 0x01d80189, 0x018c00d8, 0x00db01da, 0x01dd018d, 0x018f00dd,
    0x00e101e0, 0x01eb0190, 0x019200ed, 0x00ff01ff, 0x020e0295, 0x02960010, 0x00300230, 0x02330299, 0x029a0033, 0x00450245, 0x0247029b, 0x029c0048,
    0x007b027a, 0x027d029e, 0x02a0007d, 0x0094027f, 0x029902a1, 0x02b700a0, 0x00a502a2, 0x02aa02bf, 0x02c300af, 0x00bc02b4, 0x02be02c9, 0x02d200be,
    0x00c002c0, 0x02c202d3, 0x02d400c2, 0x00c402c4, 0x02c602d5, 0x02d600cf, 0x00da02d8, 0x02dc02e0, 0x02e300dc, 0x00de02de, 0x02e002e4, 0x02e500e0,
    0x00e202e2, 0x02e702e6, 0x02e700e7, 0x00e902e9, 0x02eb02e8, 0x02e900eb, 0x00ed02ed, 0x02ef02ea, 0x02eb00ef, 0x00fd02f1, 0x02ff02ec, 0x03f900ff,
    0x00010301, 0x008203fa, 0xfb00b809, 0x0e030e03, 0x1003fc00, 0xfd001003, 0x12031203, 0x2003fe00, 0xff002003, 0x25032203, 0x27030001, 0x04012703,
    0x29032903, 0x2f030501, 0x06013803, 0x47034303, 0x4d031001, 0x15014f03, 0x54035403, 0x65031801, 0x19016903, 0x6f036d03, 0x78031e01, 0x21017803,
    0x8b038603, 0x8e032201, 0x28019d03, 0xa003a003, 0xa4033801, 0x3901a403, 0xa603a603, 0xaa033a01, 0x3b01aa03, 0xae03ad03, 0xb0033c01, 0x3e01b103,
    0xb903b303, 0xbb034001, 0x4701bd03, 0xc403bf03, 0xc6034a01, 0x5001c703, 0xcc03c903, 0xd2035201, 0x5601d303, 0xd503d503, 0xd7035801, 0x5901d703,
    0xdc03d903, 0xdf035a01, 0x5e01e403, 0xe603e603, 0xea036401, 0x6501eb03, 0xf003f003, 0xf2036701, 0x6801fb03, 0xff03fe03, 0x01047201, 0x74010404,
    0x0c040b04, 0x10047801, 0x7a011004, 0x18041204, 0x1e047b01, 0x82014604, 0x48044804, 0x4a04ab01, 0xac015704, 0x5f045f04, 0x7004ba01, 0xbb017504,
    0x77047704, 0x7b04c101, 0xc2017c04, 0x7f047f04, 0x8104c401, 0xc5018204, 0x84048404, 0x8604c701, 0xc8018604, 0x9b049704, 0x9d04c901, 0xce019d04,
    0xa0049f04, 0xa204cf01, 0xd101a204, 0xa804a604, 0xaa04d201, 0xd501aa04, 0xae04ac04, 0xb004d601, 0xd901b004, 0xb204b204, 0xb404da01, 0xdb01ba04,
    0xbc04bc04, 0xbf04e201, 0xe301bf04, 0xc604c204, 0xc804e401, 0xe901c804, 0xcb04ca04, 0xcf04ea01, 0xec01cf04, 0xd204d204, 0xd804ed01, 0xee01d804,
    0xdd04dd04, 0xe804ef01, 0xf001e804, 0xea04ea04, 0x8204f101, 0xf2013701, 0xf504f504, 0x0300f301, 0xf5ffd501, 0xeeffd601, 0xf5ff8003, 0x09820400,
    0xdb01c72e, 0xe501f2ff, 0x3102f2ff, 0x0100f2ff, 0xeb220d82, 0x17820200, 0x0982b720, 0x0f82f020, 0xf1ffd628, 0xd3011300, 0x3982e5ff, 0x1782f120,
    0xd801eb26, 0xf401e9ff, 0xf8240382, 0x1002e9ff, 0x122c0382, 0x1402e5ff, 0x4c03e9ff, 0x7803e5ff, 0x80240782, 0x8103f1ff, 0x82240b82, 0xd004e5ff,
    0xde200382, 0xe1200382, 0xf5260382, 0xfa04e9ff, 0x4d84e5ff, 0x8786ee20, 0x4d82f120, 0x4d82f220, 0xf801f222, 0x10208182, 0x12220382, 0x4d82eeff,
    0x4d82f220, 0x4d82ee20, 0xa783f220, 0xee244d82, 0xeeff8203, 0xee224d82, 0x0782de04, 0x0382e120, 0xf2fff522, 0xee204d82, 0x0023a183, 0x4428000d,
    0x203e066d, 0x20005000, 0x80ff5300, 0x90ff5700, 0x0b005b00, 0x80ff1801, 0x90ffc101, 0x80ffab02, 0x0382ac02, 0x0382ad20, 0x0382ae20, 0x0382af20,
    0x0382f920, 0x0382fb20, 0x80fffd28, 0x90ff0503, 0x03820703, 0x03820920, 0x03820b20, 0x03820d20, 0x1782a420, 0x0382aa20, 0x0382c620, 0x90ffcd28,
    0x80ff0c04, 0x03821004, 0x03824b20, 0x03824d20, 0x03824f20, 0x03825120, 0x04216f82, 0x20078255, 0x20038257, 0x2003825f, 0x240382a0, 0x042000ad,
    0x200382af, 0x200382b1, 0x2a8b82be, 0xff06000a, 0xff0b00d6, 0x828401d6, 0x82852003, 0x82872003, 0x82882003, 0xff892403, 0x82db03d6, 0x82dc2003,
    0x82df2003, 0x00222a23, 0x00f4ff5a, 0x00f0ff5c, 0x2007825d, 0x240382bd, 0x00efffed, 0x240f82ee, 0x01f3fff2, 0x28038204, 0x01f4ff1a, 0x01f0ff34,
    0x20038244, 0x200f8251, 0x2c07825e, 0x02f3ff70, 0x02f4ffb4, 0x03f4ffb5, 0x20038223, 0x200382a6, 0x240382c9, 0x03f0ffca, 0x200782d2, 0x200382da,
    0x200382eb, 0x240382f3, 0x04f0fff6, 0x24038204, 0x04f4ff14, 0x20038216, 0x20038218, 0x20038271, 0x20038273, 0x20038275, 0x200382c3, 0x367782c5,
    0xfff60008, 0xff0901ba, 0xff2001cf, 0xff3a01db, 0xff4a0150, 0x8263019d, 0xff652e6d, 0xff6d01f2, 0x004d004c, 0x000c0047, 0x20038248, 0x20038249,
    0x2003824b, 0x20038255, 0x20038294, 0x20038299, 0x200382bb, 0x200382c8, 0x260382c9, 0x003a00ed, 0x821800f2, 0x00e32251, 0x2c0f82f7, 0x01f7fff9,
    0x010c0003, 0x01180004, 0x2007821e, 0x24038222, 0x01e2ff3a, 0x20078242, 0x241b8248, 0x01e3ff4a, 0x201b8251, 0x200f8260, 0x20038261, 0x2003826b,
    0x2813826d, 0x02180070, 0x020c00a1, 0x200382a2, 0x200382a3, 0x200382a4, 0x200382a5, 0x200382bd, 0x200382bf, 0x200382c1, 0x200382c3, 0x200382c5,
    0x820382c7, 0xcb02217b, 0xcd200782, 0xcf200382, 0xd1200382, 0xd3200382, 0xd5200382, 0xd7240382, 0x9e030c00, 0xc4200382, 0xa7820382, 0x27820320,
    0x82e60321, 0x82ec200b, 0x82f12003, 0x00ff2403, 0x8201040c, 0x82022003, 0x820e2003, 0xff1a2403, 0x821d04f7, 0x82372007, 0x82392003, 0x823b2003,
    0x823d2003, 0x823f2003, 0x82412003, 0x82432003, 0x82452003, 0x82592003, 0x825b2003, 0x825d2003, 0x21bb8203, 0x37827a04, 0x0b829c20, 0x0382a920,
    0xfb82ab20, 0xed000e31, 0xf2001400, 0xf6001000, 0xf900f0ff, 0x8201f0ff, 0x04012565, 0x3a011000, 0x48200b82, 0x4a220382, 0xfd82e6ff, 0x6d011022,
    0x70260b82, 0x1a041000, 0x4582f0ff, 0xe300f028, 0x0d000600, 0x03820b00, 0x39824520, 0xb0ff4724, 0x03824800, 0x03824920, 0x13824a20, 0x07824b20,
    0xd6ff5324, 0x07825500, 0x25825a20, 0x03825d20, 0x0b829420, 0x03829920, 0x0382bb20, 0x0f82bd20, 0x0782be20, 0xabffc728, 0xc0ffc800, 0x0b82c900,
    0xd5ffcc30, 0xaaffed00, 0xaffff200, 0xb0fff700, 0x03820301, 0xafff0430, 0xd6ff1801, 0x0b001a01, 0xe2ff1c01, 0x13821e01, 0x0c002024, 0x07822201,
    0x03824220, 0x1f825120, 0x07826020, 0x03826120, 0x23826320, 0x03826520, 0x0b826b20, 0x17827020, 0x0d008424, 0x03828501, 0x03828720, 0x03828820,
    0x03828920, 0x0382d320, 0x0382d620, 0x0e00d830, 0xf5ffd901, 0xecffdb01, 0xedffdd01, 0x0782e501, 0xbfffeb24, 0x0b82ec01, 0x0782ed20, 0x1f82f420,
    0x0b82f520, 0x0e00f824, 0x03821002, 0xedff1128, 0x0d001202, 0x0b821402, 0x0b821a20, 0xeeff312c, 0xbfff3302, 0xf0ff9a02, 0x03829b02, 0x03829c20,
    0x03829d20, 0x03829e20, 0x03829f20, 0x0382a020, 0xb0ffa124, 0x0382a202, 0x0382a320, 0x0382a420, 0x0382a520, 0xd6ffab24, 0x0382ac02, 0x0382ad20,
    0x0382ae20, 0x0382af20, 0x0b00b424, 0x0382b502, 0x3382b720, 0x0382b920, 0x0382bb20, 0x2b82bd20, 0x0382bf20, 0x0382c120, 0x0382c320, 0x0382c520,
    0x0382c720, 0x0382c920, 0x0382cb20, 0x0382cd20, 0x0382cf20, 0x0382d120, 0x0382d320, 0x0382d520, 0x0382d720, 0x4f82f920, 0x0382fb20, 0xd6fffd2b,
    0x0b002303, 0xbfff3203, 0x21a78203, 0x07823403, 0x03823520, 0x03823620, 0x03823720, 0x03823820, 0xedff3924, 0x03824303, 0x03824420, 0x03824520,
    0x03824620, 0x03824720, 0x0d004c24, 0x1f824d03, 0x03824e20, 0x03824f20, 0x13825020, 0x03825120, 0x03825220, 0x03825320, 0x03825a20, 0x03825b20,
    0x03825c20, 0x03825d20, 0x03826d20, 0x03826e20, 0x03826f20, 0xf5ff7324, 0x03827403, 0x03827520, 0x03827620, 0x0e007824, 0x4f828103, 0x03828220,
    0xb0ff9e24, 0x9782a403, 0x9782a620, 0x0782aa20, 0xf0ffc324, 0x1382c403, 0x0b82c620, 0x0782c820, 0x1782c920, 0x0782cb20, 0x0782d220, 0x0382da20,
    0x3382db20, 0x0382dc20, 0x0382df20, 0x2b82e320, 0x1b82e620, 0x1782eb20, 0x0782ec20, 0x0382f120, 0x0b82f320, 0x1782f920, 0x0382fb20, 0xb0ffff24,
    0x03820104, 0x03820220, 0xd6ff0c24, 0x07820e04, 0x07821020, 0x0b001424, 0x03821604, 0x03821820, 0x13821d20, 0xf0ff1f24, 0x03822104, 0x03822320,
    0x03822520, 0x03822720, 0x03822920, 0x03822b20, 0x03822d20, 0x03822f20, 0x03823120, 0x03823320, 0x03823520, 0x33823720, 0x03823920, 0x03823b20,
    0x03823d20, 0x03823f20, 0x03824120, 0x03824320, 0x03824520, 0x63824b20, 0x03824d20, 0x03824f20, 0x03825120, 0x03825320, 0x03825520, 0x03825720,
    0x1f825920, 0x03825b20, 0x03825d20, 0x0f825f20, 0x07826120, 0x87827120, 0x03827320, 0x03827520, 0x5f829a20, 0x13829c20, 0x1b82a020, 0x0782a920,
    0x0382ab20, 0x1782c320, 0x0382c520, 0xbfffcb2c, 0xedffcf04, 0x0d00d004, 0x0b82d204, 0x0782de20, 0x0382e120, 0x0b82ea20, 0x1782f120, 0x0382f420,
    0x0e00f524, 0x0782f904, 0x0d00fa2a, 0x47007600, 0x4800f0ff, 0x49200382, 0x4b200382, 0x53240382, 0x5500ebff, 0x94200782, 0x99200382, 0xbb200382,
    0xc8200382, 0xc9200382, 0xf7240382, 0x0301f0ff, 0x18240382, 0x1c01ebff, 0x1e200382, 0x22200b82, 0x42200382, 0x60200382, 0x61200382, 0x6b200382,
    0xdb200382, 0xdd201b82, 0xe5240382, 0xec01e9ff, 0xf5240782, 0x1102ebff, 0x1a200382, 0x31200382, 0xa1240382, 0xa202f0ff, 0xa3200382, 0xa4200382,
    0xa5200382, 0xab200382, 0xac201782, 0xad200382, 0xae200382, 0xaf200382, 0xbd200382, 0xbf201782, 0xc1200382, 0xc3200382, 0xc5200382, 0xc7200382,
    0xc9200382, 0xcb200382, 0xcd200382, 0xcf200382, 0xd1200382, 0xd3200382, 0xd5200382, 0xd7200382, 0xf9200382, 0xfb203b82, 0xfd240382, 0x3903ebff,
    0x43200382, 0x44200382, 0x45200382, 0x46200382, 0x47200382, 0x50200382, 0x51200382, 0x52200382, 0xf3820382, 0x825a0321, 0x825b2007, 0x825c2003,
    0x825d2003, 0x826d2003, 0x826e2003, 0x826f2003, 0xff9e2403, 0x82a403f0, 0x82aa2007, 0x82c42003, 0x82c6200b, 0x82c82007, 0x82cb2007, 0x82e62003,
    0x82ec2003, 0x82f12003, 0xffff2403, 0x820104f0, 0x82022003, 0xff0c2403, 0x820e04eb, 0x82102007, 0x821d2007, 0x82372007, 0x82392003, 0x823b2003,
    0x823d2003, 0x823f2003, 0x82412003, 0x82432003, 0x82452003, 0x824b2003, 0x824d2027, 0x824f2003, 0x82512003, 0x82532003, 0x82552003, 0x82572003,
    0x82592003, 0x825b201f, 0x825d2003, 0x825f2003, 0x8261200f, 0x829c2007, 0x82a02003, 0x82a9200b, 0x82ab2007, 0x82cf2003, 0x82f1200b, 0x82f42003,
    0x2bff8203, 0x06000a00, 0x0b00f5ff, 0x8401f5ff, 0x85200382, 0x87200382, 0x88200382, 0x89240382, 0xdb03f5ff, 0xdc200382, 0xdf200382, 0x0a2a2382,
    0x1400ed00, 0xedfff600, 0x0382f900, 0xe2fffc28, 0xedff3a01, 0x03824801, 0x03824a20, 0xedff6d24, 0x03821a04, 0x1b827a20, 0xed00022a, 0x1c01c9ff,
    0x2300eeff, 0xf2205d82, 0xf2225d82, 0x41825a00, 0x03825d20, 0x0382bd20, 0xf4fff624, 0x61820901, 0x03821a20, 0x03823a20, 0x7d846d20, 0x8501f226,
    0x8701f2ff, 0x88200382, 0x89280382, 0xb402f2ff, 0xb502f5ff, 0x23207d82, 0xa6200382, 0xc9200382, 0xd2200382, 0xda200382, 0xf2269984, 0xf2ffdc03,
    0x0382df03, 0x0f82eb20, 0xf5fff324, 0x03821404, 0x03821620, 0x03821820, 0x03827120, 0x03827320, 0x03827520, 0x0382c320, 0x7782c520, 0x51003926,
    0x5200efff, 0x54200382, 0x5c240382, 0xc100f0ff, 0xec200782, 0xed200382, 0xee20ab82, 0xf0200f82, 0xf1200b82, 0xf3200382, 0xf4200382, 0xf5200382,
    0xf6200382, 0xf8201b82, 0xfa200782, 0xfb200382, 0xfe240382, 0x0001efff, 0x05200382, 0x09200382, 0x2024c982, 0x2b01f1ff, 0x34240b82, 0x3601f0ff,
    0x3a200782, 0x3c200382, 0x3e200382, 0x44200382, 0x53201382, 0x55200782, 0x57200382, 0x5c200382, 0x5e200382, 0x6d241382, 0xaa02efff, 0xf2200382,
    0xf4200382, 0xf6200382, 0xf7240382, 0xa003efff, 0xc5200382, 0xc7200382, 0xca240382, 0xcc03f0ff, 0xd1200782, 0xe1200382, 0xe7200382, 0xf6200382,
    0x2406cf48, 0x04efff08, 0x2003820a, 0x2003821c, 0x2003827c, 0x20038298, 0x200382b5, 0x2a9f82b7, 0xff380018, 0xff3d00eb, 0x82d200f3, 0xffd62407,
    0x823901eb, 0xff452c03, 0xff9902eb, 0xff0e03f3, 0x821003eb, 0x82122003, 0x82222003, 0x8224200f, 0x828b2003, 0x829a2003, 0x829d2003, 0x82c12003,
    0x82d92017, 0xfff22407, 0x827004f3, 0x82722003, 0x82742003, 0xff772403, 0x828604eb, 0x82bf2007, 0x82242053, 0x00e22461, 0x82e4ff3c, 0x00e22261,
    0x280782d4, 0x00e2ffd6, 0x00e1ffd9, 0x200b82da, 0x240382dd, 0x00e9ffde, 0x200782ed, 0x207982f2, 0x22038204, 0x82e4ff33, 0x01e22285, 0x24078243,
    0x01e2ff45, 0x20078250, 0x20178251, 0x2007825d, 0x20038266, 0x2003826f, 0x22798270, 0x82e2ff0e, 0x03e2229d, 0x28078212, 0x03e4ff9b, 0x03e9ffb5,
    0x200b82c1, 0x240b82c2, 0x04e4fff5, 0x24038203, 0x04e9ff13, 0x20038215, 0x24038217, 0x04e2ff77, 0x207b82bf, 0x20918231, 0x209182e3, 0x83f782e5,
    0x82e32095, 0x00e52495, 0x82e3ffd6, 0x82e22095, 0x00e52595, 0x00e5ffdd, 0xf2249583, 0x0401eaff, 0x33220382, 0x9182e5ff, 0x9182e320, 0x4501e524,
    0x9182e3ff, 0x5101e522, 0x5d201782, 0x66201782, 0x6c200382, 0xe5269584, 0xeaff7001, 0x7d829902, 0xe3ff0e22, 0xe3209982, 0xe3229982, 0x0f822203,
    0x03822420, 0x03828b20, 0x03829a20, 0xe5ff9b24, 0xad889d03, 0xc203e322, 0xd9200f82, 0xf2200f82, 0xe520b584, 0xe521b582, 0x20b58b04, 0x20c58270,
    0x20038272, 0x24038274, 0x04e3ff77, 0x20078286, 0x24ab82bf, 0x0025006a, 0x28c9820f, 0xff3a00e6, 0x003c00e6, 0x22cd820e, 0x82b200e6, 0x82b42013,
    0x82d22003, 0x82d42013, 0x82d62013, 0x00d92407, 0x82da0013, 0x82dd200b, 0x00de2403, 0x82e1000b, 0x82e620dd, 0xffe72817, 0x00ed00f4, 0x82f20012,
    0xfff62c2f, 0xfff900e7, 0x000401e8, 0x820d010f, 0xff192603, 0x003301e6, 0x26f5820e, 0xff3a01e6, 0x824301e7, 0x8245200b, 0x82472013, 0x824820ed,
    0x82492027, 0x824a2007, 0x824c2007, 0x825020f9, 0x8251201b, 0x825d2033, 0x82622007, 0x82642023, 0x82662003, 0x826c200b, 0x826d2007, 0x826f203b,
    0x0070240b, 0x827f020f, 0x82802003, 0x82812003, 0x82822003, 0x82832003, 0x82842003, 0x82852003, 0xff992403, 0x82b602e6, 0x82b82007, 0x00ba2803,
    0xff0e030f, 0x821003e6, 0x82122003, 0x82222003, 0x82242003, 0x82862003, 0x828b2017, 0x828e2007, 0x829a2007, 0x009b2407, 0x829d030e, 0x00b52307,
    0x3b82030b, 0x82c10321, 0x82c2200b, 0x82d92013, 0x82e22007, 0x82ea2023, 0x82f22007, 0x82f52003, 0x82f82013, 0x00fa2c0f, 0x0003040f, 0x0013040e,
    0x8215040b, 0x82172003, 0xff192803, 0xff1a04e5, 0x821e04e8, 0x8220201b, 0x82222003, 0x82242003, 0x82262003, 0x82282003, 0x822a2003, 0x822c2003,
    0x822e2003, 0x82302003, 0x82322003, 0x82342003, 0xff702403, 0x827204e6, 0x82742003, 0x82772003, 0x82792003, 0x827a2047, 0x82862047, 0x8299200b,
    0x82bf201f, 0x82c22007, 0xffc42903, 0x001200e6, 0x00aeffd9, 0x24080783, 0x00e0ffeb, 0x00adffed, 0x00d6ffef, 0x01dffffd, 0x01d2ff01, 0x01e0ff07,
    0x01ceff1c, 0x01ddff2e, 0x01e2ff30, 0x200f8238, 0x2c038240, 0x01e9ff4a, 0x01daff4d, 0x01bdff5f, 0x322b8269, 0x0011006c, 0xff1b0035, 0xff3800f2,
    0xff3a00f1, 0x823c00f4, 0xff3d2403, 0x82d200f0, 0xffd4240f, 0x82d600f5, 0x82da2007, 0x82dd2013, 0xffde2c0b, 0xffe600f3, 0xff1901f1, 0x823301f4,
    0x82392003, 0x8243200b, 0x82452007, 0xff502407, 0x825d01f5, 0xff62240b, 0x826401f2, 0x82662003, 0x826c200f, 0xff6f2c07, 0xff9902f5, 0xff0e03f0,
    0x821003f1, 0x82122003, 0x82222003, 0x8224200f, 0x828b2003, 0x829a2003, 0xff9b2403, 0x829d03f4, 0xffb52407, 0x82c103f3, 0x82c2201f, 0x82d9200f,
    0x82ea200f, 0x82f22007, 0xfff52407, 0x820304f4, 0xff132403, 0x821504f3, 0x82172003, 0xff702403, 0x827204f0, 0x82742003, 0xff772403, 0x828604f1,
    0x82bf2007, 0x213b8207, 0xaf82c404, 0x2500982a, 0x27001000, 0x2b00e8ff, 0x33200382, 0x35200382, 0x38220382, 0xe582e0ff, 0x3d00e026, 0x8300dfff,
    0x93200f82, 0x98200382, 0xb2200382, 0xb3202b82, 0xb4200782, 0xd2200782, 0xd3202382, 0xd4200b82, 0xd6200b82, 0xd9240b82, 0xdd001400, 0xe1220b82,
    0xfd82e1ff, 0xed00e026, 0xf2001300, 0xf92c0f82, 0x0401e0ff, 0x08011000, 0x0d01e8ff, 0x17200782, 0x19200782, 0x1b201382, 0x1d200782, 0x1f200382,
    0x21200382, 0x39200382, 0x41201382, 0x45200782, 0x47240782, 0x4801e1ff, 0x49200782, 0x4a200782, 0x4d200782, 0x50200782, 0x51203b82, 0x582c0382,
    0x6201e9ff, 0x6401dfff, 0x6601deff, 0x6a200f82, 0x6c203382, 0x6e240f82, 0x6f01f2ff, 0x70280f82, 0x45021000, 0x4602e8ff, 0x48200382, 0x49200382,
    0x7f200382, 0x80201382, 0x81200382, 0x82200382, 0x83200382, 0x84200382, 0x85200382, 0x86200382, 0x90201f82, 0x91200382, 0x92200382, 0xeb820382,
    0x82940221, 0xff992407, 0x82b602df, 0x82b8201f, 0x82ba2003, 0x82bc2003, 0x82be2013, 0x82c02003, 0x82c22003, 0x82d02003, 0x82d22003, 0x82d42003,
    0x82d62003, 0x82f82003, 0x82fa2003, 0xfffc2803, 0xff0e03e8, 0x821003e0, 0x82122003, 0xff222403, 0x822403df, 0x822d2003, 0x00862417, 0x828a0310,
    0x828b2007, 0x828e200f, 0x8297200b, 0x829a200b, 0x829d200b, 0x216b8203, 0x0f82bd03, 0x03215f82, 0x203782c1, 0x201382d9, 0x202382e2, 0x200b82ea,
    0x201782ed, 0x200382f0, 0x201382f2, 0x281382f8, 0x041000fa, 0x04e8ff0b, 0x2003820d, 0x2803820f, 0x04e1ff19, 0x04e0ff1a, 0x2017821e, 0x20038220,
    0x20038222, 0x20038224, 0x20038226, 0x20038228, 0x2003822a, 0x2003822c, 0x2003822e, 0x20038230, 0x20038232, 0x20038234, 0x203b824a, 0x2003824c,
    0x2003824e, 0x20038250, 0x20038252, 0x20038254, 0x20038256, 0x20038258, 0x2003825a, 0x2003825c, 0x2003825e, 0x24038260, 0x04dfff70, 0x20038272,
    0x20038274, 0x206f8277, 0x20778279, 0x2007827a, 0x200f8286, 0x204f8299, 0x2023829f, 0x200382b8, 0x201382bf, 0x320382c2, 0x00e0ffc4, 0xff38003f,
    0xff3a00e6, 0xff3c00e7, 0x823d00f2, 0xff5c2407, 0x82d200f1, 0x82d62013, 0x82da2003, 0xffde2813, 0xffe100ee, 0x82e600e8, 0x82ee200f, 0xfff62e1b,
    0xff1901d0, 0xff3301e7, 0xff3401f2, 0x060745f1, 0x4301ce22, 0x44200f82, 0x0b450f82, 0x01e82605, 0x01e8ff49, 0x2013825d, 0x2013825e, 0x232f8262,
    0x01edff64, 0x2405f744, 0xff9902d0, 0x0ec744e7, 0x2403e722, 0x8b201382, 0x9a200382, 0x9b240382, 0x9d03f2ff, 0xb5220782, 0xbb44eeff, 0x240f8205,
    0x03f1ffca, 0x201382d9, 0x200382ea, 0x200382f2, 0x281382f5, 0x04f1fff6, 0x04f2ff03, 0x24078204, 0x04eeff13, 0x20038215, 0x20038217, 0x24e58219,
    0x04e7ff70, 0x20038272, 0x44038274, 0xe8220587, 0x0b828604, 0x22057f44, 0x82c404e7, 0x822820eb, 0x00be26fd, 0x00efff5a, 0x2003825d, 0x240382bd,
    0x00beffd2, 0x280382d6, 0x00c9ffe6, 0x01dffff6, 0x26b58209, 0x01efff1a, 0x82ebff20, 0x01be22e9, 0x3613823a, 0x01beff45, 0x01e9ff4c, 0x01f5ff63,
    0x02e0ff6d, 0x02efffb4, 0x82efffb5, 0x03be26d1, 0x03beff10, 0x20038212, 0x200f8223, 0x200382a6, 0x200b82c1, 0x200782c9, 0x200382d2, 0x200382da,
    0x240382eb, 0x04effff3, 0x20038214, 0x20038216, 0x20038218, 0x20038271, 0x20038273, 0x24038275, 0x04beff77, 0x200382bf, 0x200b82c3, 0x248f82c5,
    0xffe60009, 0x208982c3, 0x247982cf, 0xff4901ce, 0x2c7982e7, 0xff6201df, 0xff6401d1, 0xff6c01ec, 0x288182a0, 0x008c00d1, 0x00caff06, 0x2603820b,
    0x00d2ff38, 0x45d4ff3a, 0xd3260601, 0xd1ff5100, 0x03825200, 0x03825420, 0xe6ff5a24, 0xeb845c00, 0xbd00e622, 0xc1200b82, 0xd2201382, 0xd6202f82,
    0xda270382, 0xde00f4ff, 0x4400edff, 0xd422051f, 0x1b82ec00, 0x2b82ee20, 0x0782f020, 0x0382f120, 0x0382f320, 0x0382f420, 0x0382f520, 0xc9fff624,
    0x0782f800, 0x0382fa20, 0x0382fb20, 0x8d82fe20, 0x03820020, 0x03820520, 0xe5ff0930, 0xd4ff1901, 0xe6ff1a01, 0xe3ff2001, 0x13822b01, 0xf4ff3328,
    0xefff3401, 0x0b823601, 0xd2ff3922, 0xc422c982, 0x0b823c01, 0x03823e20, 0x1b824320, 0x1b824420, 0x17824520, 0xe1ff4722, 0xe122e182, 0x17825301,
    0x03825520, 0x03825720, 0x03825c20, 0x23825d20, 0x23825e20, 0x57826220, 0xf5ff6322, 0xe722f982, 0x2f826c01, 0xc9ff6d28, 0xcaff8401, 0x03828501,
    0x03828720, 0x03828820, 0xcaff8930, 0xd3ff9902, 0xd1ffaa02, 0xe6ffb402, 0x0382b502, 0x0b82f220, 0x0382f420, 0x0382f620, 0xd1fff728, 0xd2ff0e03,
    0x03821003, 0x03821220, 0xd3ff2228, 0xe6ff2303, 0x07822403, 0x03828b20, 0x03829a20, 0x2205c945, 0x82a003d3, 0x82a6202b, 0xffb5241b, 0x82c103ed,
    0xffc2242b, 0x82c503f4, 0x82c72013, 0x82c92003, 0xffca2417, 0x82cc03ef, 0x82d1200b, 0x82d22003, 0x82d9200f, 0x82da203b, 0xffdb2407, 0x82dc03ca,
    0x82df2003, 0x82e12003, 0x82e7201b, 0xffea2403, 0x82eb03d4, 0x82f2201b, 0x82f32023, 0x82f52007, 0xfff6284b, 0xff0304ef, 0x820404f4, 0xff082407,
    0x820a04d1, 0xff132803, 0xff1404ed, 0x821504e6, 0x82162007, 0x82172007, 0x82182007, 0xff192407, 0x821c04e1, 0xff70241f, 0x827104d3, 0x8272200f,
    0x82732007, 0x82742007, 0x82752007, 0xff772407, 0x827904d2, 0x827c2023, 0x82862023, 0x82982013, 0x82b52007, 0x82b72003, 0x82bf2003, 0xffc2241b,
    0x82c304d4, 0x82c42027, 0xffc52e07, 0x002200e6, 0x00f4ff5a, 0x00f2ff5c, 0x2407825d, 0x00f3ff5e, 0x280782bd, 0x01f2ffee, 0x01f4ff1a, 0x20078234,
    0x22038244, 0x54f2ff5e, 0x26240c23, 0x2803f3ff, 0x2a200382, 0x2f540382, 0x54f22009, 0xf220122f, 0xf220d582, 0x2f54c982, 0xc904211c, 0x0d207782,
    0x69828584, 0x7d830020, 0x0323798a, 0x82f2ff26, 0x03f2226d, 0x2007822a, 0x210382ca, 0x5585fff6, 0xb582c920, 0x35820e20, 0x5e00ed24, 0x3582edff,
    0xf600ed2a, 0x3401aaff, 0x4401edff, 0x13820382, 0xed203982, 0xed203982, 0xed283982, 0xedffca03, 0xedfff603, 0xed208f82, 0xed226f82, 0x2d820100,
    0xbe00d828, 0x0c000600, 0x03820b00, 0xe8ff4724, 0x03824800, 0x03824920, 0x0f824a20, 0x07824b20, 0xeaff5324, 0x07825500, 0x22091353, 0x829900e8,
    0x82bb200f, 0x05135303, 0xc600ed22, 0xc8203d82, 0xc9200f82, 0xca200382, 0xf7243782, 0x0301e8ff, 0x18280382, 0x1a01eaff, 0x1e010b00, 0x22200b82,
    0x42200382, 0x60200382, 0x61200382, 0x6b200382, 0x84240382, 0x85010c00, 0x87200382, 0x88200382, 0x89200382, 0xef520382, 0xffa1244f, 0x82a202e8,
    0x82a32003, 0x82a42003, 0x82a52003, 0xffab2403, 0x82ac02ea, 0x82ad2003, 0x82ae2003, 0x82af2003, 0x07d35203, 0x1f82bd20, 0x0382bf20, 0x0382c120,
    0x0382c320, 0x0382c520, 0x0382c720, 0x0382c920, 0x0382cb20, 0x0382cd20, 0x0382cf20, 0x0382d120, 0x0382d320, 0x0382d520, 0x0382d720, 0x4382f920,
    0x0382fb20, 0xeafffd22, 0x2292c752, 0x82a403e8, 0x05c75297, 0xc403ea26, 0xc603e8ff, 0xc8200f82, 0xc9240782, 0xcb030b00, 0xc3520782, 0x030c2609,
    0x030c00dc, 0x200382df, 0x201782e6, 0x201f82eb, 0x200782ec, 0x200382f1, 0x240b82f3, 0x04e8ffff, 0x20038201, 0x24038202, 0x04eaff0c, 0x2007820e,
    0x52078210, 0xe8220db7, 0x17823704, 0x03823920, 0x03823b20, 0x03823d20, 0x03823f20, 0x03824120, 0x03824320, 0x03824520, 0x33824b20, 0x03824d20,
    0x03824f20, 0x03825120, 0x03825320, 0x03825520, 0x03825720, 0x1f825920, 0x03825b20, 0x03825d20, 0x0f825f20, 0x07826120, 0x200b8752, 0x200f829c,
    0x201782a0, 0x200782a9, 0x520382ab, 0x01343783, 0x0b00ca00, 0xf6000100, 0x0500d5ff, 0xeaffca00, 0xeeffed00, 0xab300d82, 0xecff3a01, 0xecff6d01,
    0x47004100, 0x4800e7ff, 0x49200382, 0x4b200382, 0x55200382, 0x94200382, 0x99200382, 0xbb200382, 0xc4240382, 0xc8000f00, 0xc9200782, 0xf7240382,
    0x0301e7ff, 0x1e200382, 0x22200382, 0x42200382, 0x60200382, 0x61200382, 0x6b240382, 0xa102e7ff, 0xa2200382, 0xa3200382, 0xa4200382, 0xa5200382,
    0xbd200382, 0xbf200382, 0xc1200382, 0xc3200382, 0xc5200382, 0xc7200382, 0xc9200382, 0xcb200382, 0xcd200382, 0xcf200382, 0xd1200382, 0xd3200382,
    0xd5200382, 0xd7240382, 0x9e03e7ff, 0xc4200382, 0x7b820382, 0x82cb0321, 0x82e62007, 0x82ec2003, 0x82f12003, 0xffff2403, 0x820104e7, 0x82022003,
    0x820e2003, 0x821d2003, 0x82372003, 0x82392003, 0x823b2003, 0x823d2003, 0x823f2003, 0x82412003, 0x82432003, 0x82452003, 0x82592003, 0x825b2003,
    0x825d2003, 0x21af8203, 0x07829c04, 0x0382a920, 0xd782ab20, 0x06003c26, 0x0b00a0ff, 0x4a2c0382, 0x5900e9ff, 0x5a00f1ff, 0x5d00c5ff, 0x9b200382,
    0xbd200b82, 0xc23c0782, 0xc400eeff, 0xc6001000, 0xca00ecff, 0xcb0020ff, 0x1a01f1ff, 0x8401c5ff, 0x8501a0ff, 0x87200382, 0x88200382, 0x89280382,
    0xb002a0ff, 0xb102f1ff, 0xb2200382, 0xb3200382, 0xb42c0382, 0xb502c5ff, 0x1503c5ff, 0x1703f1ff, 0x19200382, 0x1b200382, 0x1d200382, 0x1f200382,
    0x23200382, 0xa2201b82, 0xa6200782, 0xa9200782, 0xab200782, 0xc9200382, 0xd2200b82, 0xda200382, 0xdb240382, 0xdc03a0ff, 0xdf200382, 0xeb200382,
    0xf3240f82, 0x1404c5ff, 0x16200382, 0x18200382, 0x63240382, 0x6504f1ff, 0x67200382, 0x69200382, 0x6b200382, 0x6d200382, 0x6f200382, 0x71200382,
    0x73201f82, 0x75200382, 0xa4200382, 0xc3200f82, 0xc5200782, 0x7c20cf82, 0xda20f182, 0xda20f182, 0x2c10a554, 0x00f0ff55, 0x00efff59, 0x00dcff5a,
    0x5403825d, 0x9b2007ad, 0xbb201382, 0xbd201b82, 0xc22c1382, 0xc400ecff, 0xc6000f00, 0xc800eaff, 0xc9201382, 0xca240382, 0xcb00c4ff, 0xcc242382,
    0xf700e7ff, 0x2306cd54, 0x01dcff1a, 0x2417c954, 0x01daff84, 0x20038285, 0x20038287, 0x23038288, 0x02daff89, 0x2413bd54, 0x02efffb0, 0x200382b1,
    0x200382b2, 0x240382b3, 0x02dcffb4, 0x540382b5, 0x032536c1, 0x03efff15, 0x20038217, 0x20038219, 0x2003821b, 0x2003821d, 0x2803821f, 0x03dcff23,
    0x03f0ff9e, 0x200b82a2, 0x200b82a6, 0x200782a9, 0x200382ab, 0x821382c4, 0xc90321e3, 0xcb201382, 0xd2200b82, 0xda200782, 0xdb240382, 0xdc03daff,
    0xdf200382, 0xe6200382, 0xeb201782, 0xec201382, 0xf1200782, 0xf3200382, 0xb1540b82, 0xff0e280b, 0xff1404f0, 0x821604dc, 0x82182003, 0x23b55403,
    0x200b9954, 0x243f8261, 0x04efff63, 0x20038265, 0x20038267, 0x20038269, 0x2003826b, 0x2003826d, 0x2003826f, 0x20538271, 0x20038273, 0x20038275,
    0x202b829c, 0x541382a4, 0xc32007bd, 0xc5261382, 0xba00dcff, 0x05824700, 0x03824820, 0x03824920, 0x03824b20, 0xf3ff5124, 0x03825200, 0xd6ff5324,
    0x07825400, 0x13825520, 0xddff5928, 0xe1ff5a00, 0x03825d00, 0x0f829420, 0x03829920, 0x13829b20, 0x0782bb20, 0x1382bd20, 0xeeffbe28, 0xe6ffbf00,
    0x2f82c100, 0xebffc230, 0xe9ffc300, 0xf0ffc500, 0xe7ffc600, 0x2382c800, 0x0382c920, 0xe3ffca24, 0x3382cb00, 0xceffcc2c, 0xd4ffcd00, 0xdbffce00,
    0x2f82ec00, 0x0382f020, 0x0382f120, 0x0382f320, 0x0382f420, 0x0382f520, 0x2f82f720, 0x0782f820, 0x0382fa20, 0x0382fb20, 0xf3fffe24, 0x03820001,
    0xdcff0324, 0x07820501, 0xd6ff1828, 0xe1ff1a01, 0x0f821e01, 0x03822220, 0x13822b20, 0x03823620, 0x03823c20, 0x03823e20, 0x13824220, 0x07825320,
    0x03825520, 0x03825720, 0x03825c20, 0x13826020, 0x03826120, 0xdcff6b24, 0x0382a102, 0x0382a220, 0x0382a320, 0x0382a420, 0x0382a520, 0xf3ffaa23,
    0x13f55902, 0xddffb024, 0x0382b102, 0x0382b220, 0x0382b320, 0xe1ffb424, 0x0382b502, 0x3382bd20, 0x0382bf20, 0x0382c120, 0x0382c320, 0x0382c520,
    0x0382c720, 0x0382c920, 0x0382cb20, 0x0382cd20, 0x0382cf20, 0x0382d120, 0x0382d320, 0x0382d520, 0x0382d720, 0x6782f220, 0x0382f420, 0x0382f620,
    0x0382f720, 0x240b095a, 0x03ddff15, 0x20038217, 0x20038219, 0x2003821b, 0x2003821d, 0x2c03821f, 0x03e1ff23, 0x03dcff9e, 0x03f3ffa0, 0x240f82a2,
    0x03d6ffa4, 0x201382a6, 0x200b82a9, 0x200b82aa, 0x200782ab, 0x201f82c4, 0x201f82c5, 0x200f82c6, 0x200782c7, 0x200f82c8, 0x202382c9, 0x200782cb,
    0x200f82cc, 0x200382d1, 0x200f82d2, 0x200382da, 0x200b82e1, 0x201782e6, 0x200782e7, 0x200f82eb, 0x200b82ec, 0x200382f1, 0x240b82f3, 0x04dcffff,
    0x20038201, 0x24038202, 0x04f3ff08, 0x5903820a, 0xdc2a05a9, 0xd6ff1004, 0xe1ff1404, 0x03821604, 0x03821820, 0x1b821c20, 0x27821d20, 0x03823720,
    0x03823920, 0x03823b20, 0x03823d20, 0x03823f20, 0x03824120, 0x03824320, 0x03824520, 0x221d7d59, 0x825b04dc, 0x825d2023, 0x057d5903, 0x6304dc26,
    0x6504ddff, 0x67200382, 0x69200382, 0x6b200382, 0x6d200382, 0x6f200382, 0x71200382, 0x73207782, 0x75200382, 0x7c200382, 0x98207f82, 0x9c200382,
    0xa0203b82, 0xa4209b82, 0xa9201f82, 0xab200b82, 0xb5200382, 0xb7201782, 0xc3200382, 0xc53a2782, 0x0200e1ff, 0xedffca00, 0xc0fff600, 0xc4000100,
    0x28000e00, 0x1eff1000, 0x03821200, 0xcdff2524, 0x0382b200, 0x0382b420, 0xf2ffc72c, 0xcdff0d01, 0x1eff8601, 0x03828a01, 0x03828e20, 0x1eff8f28,
    0xcdff7f02, 0x03828002, 0x03828120, 0x03828220, 0x03828320, 0x03828420, 0x03828520, 0x0382b620, 0x0382b820, 0xcdffba24, 0x03828603, 0x03828e20,
    0x0382b620, 0x0382e220, 0x0382f820, 0xcdfffa24, 0x03821e04, 0x03822020, 0x03822220, 0x03822420, 0x03822620, 0x03822820, 0x03822a20, 0x03822c20,
    0x03822e20, 0x03823020, 0x03823220, 0x03823420, 0x8b829920, 0x2500382c, 0x3c00e4ff, 0x3d00d2ff, 0xa182d3ff, 0xb400e422, 0xc4260f82, 0xda00e2ff,
    0xa582d2ff, 0x3301e422, 0x43200782, 0x5d220382, 0xa182d2ff, 0xa182e420, 0x8102e426, 0x8202e4ff, 0x83200382, 0x84200382, 0x85200382, 0x99240382,
    0xb602d3ff, 0xb8200782, 0xba280382, 0x2203e4ff, 0x2403d3ff, 0x86200382, 0x8b200b82, 0x8e200782, 0x9a200782, 0x9b240782, 0x9d03d2ff, 0xb6200782,
    0xc2200f82, 0xd9200b82, 0xe2200b82, 0xf2200b82, 0xf5200782, 0xf8200f82, 0xfa260b82, 0x0304e4ff, 0xd182d2ff, 0x2004e422, 0x22200b82, 0x24200382,
    0x26200382, 0x28200382, 0x2a200382, 0x2c200382, 0x2e200382, 0x30200382, 0x32200382, 0x34200382, 0x70240382, 0x7204d3ff, 0x74200382, 0x86200382,
    0x99200382, 0x4026cb82, 0xe6ff2700, 0x03822b00, 0x03823320, 0x03823520, 0x03828320, 0x03829320, 0x03829820, 0x0382b320, 0xc2ffb82c, 0x1000c400,
    0xe6ffd300, 0x03820801, 0x03821720, 0x03821b20, 0x03821d20, 0x03821f20, 0x03822120, 0x03824120, 0xe6ff6a24, 0x03824502, 0x03824620, 0x03824820,
    0x03824920, 0x03828620, 0x03829020, 0x03829120, 0x03829220, 0x02215782, 0x20078294, 0x200382bc, 0x200382be, 0x200382c0, 0x200382c2, 0x200382d0,
    0x200382d2, 0x200382d4, 0x200382d6, 0x200382f8, 0x240382fa, 0x03e6fffc, 0x2003822d, 0x2003828a, 0x20038297, 0x820382bd, 0xed032133, 0xf0240782,
    0x0b04e6ff, 0x0d200382, 0x0f200382, 0x4a200382, 0x4c200382, 0x4e200382, 0x50200382, 0x52200382, 0x54200382, 0x56200382, 0x58200382, 0x5a200382,
    0x5c200382, 0x5e200382, 0x60200382, 0x9f200382, 0xb8200382, 0x3f26df82, 0xf3ff2700, 0x03822b00, 0x03823320, 0x03823520, 0x03828320, 0x03829320,
    0x03829820, 0x0382b320, 0x0d00c422, 0xf320fd82, 0xf326fd82, 0xf3ff1701, 0x03821b01, 0x03821d20, 0x03821f20, 0x03822120, 0x03824120, 0xf3ff6a24,
    0x03824502, 0x03824620, 0x03824820, 0x03824920, 0x03828620, 0x03829020, 0x03829120, 0x03829220, 0xfd825382, 0xbc02f322, 0xbe200b82, 0xc0200382,
    0xc2200382, 0xd0200382, 0xd2200382, 0xd4200382, 0xd6200382, 0xf8200382, 0xfa200382, 0xfc220382, 0xfd82f3ff, 0x8a03f322, 0x97200782, 0xbd200382,
    0x33820382, 0xf326fd82, 0xf3fff003, 0x03820b04, 0x03820d20, 0x03820f20, 0x03824a20, 0x03824c20, 0x03824e20, 0x03825020, 0x03825220, 0x03825420,
    0x03825620, 0x03825820, 0x03825a20, 0x03825c20, 0x03825e20, 0x03826020, 0x03829f20, 0xdb82b820, 0x002f8208, 0x006dff56, 0x008cff5b, 0x00bffd6d,
    0x007dfe7c, 0x00bcfe81, 0x002bff86, 0x004bff89, 0x0061ffb8, 0x008fffbe, 0x000fffbf, 0x00e8fec3, 0x001fffc6, 0x00e5fec7, 0x0046ffca, 0x00edfecc,
    0x00fdfecd, 0x00d9fece, 0x0052ffd9, 0x000500e6, 0x00bdffea, 0x0049ffeb, 0x00fefeed, 0x0013ffef, 0x0068fff6, 0x000efffd, 0x0113ffff, 0x0107ff01,
    0x010eff07, 0x0111ff09, 0x013cff1c, 0x01acff20, 0x0115ff2e, 0x200b8230, 0x08178238, 0x6aff3a34, 0x49ff4001, 0x0cff4a01, 0x3fff4c01, 0xf1fe4d01,
    0xc0ff5801, 0xeffe5f01, 0x31ff6301, 0x5fff6501, 0x0aff6901, 0x05006c01, 0x30ff6d01, 0xd5ff6e01, 0x935b2000, 0x00f3220a, 0x20cf825d, 0x290382bd,
    0x01f5fff6, 0x01f3ff1a, 0x875bff84, 0x02f32613, 0x03f3ffb5, 0x20038223, 0x200382a6, 0x200382c9, 0x200382d2, 0x220382da, 0x5bf2ffdb, 0xf3260a87,
    0xf3fff303, 0x03821404, 0x03821620, 0x03821820, 0x03827120, 0x03827320, 0x03827520, 0x0382c320, 0x6b82c520, 0x2e00112a, 0x3900ecff, 0x9502ecff,
    0x96200382, 0x97200382, 0x98200382, 0xe5240382, 0x1403ecff, 0x16200382, 0x18200382, 0x1a200382, 0x1c200382, 0x1e200382, 0xb2240382, 0x6204ecff,
    0x64200382, 0xc1200382, 0x01303f82, 0xf1ff1c01, 0x10000600, 0x120084ff, 0x860184ff, 0x8a200382, 0x8e200382, 0x8f200382, 0x07381382, 0x0d004a00,
    0xf5ffbe00, 0x0b00c600, 0xeaffc700, 0x0c00ca00, 0xc8ffed00, 0x18253784, 0xecff5300, 0x21638201, 0x7782ab02, 0x0382ac20, 0x0382ad20, 0x0382ae20,
    0x0382af20, 0x0382f920, 0x0382fb20, 0x7782fd20, 0x0382a420, 0x0382aa20, 0x7782c620, 0x03820c20, 0x03821020, 0x03824b20, 0x03824d20, 0x03824f20,
    0x03825120, 0x04214b82, 0x20078255, 0x20038257, 0x2003825f, 0x209f82a0, 0x2a7f8203, 0x0058000f, 0x005b0032, 0x4c090011, 0xb83106b1, 0xeafff600,
    0xf0ff0901, 0xf1ff2001, 0xebff3a01, 0x058d5301, 0x8501ec28, 0x4000b0ff, 0x39824700, 0x03824820, 0x03824920, 0x03824b20, 0x00215582, 0x20078294,
    0x20038299, 0x200382bb, 0x200382c8, 0x200382c9, 0x20bd82f7, 0x20038203, 0x2003821e, 0x20038222, 0x20038242, 0x20038260, 0x20038261, 0x20b9826b,
    0x200382a1, 0x200382a2, 0x200382a3, 0x200382a4, 0x200382a5, 0x200382bd, 0x200382bf, 0x200382c1, 0x200382c3, 0x200382c5, 0x200382c7, 0x200382c9,
    0x200382cb, 0x200382cd, 0x200382cf, 0x200382d1, 0x200382d3, 0x200382d5, 0x20f982d7, 0x2003829e, 0x820382c4, 0xcb03217b, 0xe6200782, 0xec200382,
    0xf1200382, 0xff200382, 0x0120ed82, 0x02200382, 0x0e200382, 0x1d200382, 0x37200382, 0x39200382, 0x3b200382, 0x3d200382, 0x3f200382, 0x41200382,
    0x43200382, 0x45200382, 0x59200382, 0x5b200382, 0x5d200382, 0xaf820382, 0x829c0421, 0x82a92007, 0x82ab2003, 0x000230d7, 0x01c0fff6, 0x00b0ff85,
    0x0006004d, 0x820b0010, 0x000d2703, 0x00410014, 0xf1500012, 0xff4b240b, 0x825500e8, 0x00612403, 0x82940013, 0x50992007, 0xd95006e5, 0x07d55007,
    0x2619cd50, 0x00850110, 0x82870110, 0x82882003, 0x00892303, 0x7d500210, 0x36615013, 0xff9e0325, 0x82c403e8, 0x218f8203, 0x0782cb03, 0x1000db24,
    0x0382dc03, 0x0382df20, 0x0f82e620, 0x4f07a54f, 0x0e240ba1, 0x1d04e8ff, 0x8d4f0382, 0x0b714f1f, 0x2f826120, 0x03829c20, 0x5d4fa920, 0x02002905,
    0xf5fff600, 0xb0ff8501, 0x200c234f, 0x08234fb0, 0x1f820720, 0x0901f028, 0x2001f1ff, 0x1582f3ff, 0x6301f122, 0x65320782, 0x6d01e9ff, 0x1100d3ff,
    0xeeff2e00, 0xeeff3900, 0x03829502, 0x03829620, 0x03829720, 0x03829820, 0xeeffe524, 0x03821403, 0x03821620, 0x03821820, 0x03821a20, 0x03821c20,
    0x03821e20, 0xeeffb224, 0x03826204, 0x03826420, 0x3f82c120, 0x00063408, 0x00e5ff5b, 0x00cbffb8, 0x01e4ffcd, 0x01ecffdb, 0x02ebffe5, 0x00edff31,
    0xff0a001e, 0x000d00e2, 0xff0e0014, 0x004100cf, 0xff4a0012, 0xff5600ea, 0x825800d8, 0x00613607, 0xff6d0013, 0xff7c00ae, 0xff8100cd, 0xff8600a0,
    0xff8900c1, 0x224982c0, 0x82bc00d0, 0x82be201f, 0xffbf245b, 0x82c000c6, 0xffc23041, 0xffc300e9, 0xffc600d6, 0xffc700e8, 0x82ca00ba, 0x84cc200f,
    0x00da2871, 0x01c7ffce, 0x82d3ff8d, 0x82cb2079, 0x82cb2079, 0x00cd2279, 0x26458217, 0xffbe00d4, 0x82c200f0, 0x82c42087, 0xffca26e9, 0xffcc00e0,
    0x20a382e7, 0x223182e5, 0x82d900ee, 0x82ea208d, 0xfff62445, 0x823a01d7, 0x824a2003, 0xff4c3441, 0xff4d01d6, 0xff5801c5, 0x006201e7, 0x0064010d,
    0x826d010c, 0xff6e2213, 0x205d82f2, 0x205d82e9, 0x225d82e7, 0x820700e9, 0x000f2491, 0x820c0041, 0x00eb24cb, 0x820e0061, 0x8ce7201d, 0x8214201d,
    0x8211201d, 0x82e2201d, 0x8213201d, 0x82d9201d, 0x82d9201d, 0x00d9243b, 0x82040033, 0xff562aff, 0xff5b00b5, 0xfe6d00c7, 0x20ff82b8, 0x20ff8228,
    0x20ff824d, 0x20ff828e, 0x20b982a1, 0x24b982ae, 0xffbf00c9, 0x20f3827e, 0x20f38267, 0x20f38287, 0x20f38265, 0x24c1829e, 0xffcd006a, 0x08c18273,
    0xd9005e3e, 0xe600a5ff, 0xea000f00, 0xeb00e4ff, 0xed00a0ff, 0xef0074ff, 0xf60080ff, 0xfd00b2ff, 0xff007dff, 0x010180ff, 0x070179ff, 0x09017dff,
    0x1c017fff, 0x200198ff, 0x2e01daff, 0x300181ff, 0x38200b82, 0x3a321782, 0x4001b3ff, 0x4a01a0ff, 0x4c017cff, 0x4d019aff, 0xfd826cff, 0x5f01e639,
    0x63016bff, 0x650192ff, 0x6901adff, 0x6c017bff, 0x6d010f00, 0x410191ff, 0xb9200509, 0xb920cd82, 0xb930cd82, 0x38001d00, 0x3a00b0ff, 0x3d00edff,
    0xd200d0ff, 0xd6280b82, 0x1901b0ff, 0x3901edff, 0x452c0782, 0x9902b0ff, 0x0e03d0ff, 0x1003b0ff, 0x12200382, 0x22200382, 0x24200f82, 0x8b200382,
    0x9a200382, 0x9d200382, 0xc1200382, 0xd9201782, 0xea280782, 0xf203edff, 0x7004d0ff, 0x72200382, 0x74200382, 0x77240382, 0x8604b0ff, 0xbf200782,
    0xc2240782, 0xc404edff, 0x33206b82, 0xd5207582, 0xe4247582, 0xecff3b00, 0xdd207982, 0xd5287982, 0xd5ffd600, 0xe4ff1901, 0xd5227982, 0x0b824501,
    0x0e00eb28, 0x0e00ed01, 0x03823302, 0xddff9922, 0xd5208582, 0xd52a8582, 0xd5ff1203, 0xecff2003, 0x13822203, 0x03822420, 0x0e003223, 0x21238203,
    0x07823403, 0x03823520, 0x03823620, 0x03823720, 0x03823820, 0x03824d20, 0x03824e20, 0x03824f20, 0x2b828b20, 0x03829a20, 0x03829d20, 0x4382c120,
    0x4382d320, 0x0382d520, 0x0382d720, 0x1382d920, 0xe4ffea22, 0xdd20bd82, 0xdd26bd82, 0xddff7204, 0x03827404, 0xd5ff7722, 0xdd22bd82, 0x0782bf04,
    0xe4ffc222, 0xe42abd82, 0xecffc604, 0x0e00cb04, 0x0382d204, 0x0e00ea26, 0x58000800, 0x64080582, 0x009fff81, 0x00f5ffbe, 0x00deffc4, 0x00e5ffc7,
    0x00a8ffd9, 0x01caffed, 0x00e3ff5f, 0xff5b0005, 0xffd601a4, 0xffdb0154, 0xffe501f1, 0xff3102f1, 0x001200f3, 0x00c1ff5b, 0x00c5ffb8, 0x00b4ffca,
    0x00d7ffea, 0x01b9fff6, 0x01b2ff09, 0x01d2ff1c, 0x01c8ff20, 0x01a0ff3a, 0x01c5ff4a, 0x01e4ff58, 0x01ccff63, 0x26038265, 0x01cbff6d, 0x42efff6e,
    0xe62006b1, 0xe8204982, 0xd9288182, 0xed001500, 0x49011500, 0x4a242982, 0x4c01e5ff, 0x62320782, 0x6401e3ff, 0x6c01e2ff, 0xe700e4ff, 0x16ff1000,
    0x03821200, 0x56ff252c, 0xf8fe2e00, 0x14003800, 0xab824500, 0xebff4724, 0x03824800, 0x03824920, 0x03824b20, 0x03825320, 0x03825520, 0xe6ff562c,
    0xeaff5900, 0xe8ff5a00, 0x03825d00, 0x13829420, 0x03829920, 0x13829b20, 0x4382b220, 0x0382b420, 0x0f82bb20, 0x1b82bd20, 0x0782c820, 0x0382c920,
    0x1b82cb20, 0x5782d220, 0x0382d620, 0xebfff724, 0x03820301, 0x56ff0d24, 0x07821801, 0xe8ff1a24, 0x07821e01, 0x03822220, 0x14003924, 0x07824201,
    0x07824520, 0x07826020, 0x03826120, 0x03826b20, 0x16ff8624, 0x03828a01, 0x03828e20, 0x03828f20, 0xc0ffeb28, 0xc0ffed01, 0x03823302, 0x56ff7f24,
    0x03828002, 0x03828120, 0x03828220, 0x03828320, 0x03828420, 0x03828520, 0xdeff9a24, 0x03829b02, 0x03829c20, 0x03829d20, 0x03829e20, 0x03829f20,
    0x0382a020, 0xebffa124, 0x0382a202, 0x0382a320, 0x0382a420, 0x0382a520, 0x24139566, 0x02eaffb0, 0x200382b1, 0x200382b2, 0x240382b3, 0x02e8ffb4,
    0x200382b5, 0x205f82b6, 0x204782b7, 0x200782b8, 0x200782b9, 0x200782ba, 0x200782bb, 0x204782bd, 0x200382bf, 0x200382c1, 0x200382c3, 0x200382c5,
    0x200382c7, 0x200382c9, 0x200382cb, 0x200382cd, 0x200382cf, 0x200382d1, 0x200382d3, 0x200382d5, 0x230382d7, 0x02f8fee5, 0x240bc966, 0x0314000e,
    0x20038210, 0x24038212, 0x03eaff15, 0x20038217, 0x20038219, 0x2003821b, 0x2003821d, 0x2803821f, 0x03e8ff23, 0x03c0ff32, 0x20038233, 0x20038234,
    0x20038235, 0x20038236, 0x20038237, 0x20038238, 0x2003824d, 0x2003824e, 0x2403824f, 0x0356ff86, 0x2403828e, 0x03ebff9e, 0x823b82a2, 0xa60321f3,
    0xa9203f82, 0xaa200b82, 0xab201382, 0xb2230782, 0x8203f8fe, 0xc10321d7, 0xc3247382, 0xc403deff, 0xc6201782, 0xc8200382, 0xc9200382, 0xcb202b82,
    0xd2200782, 0xda200782, 0xe2200382, 0xe3204b82, 0xe6202382, 0xeb201382, 0xec200f82, 0xf1200782, 0xf3200382, 0xf8200b82, 0xf9201b82, 0xfa201b82,
    0xfb200782, 0xff240782, 0x0104ebff, 0x02200382, 0x0c200382, 0x0e200382, 0x10200382, 0x14240382, 0x1604e8ff, 0x18200382, 0x1d200382, 0x1e280f82,
    0x1f0456ff, 0x2004deff, 0x21200782, 0x22200782, 0x23200782, 0x24200782, 0x25200782, 0x26200782, 0x27200782, 0x28200782, 0x29200782, 0x2a200782,
    0x2b200782, 0x2c200782, 0x2d200782, 0x2e200782, 0x2f200782, 0x30200782, 0x31200782, 0x32200782, 0x33200782, 0x34200782, 0x35200782, 0x37200782,
    0x39206382, 0x3b200382, 0x3d200382, 0x3f200382, 0x41200382, 0x43200382, 0x45200382, 0x95670382, 0x04eb221d, 0x2023825b, 0x2003825d, 0x2003825f,
    0x24038261, 0x04eaff63, 0x20038265, 0x20038267, 0x20038269, 0x2003826b, 0x2003826d, 0x2003826f, 0x20d38271, 0x20038273, 0x24038275, 0x04140077,
    0x20838299, 0x2083829a, 0x2037829c, 0x200382a0, 0x202382a4, 0x200782a9, 0x200382ab, 0x201f82bf, 0x202782c3, 0x240382c5, 0x04c0ffcb, 0x3c0382d2,
    0x00c0ffea, 0xff4a0003, 0xff5b00ee, 0xffd601ea, 0x000700f0, 0x00dfff81, 0x00f3ffb5, 0x240d82b7, 0x00eaffc4, 0x3e0f82d9, 0x01e0ffe6, 0x00e0ff6c,
    0xff0d0004, 0xff4100e6, 0xff6100f4, 0xff4d01ef, 0x010200ed, 0x820b0011, 0x00e62a1b, 0xff230017, 0xff5800c3, 0x224b82ef, 0x829a00df, 0xffb82753,
    0xffb900e5, 0x414700d1, 0x00c83a05, 0x001300d9, 0x00c5ffe6, 0x01cafff6, 0x019fff3a, 0x0151ff49, 0x017bff4a, 0x2c0f824c, 0x01ddff4d, 0x01f2ff58,
    0x0175ff62, 0x260f8264, 0x014fff6c, 0x828cff6d, 0xcd260893, 0xf5ffe501, 0x13000100, 0x180020ff, 0x14003a00, 0x12003b00, 0x16003d00, 0x14001901,
    0x16009902, 0x12002003, 0x07822203, 0x03822420, 0x03828b20, 0x03829a20, 0x03829d20, 0x1782d320, 0x0382d520, 0x0382d720, 0x0f82d920, 0x1400ea28,
    0x1600f203, 0x03827004, 0x03827220, 0x03827420, 0x03828620, 0x1400c224, 0x0382c404, 0x5782c620, 0x5b000124, 0x01820b00, 0xd8ff3824, 0x0382d200,
    0xd8ffd624, 0x03823901, 0xd8ff4524, 0x03820e03, 0x03821020, 0x03821220, 0xd8ffc124, 0x03827704, 0x2382bf20, 0x00000126, 0x08000100, 0x0a260382,
    0x24000500, 0x09824800, 0x01cb5d10, 0x052108f5, 0x00006400, 0xb0052803, 0x06000300, 0x0c000900, 0x71000f00, 0x11100cb2, 0xb0391211, 0x00b0100c,
    0x200583d0, 0x20058406, 0x2f058409, 0xb000d00d, 0xb0584500, 0xb11b2f02, 0x593e1e02, 0x00200c84, 0x00270c82, 0xb2593e12, 0x82000204, 0x05b22139,
    0x07200685, 0x08200685, 0xb1250684, 0xb2f40c0a, 0x210a840c, 0x06840db2, 0x02b04b08, 0x0c0eb110, 0x213130f4, 0x03211121, 0x11010111, 0x01210301,
    0x03210135, 0x023cfd28, 0xeefe36c4, 0x0c01bafe, 0xfe0302e4, 0xfd0201fe, 0xfab005fd, 0xfd0705a4, 0xfb77027d, 0xfd780211, 0x885e025e, 0x02005e02,
    0xf5ffa000, 0xc1847b01, 0x30000c22, 0x0b209c92, 0x0b209c82, 0xb12f9c82, 0x0ab00506, 0xd821582b, 0xb259f41b, 0x82020601, 0x302708a8, 0x03230131,
    0x36340333, 0x06141632, 0x5b012622, 0xc9c20da7, 0x38386c37, 0x9b01376c, 0xadfa1504, 0x5a3d3d2d, 0x82003b3b, 0x04883465, 0x06230212, 0x00040000,
    0x00190009, 0xb22f03b0, 0x82030a02, 0x02b02b42, 0xd007b02f, 0xb01003b0, 0x4e82d008, 0x13230324, 0x04830533, 0x1e150127, 0x018c016f, 0x2605830e,
    0x9afe7805, 0x8388ee01, 0x20498204, 0x20448277, 0x24af82d3, 0x001f001b, 0x20af8591, 0x20a2820c, 0x074c410c, 0x0c821020, 0x0c871020, 0x0c820220,
    0xbc820220, 0x4500b025, 0x821ab058, 0x821a200c, 0x1db2220c, 0x27bd830c, 0x2f1db07c, 0x0300b118, 0xb027d588, 0x1db0d004, 0x8406b010, 0xd00b2605,
    0xb12f0bb0, 0x231d8a08, 0x0eb0100b, 0x10281482, 0xb0d012b0, 0x14b01008, 0x16262684, 0x1000b0d0, 0x118418b0, 0xc1831e20, 0xbd822120, 0x21352324,
    0x03822113, 0x21033328, 0x33033313, 0x03842315, 0x0d822320, 0x02213208, 0x50f8fefd, 0x01ef508f, 0xfefe4509, 0x8f521d01, 0x52080152, 0xe7cc5290,
    0x50fbe145, 0x08019e90, 0x01f8fe45, 0x0166fe9a, 0x6201899a, 0xfea0018b, 0x38038360, 0x899efe8b, 0x230266fe, 0x00006201, 0xff6e0001, 0x06110430,
    0x002b009c, 0x20ff8569, 0x20d88209, 0x20f28709, 0x200c8222, 0x2be58322, 0x11092202, 0x09b03912, 0xd00cb010, 0x10200583, 0xb1220583, 0xef890113,
    0xb1100223, 0x250e8a19, 0x1fb01022, 0x0582b0d0, 0x05832620, 0x8929b121, 0x31303b1a, 0x27263401, 0x34352626, 0x33353736, 0x15161615, 0x23263423,
    0x14150622, 0x0c820416, 0x07061425, 0x82352315, 0x3360081e, 0x32331614, 0x81580336, 0xbfc3d599, 0xbba895a7, 0x777286b8, 0x3101857e, 0xb7cb51ab,
    0xb9d3ba94, 0x96838692, 0x7e5c7701, 0xa1d14133, 0xdb14d2a4, 0xcdec17dc, 0x6e7ba68d, 0x77637966, 0xcea96a9e, 0x11bfbf13, 0x968bc6e7, 0x0500007e,
    0xebff6900, 0xc5058305, 0x1a000d00, 0x34002600, 0x7c003800, 0x0320ef85, 0x0320e282, 0x2320ef87, 0x23200c82, 0xb02bef82, 0x0ab01003, 0x2f0ab0d0,
    0x890411b1, 0x100323e2, 0x0e8a18b1, 0xb010232c, 0x1db0d01d, 0x1023b02f, 0x178a2ab1, 0xb1101d23, 0x2d0e8931, 0x032335b2, 0xb0391211, 0x37b22f35,
    0x09832303, 0x302f3732, 0x36341331, 0x15163233, 0x23061415, 0x17352622, 0x352aea84, 0x22263435, 0x34011506, 0x19842036, 0x188b2020, 0x19822320,
    0x0127053d, 0x83a76917, 0x81a7a585, 0x588aaa82, 0x5657474a, 0x3b025694, 0xa80601a7, 0x83fcfea7, 0x484c0811, 0x47495756, 0x6907fe59, 0x0469c702,
    0xabaa8398, 0xa7844788, 0x4e078ba7, 0x49556265, 0x5266664e, 0xa983d1fc, 0x83478ba8, 0x068ba7a9, 0x5563654f, 0x63644f4a, 0x0442f354, 0x03004272,
    0xecff6500, 0xc405f304, 0x27001e00, 0x87003300, 0x24120f42, 0xb11b2f1c, 0x0702431c, 0x0c821820, 0x0c821820, 0x1c22b223, 0x23d78209, 0x1c092ab2,
    0x03220683, 0x06832a22, 0x222a1022, 0x11200683, 0x13201485, 0x19202285, 0x16220685, 0x1b821911, 0x101cb024, 0x17421fb1, 0x21b22309, 0x1583111f,
    0xb1100923, 0x28158931, 0x34133130, 0x26263736, 0x05304135, 0x06148f08, 0x36010707, 0x07143335, 0x06272317, 0x24222306, 0x01373205, 0x14150607,
    0x17140316, 0x35363637, 0x22232634, 0xa5756506, 0xa8c44261, 0x6f59c496, 0x4444016b, 0xded07ba7, 0x67c74a61, 0x01fefed5, 0xfe7a93d7, 0x99a7219d,
    0x44767622, 0x524c6432, 0x69870160, 0x907675b0, 0xafbca647, 0x52955885, 0x827dfe4f, 0xf9a8ff9f, 0xe2454273, 0xa901704b, 0x76827b18, 0x60e5038e,
    0x57305390, 0x6f59433e, 0x67000100, 0xfd002104, 0x04000006, 0x7d441000, 0x03052105, 0x82057d44, 0x23032eac, 0x15fd3313, 0x05950181, 0x0190fe91,
    0x312d82df, 0x022afe85, 0x006b0695, 0x00090011, 0xb02f0eb0, 0x26822f04, 0x12343b08, 0x06173712, 0x10070302, 0x07171613, 0x85022726, 0x2681f079,
    0x0109bb92, 0x2675558d, 0x02ec7985, 0xa001e24f, 0x7a465401, 0xfe34fe70, 0x7efe55e3, 0x60aae4fe, 0x01ae4a71, 0x53820054, 0x53822620, 0x538e3720,
    0x14013c08, 0x27070202, 0x35131236, 0x27020234, 0x12121637, 0xf1753702, 0xbb9a2784, 0x629d5802, 0x77ef8427, 0xfedf4502, 0x49a6fe67, 0xf1017671,
    0xd2202f01, 0x1e016901, 0xfe497150, 0x8264feaa, 0x021c2a53, 0x05550361, 0x000e00b0, 0x05f94120, 0x1b2f0431, 0x3e1e04b1, 0xd000b059, 0x2f00b019,
    0x8209b018, 0x093b0807, 0x3130182f, 0x05372501, 0x25033303, 0x07130517, 0x01270303, 0x2ed2fe4a, 0x99092e01, 0x2e29010a, 0x7cc6cdfe, 0x037db4ba,
    0x70975ad7, 0xa3fe5801, 0xfe5b986e, 0x20015ef1, 0x835be7fe, 0x004e2eb9, 0x04340492, 0x000b00b6, 0x09b0001b, 0x245b822f, 0xb11009b0, 0x09f04106,
    0xd003b022, 0x20086082, 0x11211521, 0x35211123, 0x02331121, 0xfe96019e, 0x6afeba6a, 0x03ba9601, 0x34feaf0d, 0x01afcc01, 0x2a4b83a9, 0x01defe1d,
    0x00db0034, 0x83180008, 0x04b1214b, 0x83095446, 0x2f003b57, 0x27133130, 0x33353736, 0x86061415, 0xb5045e69, 0x48defe63, 0x91a78b83, 0xef82ca65,
    0x1f022530, 0xb6020d02, 0x12000300, 0x2f02b000, 0x838901b1, 0x01313022, 0x02287a82, 0x0118fe0d, 0x971f02e8, 0x902a6b83, 0x7601f5ff, 0x0900d100,
    0x1d411c00, 0x2f072905, 0x1207b11b, 0x02b1593e, 0x30267589, 0x36343731, 0x6e821632, 0x90262230, 0x3b3b7239, 0x30613972, 0x2e304040, 0x43833e3e,
    0x83ff1226, 0xb0051003, 0x13207182, 0xfb824382, 0x3e0abb47, 0x23173130, 0x9fb13301, 0x7d9e6002, 0x00002d06, 0xff730002, 0x050a04ec, 0x000d00c4,
    0x853b001b, 0x820a2073, 0x1e0a2173, 0x2006e847, 0x200c8203, 0x24808203, 0xb1100ab0, 0x24bb8911, 0xb11003b0, 0x08ca8c18, 0x23021053, 0x35030222,
    0x32331210, 0x34271312, 0x06222326, 0x16141107, 0x37363233, 0xecde0a04, 0xde04e0e9, 0x03deebed, 0x8e8f84b9, 0x8b890282, 0x02038589, 0xfebbfe6d,
    0x013501c4, 0x4101f733, 0xd3fe3801, 0xeb0dc6fe, 0xfeded6d7, 0xd4e1ecd8, 0x000100e4, 0x26a082aa, 0x00b705d9, 0x853a0006, 0x82052099, 0x4805208c,
    0x00291182, 0x39121105, 0xb12f04b0, 0x22918903, 0x830302b2, 0x31303515, 0x05112321, 0x02332535, 0x8bfebad9, 0x041d1202, 0xc7a889d1, 0x5d245b82,
    0x33040000, 0x1722f782, 0x5b854f00, 0x480c8447, 0xb12107de, 0x26518917, 0xb2d002b0, 0x83171003, 0x1010236a, 0x188a09b1, 0xb0101028, 0x15b2d00c,
    0x1b821017, 0x21227082, 0x21440135, 0x15360807, 0x33243423, 0x14151632, 0x04210101, 0x0146fc33, 0x8a5570f8, 0xb9998a73, 0xcbd90301, 0xfeeefeec,
    0x85db027a, 0x9f7f3002, 0x9d927255, 0xd5f8c98c, 0xd7fed7b1, 0x9f8259fe, 0xecff5e24, 0x9f82f903, 0x7b002622, 0x0d209f85, 0x0d20fb82, 0x1920fb87,
    0x19270c82, 0xb2593e12, 0x82190d00, 0x00b02e74, 0x00cfb22f, 0x9fb25d01, 0xb2710100, 0x2509832f, 0x7201005f, 0xf3420db0, 0x100d290d, 0xb0d009b0,
    0x26b11000, 0xb223bc89, 0x83002613, 0x10192641, 0xb0d01cb0, 0x0c2b4519, 0x01313023, 0x23c98233, 0x06222310, 0x3620c882, 0x0622c884, 0xce821607,
    0x24200423, 0x05394735, 0x34355208, 0x01232726, 0x96838b86, 0xb98f78ff, 0xeacec3fd, 0x83786a7b, 0x66fe00ff, 0x96bafffe, 0x9c8e867e, 0x32038b93,
    0x01728602, 0xad718900, 0x5fc2dae5, 0xb0262cb2, 0xdee6c47f, 0x8c8a73b6, 0x02887f83, 0x00020000, 0x04000035, 0x00b00550, 0x000e000a, 0x1211464a,
    0xef820420, 0xef830420, 0x04090122, 0x0123ad83, 0x8902b12f, 0x06b02cc3, 0x1001b0d0, 0xb2d00bb0, 0x820b0608, 0x0db2211e, 0xbe832584, 0x23153308,
    0x21112311, 0x01330135, 0x03071121, 0xbacaca86, 0x8c0269fd, 0x0181fdc5, 0xe90116c5, 0x01aefe97, 0xf1036d52, 0xca0239fc, 0x01000028, 0xecff9a00,
    0x87822d04, 0x64001d22, 0x01208585, 0x01207882, 0x20077541, 0x200c820d, 0x8285820d, 0x04b1216c, 0xb2237e89, 0x82010d07, 0x07b02475, 0x8a1ab12f,
    0x07052215, 0x2915831a, 0x11b0100d, 0x100db0d0, 0x1b8914b1, 0x1007b03d, 0x30d01db0, 0x21131331, 0x36032115, 0x15123233, 0x22230214, 0x16332726,
    0x46323316, 0x3308055d, 0x4ace0707, 0xb3fdea02, 0xc7886b2c, 0xc1daf3ea, 0x11af11f4, 0x93817690, 0x4579849f, 0x02da0231, 0x73feabd6, 0xe0f9fe3f,
    0xd6fdfee1, 0xb07f7dbd, 0x35b1929b, 0x0222c382, 0xc3828400, 0xb1051c28, 0x21001400, 0xc5855100, 0xb8820020, 0xc5900020, 0x44100021, 0xc5820b8d,
    0xc5860020, 0xa98a1520, 0x1c20b882, 0x240ce743, 0x04062315, 0x2bb28807, 0x10353500, 0x22032500, 0x14150706, 0x4c08ba86, 0xd8224f03, 0x731400ff,
    0xf5e3bec7, 0xfcfed1ce, 0x53015701, 0x1fa05fd2, 0x8f7d79a2, 0x9db10591, 0x84e1f804, 0xe1d4f4fe, 0x4101f2fe, 0x920147fd, 0xfd05a901, 0x44567270,
    0x95b8dcb4, 0x0000b996, 0x004d0001, 0x05250400, 0x000600b0, 0x12f74333, 0xcc820120, 0x3e120126, 0x1005b059, 0x200cf043, 0x06f04300, 0x01012808,
    0x35210123, 0xfd250421, 0x5902c2a5, 0xd803ecfc, 0xb8fa4805, 0x00981805, 0xff700003, 0x050e04ec, 0x001700c4, 0x412b0021, 0x152007e3, 0x15205082,
    0x20071d41, 0x200c8209, 0x2e5d8209, 0x150927b2, 0xb0391211, 0xcfb22f27, 0x415d0127, 0x03220cd9, 0x1a82271a, 0x270fb223, 0x0649481a, 0x240a5f48,
    0xb11015b0, 0x0c304122, 0x32431420, 0x23062405, 0x48352622, 0x63080a64, 0x22263403, 0x33161406, 0x22013632, 0x16141506, 0x26343632, 0x6273ec03,
    0xd0ff8572, 0x7281fdd2, 0xc1ec7061, 0x9b97edc0, 0x839397fa, 0xeafe9482, 0xde85876d, 0x34048a85, 0x3130aa6d, 0xe0bd77bc, 0xbe76bce1, 0x6caa3031,
    0xfcd8d8b8, 0x989a7aa1, 0x048f8ef8, 0x6f74871a, 0x8cde8989, 0x64000200, 0xf803ffff, 0x2422e984, 0x45415b00, 0x820b2005, 0x870b20da, 0x821320e7,
    0x8313200c, 0x130322e7, 0x24c5830b, 0x00b22f03, 0x20098403, 0x0daa4213, 0x210de845, 0x21440bb0, 0x8306200f, 0x31d983d8, 0x12323336, 0x00101511,
    0x33352305, 0x32253636, 0x25493736, 0x08db8205, 0x3a3e0359, 0xbb7e60a1, 0x88cc6f66, 0xb0fef9d8, 0x2724adfe, 0xeefef6e5, 0x9e249d5d, 0x8f947a79,
    0x54458002, 0x9288e17c, 0xbdfe7cea, 0xfe36e9fe, 0x0579fe57, 0xfae7049c, 0xb64a5472, 0x9599bbe4, 0x00ffffc1, 0x01f5ff86, 0x0044046d, 0xf6120026,
    0x00070100, 0x03f7ff12, 0x45100073, 0x1a240a1b, 0x3130593e, 0x29242982, 0x5501defe, 0x27202982, 0xdf282382, 0x06017303, 0x000c1000, 0x03202987,
    0x0320f682, 0x002d2984, 0x00480001, 0x047a03c3, 0x0006004a, 0x0a674216, 0x3d081d82, 0xb0d002b0, 0x31302f02, 0x01150501, 0x01150135, 0xfc720208,
    0x023203ce, 0x01c4fd84, 0x7a01927b, 0x020000c4, 0x8f019800, 0xcf03da03, 0x07000300, 0xb0002700, 0x03b02f07, 0x2f03b0d0, 0xe74300b1, 0x0b28440c,
    0x2905f047, 0x21352111, 0xbefcda03, 0x03834203, 0xa12e0326, 0x00a0c0fd, 0x86268d82, 0xdc03c400, 0x8d894b04, 0xab820220, 0x8d830220, 0xb0d00523,
    0x848d8305, 0x0335338b, 0x036bfd1b, 0x02aafc56, 0xbe03018a, 0xfe9286fe, 0x8d82c085, 0xf5ff4b2c, 0xc4057603, 0x21001800, 0xd1465300, 0x82202012,
    0x1220254c, 0x1bb1593e, 0x2a094848, 0x101b00b2, 0xb2391211, 0x46001004, 0x002019d5, 0xb9822283, 0x37363623, 0x05994437, 0x23150623, 0x050c4636,
    0x06070723, 0x094b4f15, 0x32026533, 0x6e54834d, 0xb97c6669, 0xbdb6e302, 0x496da2d3, 0x065a4fc1, 0x8a779a35, 0x6d5f8754, 0x5b6c7769, 0xb1cbc7a2,
    0x516caaaf, 0x4fc3fe98, 0x6a2f096b, 0xd6063bfe, 0x35009705, 0x6c004200, 0x4832b000, 0x082005b5, 0x0820b382, 0xb026b382, 0x0fb2d003, 0xa3830832,
    0xb22f0f25, 0x830f0805, 0x10082409, 0x4d0239b1, 0x15260935, 0x1032b0d0, 0x118a1bb1, 0xb0100829, 0x2ab0d02a, 0x8a23b12f, 0x100f2314, 0x0e8940b1,
    0x062cd682, 0x27222302, 0x22230606, 0x12363726, 0x1730d583, 0x32330603, 0x00123736, 0x02042221, 0x04120607, 0x17200d83, 0x242c2183, 0x12121302,
    0x04323324, 0x16060112, 0xac081583, 0x23261337, 0xca060622, 0xbbb5d80c, 0x4a8b3635, 0x0f13928e, 0x5169bf79, 0x13345080, 0x068c7193, 0xfeb9fe13,
    0xc8fec9b2, 0x900c0bb4, 0x5ad12701, 0x3e253cb5, 0xfefa69cd, 0x0c0cb398, 0xef7c01de, 0xae6401f9, 0x510ef2fb, 0x246f3c58, 0x40382e01, 0xf6019975,
    0xa8e8fef2, 0xcde85355, 0x940301a5, 0xd6fd3f2b, 0x01b4e0e7, 0xc7980185, 0xf8f688fe, 0x2cc193fe, 0x32277323, 0x01a701e1, 0x0113011b, 0xfee0efb7,
    0x8e90fe5a, 0x095f6698, 0xee1df701, 0x00020000, 0x0500001c, 0x00b0051d, 0x000a0007, 0x0b0ab254, 0x3912110c, 0xb0100ab0, 0x06c55104, 0x4a096e4b,
    0x12200716, 0x2406e949, 0xb11b2f06, 0x230c8206, 0x020408b2, 0x08203483, 0x210cca42, 0x15840ab2, 0x01313029, 0x01230321, 0x82230133, 0x03240807,
    0x899efdcd, 0xa82c02c6, 0xfdc52d02, 0xf8ef014d, 0x84fe7c01, 0x50fab005, 0xa9021a02, 0xa9000300, 0x88040000, 0x0e268b82, 0x1f001600, 0x51475800,
    0x08465212, 0x01001722, 0x17237383, 0x430fb12f, 0xb223093e, 0x83170f08, 0x10002315, 0x158910b1, 0x4401b021, 0x33250e82, 0x16322111, 0x08664515,
    0x0e820120, 0x10353625, 0x47212521, 0x44080549, 0xdc01a921, 0x6474efed, 0xe8fe8976, 0x3d01c7fe, 0xe2fe9b86, 0x2201c0fe, 0x8f8c977e, 0xb005e4fe,
    0x9d66c0c4, 0x80b9212b, 0xa902e0c4, 0x7a8bf4fd, 0x7e9a0701, 0x006d786c, 0xff770001, 0x05d804ec, 0x001c00c4, 0x12414547, 0x2908194b, 0x0fb0100b,
    0x100bb0d0, 0x1f4b12b1, 0x0ba8500d, 0x10036908, 0x30d01cb0, 0x04060131, 0x11002023, 0x24123435, 0x17003233, 0x23262623, 0x15150222, 0x32331214,
    0xd8043736, 0xeee1fe1b, 0xc9fefefe, 0xaf0a0191, 0x171801e8, 0x96a719c1, 0xb2c6d1b8, 0x011caba0, 0x01fbe7ce, 0x8c360172, 0xa53401cb, 0xaee5fdfe,
    0xfbf0fe9c, 0xe8feed8d, 0x0200b491, 0x0000a900, 0xb005c604, 0x15000b00, 0x4807c54b, 0x67410cb9, 0x01b02407, 0x8a0cb110, 0x100023a5, 0x0e890db1,
    0x31304408, 0x32211133, 0x15171204, 0x07040214, 0x32331103, 0x34353512, 0x01a92702, 0x2401be9b, 0xfe9f019f, 0xcad3c4d9, 0xd6e9f7de, 0xfea8b005,
    0xce5dc9ca, 0x02a6cafe, 0x8bfb1205, 0x55ff1401, 0x021301f8, 0x84010000, 0x8446208b, 0x067d488b, 0x1b2f0624, 0x774606b1, 0x08c94907, 0x06040b27,
    0xb0391211, 0x0c65420b, 0x1004b022, 0x220dd849, 0x4708b110, 0x21230c4c, 0x86152111, 0xe0033703, 0xdd0289fd, 0x930363fc, 0x77022dfd, 0xfcfda102,
    0x9eb0059d, 0x83872cfe, 0x83822f20, 0x42000922, 0x4205b941, 0xb22314f6, 0x83040209, 0x90092083, 0x0a294e83, 0x01313025, 0x85231121, 0xcc032e76,
    0x03c09dfd, 0x023afd86, 0xfd830263, 0x206e837d, 0x2af1820e, 0x04ecff7a, 0x00c405dc, 0x426c001f, 0x474d2427, 0x1eb22119, 0x2c058347, 0xbfb42f1e,
    0x021ecf1e, 0x1e0fb45d, 0x2206831f, 0x824f1e3f, 0x1db12106, 0x340b0c41, 0x23040625, 0x27022422, 0x21001035, 0x23170432, 0x02222102, 0x064b4203,
    0x21114308, 0xdc042135, 0xb0f7fe4a, 0x97ecfeb2, 0x01330102, 0x1601e416, 0xfe36c01f, 0x01c7c1de, 0xa26cbfe0, 0x02affe35, 0x696abf10, 0xcb3401a7,
    0x0149017f, 0x01d6e96a, 0xfef1fe21, 0xfef577ff, 0x013930df, 0xcb419c47, 0x08052705, 0x0b00b005, 0xd9856700, 0x4e0ccb41, 0x62420c28, 0x45002408,
    0x4b04b058, 0xb03b06af, 0x09b01000, 0x2f09b0d0, 0x0109efb2, 0x09cfb45d, 0x710209df, 0x01098fb2, 0x822fb271, 0x9fb22410, 0x41720109, 0x30290bf0,
    0x11232131, 0x11231121, 0x35058233, 0xc1080533, 0xc0c022fd, 0x02c1de02, 0x055ffda1, 0x028efdb0, 0x95820072, 0x0482b720, 0x95827720, 0x1d000322,
    0x8712fd55, 0x244b8488, 0xc0770133, 0x822a82c0, 0xff352435, 0x82cc03ec, 0x000f220a, 0x12154b2f, 0xb1820520, 0x3e120523, 0x20ae8359, 0x0c244305,
    0x01313024, 0x41531133, 0x05f24c05, 0x0b033739, 0xd9d1fbc1, 0x8289c0f2, 0x05019377, 0xd1f9fbb0, 0x7dc8deec, 0x4187968c, 0x05200631, 0x0b226582,
    0xbb4a7400, 0x82072012, 0x43072065, 0xe955070a, 0x820b200c, 0x820b2019, 0xb223087f, 0x11050200, 0x11403912, 0x005a004a, 0x007a006a, 0x009a008a,
    0x00ba00aa, 0x39b25d08, 0xb25d0100, 0x83020506, 0x3613341f, 0x56064606, 0x76066606, 0x96068606, 0xb606a606, 0x825d0906, 0x072608aa, 0x33112311,
    0x01330111, 0x1b022301, 0x02c0c0b2, 0xc3fde887, 0x02e66a02, 0x14feb9a5, 0x30fdb005, 0x7dfdd002, 0xa985d3fc, 0x821c0421, 0x000522a9, 0x1a234329,
    0x300bce48, 0x21253130, 0x33112115, 0xb2026a01, 0x9dc18dfc, 0x263d829d, 0x00a90001, 0x82520600, 0x000e2209, 0x12574159, 0x420c3558, 0x45220916,
    0xdd47b058, 0x82002008, 0x820c200c, 0x830c20fe, 0x000122fe, 0x21de8204, 0x068507b2, 0x06840a20, 0x09313024, 0xd7823302, 0x23011324, 0x07821301,
    0xa1012308, 0xdc01dc01, 0xfe12c0f9, 0x23fe9322, 0xb005c013, 0xa4045cfb, 0x370250fa, 0x65fb6402, 0x9ffd9804, 0xf341c9fd, 0x219b8205, 0x0a820805,
    0x4c000926, 0x0b0a01b2, 0x94415982, 0x50888412, 0xb0200f55, 0xe2459583, 0x02b22307, 0x95840005, 0x30240684, 0x01232131, 0x33318682, 0x05331101,
    0x23fdc108, 0xdf02c1c1, 0xfb6204bf, 0x3088829e, 0x00670499, 0xff760002, 0x050905ec, 0x001100c4, 0x078f451f, 0x410cbf4f, 0x0d220808, 0x6d4db110,
    0x1004220b, 0x0d6d4db1, 0x43021421, 0x560806e3, 0x33241234, 0x15120432, 0x23021027, 0x15070222, 0x32331214, 0x09053712, 0xb0f8fe90, 0x93f6feac,
    0x0b019202, 0x0b01afac, 0xbbd0bf90, 0xd303d1b6, 0x03ccbab9, 0xfed6a902, 0x01a9a8c1, 0xd269ce39, 0xa9ab4201, 0x02d5bffe, 0x15010301, 0x6bf6ebfe,
    0x01e1fefb, 0x4600fd0f, 0xc02c063b, 0x0a00b005, 0x4f001300, 0x15140ab2, 0x20063148, 0x0631480c, 0x200cba56, 0x067c4d01, 0x030bb223, 0x12be4501,
    0x04470320, 0x31302c0c, 0x11231101, 0x15043221, 0x47230414, 0x2608068e, 0x69012127, 0xef1902c0, 0xf7fe0f01, 0x01a9fef7, 0xa4a49a59, 0x029cfe8f,
    0x05c6fd3a, 0xd4c9f4b0, 0x89919de5, 0x82039c82, 0xff6d2a97, 0x0506050a, 0x001500c4, 0x22978222, 0x83242308, 0x1008236f, 0x978619b0, 0x8a821120,
    0xb6411120, 0x4a082007, 0xb223062a, 0x83110803, 0x58112027, 0x08230d27, 0x4620b110, 0x14260c47, 0x07050702, 0x3f450625, 0x115b4105, 0x3712202d,
    0x79860105, 0xfe830401, 0x415048cd, 0xb038085f, 0xc0900b01, 0xd1b5becd, 0x7401d103, 0xa90203cc, 0x56cffed3, 0x12f479cc, 0x24086341, 0xd5c1feaa,
    0x27008201, 0xf6ebfe17, 0xe0fefa6b, 0x30066341, 0x040000a8, 0x00b005c9, 0x0017000e, 0x1805b263, 0x23a38319, 0x16b01005, 0x20209549, 0x0673500d,
    0x0410b223, 0x20348302, 0x0cab4610, 0x000bb223, 0x23158304, 0x16b11004, 0x2120df8c, 0x25077841, 0x15010706, 0x0a490123, 0x27420805, 0xfebf0221,
    0xe201c1aa, 0x930901f6, 0xce560183, 0x27016efd, 0x98a1a98f, 0x4d02dafe, 0xb005b3fd, 0xca88d6e0, 0x0c96fd32, 0x7c94ea02, 0x00019087, 0x50000100,
    0x7204ecff, 0x2600c405, 0x00b26400, 0x41432827, 0x0c084608, 0x2507a65a, 0xb01006b0, 0x0582d00b, 0x890eb121, 0x26b2238d, 0x3682061a, 0x4e26b021,
    0x1a260d57, 0xd01fb010, 0x2d4f1ab0, 0x2626260f, 0x33243435, 0x10af5932, 0x22230424, 0x73522624, 0x344c0806, 0xf7560226, 0xdc1301e1, 0xc181eb96,
    0x9f8e99a8, 0xcd6b0197, 0xe7ecfe63, 0x8dfcfe96, 0x98a3c3c1, 0x890296a2, 0xac98cf47, 0x79cc74e1, 0x6f7d9784, 0x7b667b59, 0xd5b16fa4, 0x847fc873,
    0x75d67c99, 0x31000100, 0x97040000, 0x0700b005, 0x8c070d46, 0x089a45d0, 0x4d100621, 0x04210ccf, 0x070e48d0, 0x04213532, 0xbf2cfe97, 0x66042dfe,
    0xeefa1205, 0x009e1205, 0x8c245582, 0xaa04ecff, 0x12265582, 0x05b23d00, 0x2d411413, 0x0c805108, 0x460cfb5a, 0x31410777, 0x0863820b, 0x00061137,
    0x00220707, 0x11331127, 0x32331614, 0x04113536, 0xfffe01aa, 0xfeef33dc, 0xaebe02e4, 0x05ada3a1, 0xce22fcb0, 0x0210fafe, 0x03e20201, 0x9e26fce0,
    0x039eaeaf, 0x208382db, 0x20d9821c, 0x268382fd, 0xb2380006, 0x88080700, 0x0c104a83, 0x440c4955, 0x002208e6, 0x2e820301, 0x25313038, 0x23013301,
    0x8b023301, 0xfdd2a001, 0xe5fdaae4, 0xb104ffd1, 0x534550fa, 0x003d2405, 0x84ed0600, 0x06ef45e3, 0x88433e84, 0x430c870c, 0x0a240ca2, 0x0ab11b2f,
    0x20076c4c, 0x200c820f, 0x230c820f, 0x0a0301b2, 0xb2217282, 0x20068506, 0x8206840d, 0x371721ff, 0x17228282, 0x87831337, 0x83072721, 0x012d088c,
    0x01291ce3, 0x1901a220, 0xc1e21f28, 0xfeaf9ffe, 0xfe1717d4, 0xa0feafc9, 0xc0cb01c0, 0xfcf803ad, 0x03c4b008, 0x0450fae4, 0xfb6f6f25, 0x269f82db,
    0x00390001, 0x82ce0400, 0x000b2209, 0x127b4c6b, 0x460cbd48, 0x07200c99, 0x23067457, 0x040100b2, 0x402d9c82, 0x96008609, 0xb600a600, 0xb25d0400,
    0x27128606, 0x06990689, 0x06b906a9, 0x03221282, 0x25820600, 0x0609b223, 0x82068200, 0x82b982bb, 0x080283b0, 0x84023329, 0xfee25d01, 0xe4d70134,
    0x98fe9afe, 0xfed801e3, 0x8203e133, 0x2efd2e02, 0x380222fd, 0xde02c8fd, 0x0000d202, 0x820f0001, 0x82bb20a9, 0x000822a9, 0x48a99231, 0x404b0c35,
    0x859c8508, 0x23113b6f, 0x02330111, 0xda7c0165, 0xfec00afe, 0xd502dc0a, 0x6ffcdb02, 0x1f02e1fd, 0x5f839103, 0x5f825620, 0x5f827a20, 0x46000922,
    0x528c5f85, 0x4207ed42, 0xb2230bea, 0x82020004, 0x07b024ce, 0x4305b110, 0x09220acb, 0x15820705, 0x38050848, 0x35210135, 0x39011521, 0xdcfb4103,
    0xeffc1e03, 0x9d9df703, 0x9e820490, 0x3071838d, 0x02c8fe92, 0x0080060b, 0x00240007, 0xb02f04b0, 0x0cb74407, 0x5304b021, 0xc4820cbb, 0x33112335,
    0x21112115, 0xbfbf0b02, 0x790187fe, 0x78f9e805, 0x83b80798, 0xff282449, 0x82380383, 0x000325bb, 0x02b00013, 0x43051950, 0x3036074f, 0x01331331,
    0x02b02823, 0xb005b060, 0x0100d3f9, 0xc8fe0900, 0x77848301, 0x2d842720, 0xb02f0123, 0x21c28c02, 0x145701b0, 0x8241820c, 0x33353176, 0x01092311,
    0xc186fe7a, 0xf88006c1, 0x88069848, 0x40247983, 0x1403d902, 0x06227982, 0x49432700, 0x09f0420c, 0x01b2d024, 0x90560307, 0x05b02105, 0x20050d60,
    0x31908201, 0xacbeaa01, 0x017f2b01, 0xbb04ab2a, 0xd7021efe, 0x998229fd, 0x69ff042a, 0x00009803, 0x1c000300, 0x84058341, 0x3e122246, 0x0d624959,
    0x3521052b, 0xfc980321, 0x9794036c, 0x25358297, 0x01da0439, 0x358306da, 0xb0002329, 0x0fb22f01, 0x5b5d0101, 0x0121082a, 0x05a95210, 0x020fb42a,
    0x5d02021f, 0x23013130, 0xda247e82, 0xdffefe9f, 0x26353682, 0x00020000, 0x03ecff6d, 0x004e04ea, 0x0028001e, 0x2917b27c, 0x23ad832a, 0x20b01017,
    0x26067946, 0xb11b2f17, 0x613e1a17, 0x054305d5, 0x089b4f0c, 0x04170222, 0xb2213482, 0x2506840b, 0xb02f0bb0, 0xa54f1017, 0x0b12220c, 0x211f8217,
    0x964f04b0, 0x0bb0240c, 0x4223b110, 0x30240938, 0x27262131, 0x22050255, 0x54333324, 0x53080618, 0x36363423, 0x17163233, 0x15171411, 0x37363225,
    0x15202335, 0x28031614, 0xb3810a10, 0x0101cda0, 0x7174b4e9, 0x73ba8663, 0xd4bb76c5, 0x0bfe2604, 0x91239c57, 0x2074acfe, 0x8bb58652, 0x6155bba9,
    0x51476473, 0xa4bb5897, 0x58950efe, 0x485a8d10, 0x6257c7de, 0x8c30f383, 0x2004ecff, 0x0e000006, 0x66001900, 0x1b1a12b2, 0x12239e83, 0x8203b010,
    0x420820f3, 0x0c200540, 0x0c20f682, 0xc94ff687, 0x45002308, 0x0651b058, 0x08052208, 0x22378203, 0x830c0ab2, 0x0cb02106, 0x220cd948, 0x5a1003b0,
    0x5b080b1a, 0x14013130, 0x27222302, 0x33112307, 0x12203611, 0x26342711, 0x11072223, 0x36323316, 0xc0e42004, 0xaa0970cd, 0x8a0170b9, 0x8992b9e1,
    0xb45550b7, 0x11029485, 0x91d3fef8, 0xfd00067d, 0xd6fe8bc3, 0xbd05fdfe, 0x2cfeaace, 0x0100ceaa, 0xecff5c00, 0x4e04ec03, 0x4b001d00, 0x1f1e10b2,
    0x2008bf45, 0x20b28210, 0x48b28710, 0x9d4607ef, 0x8308200c, 0x10b025e2, 0xd014b010, 0xa08d0582, 0x36322525, 0x820e3337, 0x110022a4, 0x06764135,
    0x82262321, 0x063a08a4, 0x16141515, 0x94633e02, 0x7605af08, 0xfedd6ec5, 0x94d974fb, 0xaf08f1b6, 0x8d698f08, 0x78839a9b, 0x64a85d5a, 0x00012701,
    0x88f69e1f, 0x8769aeda, 0xbb23c0cb, 0x020000ca, 0xa7825f00, 0x0006f02c, 0x1a000f00, 0x18b26600, 0xa9821c1b, 0x4118b021, 0x06200565, 0x20056541,
    0x066d5503, 0xe24bb020, 0x490c840b, 0x052208af, 0x37820c03, 0x840ab221, 0x0cb02206, 0x0ced6110, 0x300d7b56, 0x34133130, 0x17323312, 0x23113311,
    0x22230627, 0x05d16002, 0x83113721, 0x5f2b08c6, 0x6fbebfec, 0x6f09aab9, 0xb9edbcc6, 0x51b08698, 0x9888ac53, 0x01f92602, 0x3402822f, 0x887400fa,
    0x07f83401, 0x019ed0b8, 0x83d299f1, 0x825d20bd, 0x04f32cbd, 0x0015004e, 0xb26c001d, 0x821f1e08, 0x08b02285, 0x08914910, 0x6d41a084, 0x080a4307,
    0x00081a2f, 0xb0391211, 0xbfb42f1a, 0x021acf1a, 0x0f4c515d, 0x210aa652, 0x2b8513b2, 0x9a490820, 0x2205230e, 0x81413500, 0x11122505, 0x16162115,
    0x08055e54, 0x06220143, 0x26352107, 0xdc4d0226, 0xdd7becfe, 0xfdead381, 0x8ab30423, 0x71338862, 0x70d9fe88, 0x1e021298, 0x01148808, 0xa122f221,
    0xeafe8ffd, 0xa04dfdfe, 0x584250c5, 0xa3ca03d1, 0x9b8d0e93, 0x00010000, 0x22d6823c, 0x821506ca, 0xb26524d1, 0x4217160f, 0xc9840837, 0xce5d2020,
    0x24d6870b, 0xb11b2f11, 0x21e38f11, 0x165a03b0, 0x82b0200c, 0x530d20bf, 0xb02c0c7c, 0x14b0d013, 0x333130d0, 0x33352311, 0x3323c982, 0x42071732,
    0x34080548, 0x11231533, 0xbaababe7, 0x0a3f40aa, 0x625a352f, 0xab03e7e7, 0xbeae6f8f, 0x69099611, 0xfc8f7262, 0x00020055, 0x0356fe60, 0x004e04f2,
    0x00240019, 0x2522b286, 0x24a78226, 0xb01022b0, 0x0b6d4c0b, 0x06209387, 0x0620a082, 0x0b200c87, 0x0b210c82, 0x20c78614, 0x260c8217, 0x593e1217,
    0x830305b2, 0x0fb223e9, 0x48830b17, 0xa45e0b20, 0x15b2210c, 0xb0221c84, 0x38511017, 0x59e0830b, 0x55420ca1, 0x4f372005, 0x272d06e4, 0x32331637,
    0x06353536, 0x37022223, 0x420b8214, 0x4c08055f, 0xc6c1ea60, 0xf9a9096f, 0x3be075d2, 0x87ac7760, 0xbec06f97, 0x8796baeb, 0xaa5552af, 0x26029887,
    0x8c2b01fd, 0xd2e0fb78, 0x6f5764f2, 0x5d8a9893, 0xf3320180, 0x019fd1b7, 0x00d29bee, 0x008c0001, 0x06df0300, 0x00110000, 0x120ab24a, 0x22aa8213,
    0x4310b000, 0xe5570523, 0x45002408, 0x5005b058, 0x0c830785, 0x0c820e20, 0x12500e20, 0x02b02409, 0x4b0ab110, 0x36270ce4, 0x11132033, 0x5f261123,
    0x2108056b, 0x01331123, 0x01c57b45, 0x01b90357, 0x885a6f69, 0x03b9b926, 0x7dfe97b7, 0xcc0235fd, 0x4e607075, 0x8082fdfc, 0x00020033, 0x0100008d,
    0x00c40568, 0x000c0003, 0x0d06b23f, 0x248d820e, 0xb01006b0, 0x0be76701, 0x20101542, 0x07aa6402, 0x510a5367, 0x00580561, 0xb9552309, 0xf057c8b9,
    0x3a043205, 0x3e2d1f01, 0x3c3c5a3e, 0xff020000, 0x014bfebf, 0x28718259, 0x0016000c, 0x1710b24b, 0x23718318, 0x00b01010, 0x8c457186, 0x3e142211,
    0x0bf85359, 0x100cb02a, 0xb0d015b0, 0x10b12f15, 0x2e09bd58, 0x11013130, 0x27222110, 0x32331635, 0x82113536, 0x67332086, 0x210806d4, 0x3de5fe4b,
    0x3e342034, 0x35371341, 0x6c383836, 0xfb3a0436, 0x12c8fe49, 0x53430894, 0x1f01bb04, 0x99853f2c, 0x8d00012c, 0x0c040000, 0x0c000006, 0x03517500,
    0x072c430a, 0x510c0344, 0x082116ad, 0x23cc8202, 0x003a1540, 0x250faf51, 0x5d0a00ca, 0x1e8606b2, 0x2211ac51, 0x510a06c6, 0x372009ae, 0x0805324a,
    0xb974ba27, 0x510163b9, 0x015bfee1, 0xf501d9d6, 0x0684fe79, 0x775ffc00, 0x3cfe6401, 0x01008afd, 0x00009c00, 0x00065501, 0x0df75200, 0xf752ad87,
    0xb955220e, 0x822a82b9, 0x008b2c35, 0x04780600, 0x001d004e, 0x4604b278, 0x9c450a4f, 0x84ea8c0c, 0x0c764349, 0x76431220, 0x2f142406, 0x8714b11b,
    0x821b200c, 0x821b200c, 0x01b2280c, 0x12110b08, 0x8405b239, 0x08b02106, 0x2a0dad57, 0x3130d018, 0x33361701, 0x42361732, 0x1b6206af, 0x233c0806,
    0x22233411, 0x11231107, 0x77053a01, 0x3652e3ca, 0x640176ad, 0x7d6ab906, 0xba0b8867, 0xb943b6e7, 0x8c783a04, 0xfe604eae, 0x022bfd87, 0x7b7374ca,
    0x0232fd68, 0xfc9becc5, 0x003a04ea, 0x82075343, 0x001124d7, 0x430bb254, 0xb4510653, 0x0cbf4208, 0x4c0c4e44, 0x06201281, 0xb024bd82, 0x0bb11003,
    0x820c5d43, 0x0d5e43b3, 0x063b0124, 0x5e43c87c, 0x3a04230a, 0x5e439c88, 0x2696820b, 0xff5b0002, 0x823404ec, 0x000f2895, 0xb245001b, 0x831d1c0c,
    0x100c235b, 0xe94f13b0, 0x2090870b, 0x06f5520c, 0x200cf446, 0x0cba5004, 0x13313030, 0x33363634, 0x15150032, 0x23060614, 0xf4460022, 0x06895b05,
    0x7d5b3408, 0x01dd8fdf, 0x92e17911, 0xbaeffedc, 0xa68d8ca7, 0xa8898ca9, 0xfe9f2702, 0xfecefe8a, 0x8cfb9e0d, 0x09fc3201, 0xc7dddab4, 0x00daddb2,
    0xfe8c0002, 0x841e0460, 0x001a249d, 0x4713b270, 0x132205b3, 0xeb51b010, 0x0c894307, 0x9d820920, 0x3b410920, 0x077d450c, 0x2108304e, 0x23490c05,
    0x0bab690e, 0x490fbd47, 0x11240523, 0x17331123, 0x2449d082, 0x1e2d080d, 0x71c5c1e2, 0x7109a9b9, 0xb9e3c3c9, 0x54a8889c, 0x9d85ab53, 0xfef71102,
    0xf7fd7dd2, 0x8c78da05, 0xfafedafe, 0x95d4b704, 0xd394fbfd, 0x24c98200, 0x0360fe5f, 0x20c986ef, 0x0e7d486d, 0x46100542, 0x08200c47, 0x0820d682,
    0x7754c987, 0x0c874808, 0x8f0c8f41, 0x082e46c6, 0x48112321, 0x2a081084, 0x6fc0c5ea, 0x70b9aa08, 0xb9e9c4ba, 0x57a5859d, 0x9e86a258, 0x01ff2602,
    0xfa6d8129, 0x78040226, 0x08fc3101, 0x0292d4ba, 0x42d58f12, 0x022105c1, 0x26c38297, 0xb247000d, 0x470f0e04, 0x0b2008b1, 0x0b20a182, 0x870ce949,
    0x081f460c, 0x27590b20, 0x09b2230c, 0x3d82050b, 0x01313023, 0x05524326, 0x3617333e, 0x02173233, 0xb6312a97, 0x03b4b941, 0x1c36a75b, 0x9b079403,
    0x3a0400fd, 0x000e917d, 0x5f247b82, 0xbb03ecff, 0x26247b82, 0x09b26400, 0x410ad751, 0x88690cf4, 0x03b22307, 0x5f82091c, 0x1009b025, 0x82d00db0,
    0x0c8e5b05, 0xc2540320, 0x101c290d, 0xb0d021b0, 0x24b1101c, 0x220c4d43, 0x69242634, 0x896b085e, 0x2223210e, 0xf9621982, 0x033d0805, 0xe7fe7102,
    0xafe14fa5, 0x81bae5b8, 0x6a726562, 0x53ac1501, 0xc882b9e8, 0x8b05b971, 0x017f6972, 0x3c534b1f, 0x85507454, 0x4c94beb8, 0x4347586e, 0x79563e44,
    0x5caf9157, 0x6d5d60a5, 0x2cd78355, 0x02ecff09, 0x00400556, 0xb2610015, 0x0a05490e, 0x1b2f0124, 0x464101b1, 0x82132007, 0x8713200c, 0x0761530c,
    0x1001b028, 0xb0d000b0, 0x08822f00, 0x210b5862, 0x845a0db0, 0x03b0370c, 0xd011b010, 0x30d012b0, 0x33110131, 0x14112315, 0x37323316, 0xc5820615,
    0x11353808, 0x11333523, 0xcaca8701, 0x38204136, 0x7e7c4549, 0x4005c5c5, 0xfd8ffafe, 0x0c414161, 0x8a961496, 0x018f9f02, 0x00010006, 0x03ecff88,
    0x003a04dc, 0xb2540010, 0x5312110a, 0x988c0d55, 0x7e460c87, 0x8210200c, 0x121027bf, 0x00b2593e, 0x3b82020d, 0x20101948, 0x248d8325, 0x11331127,
    0x829a8214, 0x03233b06, 0xadd16c28, 0xc8b901b5, 0xb0b946d4, 0xc5c97f6b, 0x45fdc002, 0x13039ef6, 0x8d82c6fb, 0x00002124, 0x8d82ba03, 0x42143152,
    0x314d0c7a, 0x00b2220f, 0x0c315205, 0x01f1012f, 0x7cfebd0c, 0xbd78fe8d, 0xfb3f03fb, 0x05a945c6, 0x00002b24, 0x0a82d305, 0x60000c26, 0x0e0d05b2,
    0x420d9152, 0x014314e7, 0x159e4d0c, 0x830b0021, 0x05b22179, 0x0a200685, 0x30240684, 0x33132531, 0x08057b51, 0x13133324, 0xd04a0433, 0x96c5feb9,
    0x00fff9fe, 0xb8c6fe96, 0xff95fcd5, 0xc6fb3b03, 0xccfc3403, 0xd6fc3a04, 0xfb822a03, 0xfb822920, 0x9b82ca20, 0x35610b20, 0x0c284207, 0x1b2f0a24,
    0x1d4f0ab1, 0x52072014, 0x0a210823, 0x21d08204, 0x068506b2, 0x820f0b52, 0x0128088e, 0x23030323, 0x01330101, 0xfed8f0f7, 0xd66d019e, 0x01d7fafa,
    0xd69efe6d, 0x8b01af02, 0xddfde9fd, 0x6bfe9501, 0x17022302, 0x162e8d82, 0xb0034bfe, 0x0f003a04, 0x00b24a00, 0x29411110, 0x820e2015, 0x410e207a,
    0x14260c96, 0x00b2593e, 0x2e82050e, 0x270c9768, 0x0db01000, 0x013130d0, 0x02298482, 0x35272723, 0x37363217, 0x08888237, 0xc6fcee22, 0xdc654dfe,
    0x5e324523, 0xfe292269, 0x0f01ca7e, 0x1ffb2b03, 0x0d03f2fe, 0x654c0496, 0x002e046e, 0x58248b82, 0xb3030000, 0x33528b82, 0x0f8f420d, 0x520b804e,
    0x3a312933, 0xa5fc7902, 0xb4fd5502, 0x97973403, 0x99190388, 0x2e718383, 0x0292fe40, 0x003d069e, 0xb2320018, 0x841a1913, 0x2f0d24fd, 0x662f00b0,
    0xb226099b, 0x5d01071f, 0xe37006b1, 0x13b22209, 0x05915206, 0x26014108, 0x34353526, 0x35323523, 0x37363635, 0x15110617, 0x15160714, 0x02171215,
    0xd4b3b178, 0xb3af02d4, 0xa7a7d126, 0x92fece03, 0xc7bce532, 0xd0f291f3, 0x7333e1b7, 0xcae6fe43, 0xe55a59e3, 0x42edfece, 0xaf24f382, 0x4401f2fe,
    0x2b183b6b, 0x33112301, 0x95954401, 0xbe06f2fe, 0x1320af83, 0x7220af82, 0x0520af86, 0x0b28af86, 0x2f18b02f, 0x180b11b2, 0xb025bd82, 0x1fb22f11,
    0x20af8211, 0x22af8a12, 0x82111205, 0x3130271a, 0x35133617, 0xb3823734, 0x27103608, 0x17161637, 0x15331415, 0x14151522, 0xcb130706, 0xd1b5b507,
    0x01b2b126, 0xafb5d4d4, 0x0a0141fb, 0x5254e7dc, 0x1a01cbe9, 0xe1327343, 0x91efd2b9, 0xe2bccaf3, 0x2ead8232, 0x04920183, 0x002203ef, 0xb2440017,
    0x42191811, 0x0f32082d, 0x0fb11b2f, 0xb0593e18, 0x0fb0d000, 0xd014b010, 0x1b6b14b0, 0x4b14820c, 0x03360c5d, 0xd00bb010, 0x14013130, 0x2e222306,
    0x06222302, 0x36340715, 0x95823233, 0x32173a08, 0xef043536, 0x804889bb, 0x4e2a4aa9, 0x8bb8a154, 0x40b08c4c, 0x035f4c1d, 0x35d99e09, 0x5e6b2494,
    0x40cea002, 0x74020aa1, 0x0002005f, 0x0198fe8b, 0x004d0466, 0x000c0003, 0x0a594c33, 0x53d00021, 0xd84308b8, 0x4cb12007, 0xb2230a46, 0x82060201,
    0x313030bb, 0x23133313, 0x22061413, 0x32363426, 0x73a8aa16, 0x02250899, 0x05ecfbac, 0x074f4c4c, 0x69000130, 0xf9030bff, 0x21002605, 0x00b25400,
    0xf7882322, 0xf7821420, 0xa0421420, 0x086e5607, 0x51d00721, 0x0a290c24, 0xd003b010, 0xb01014b0, 0x20058411, 0x21058318, 0x575f1bb1, 0x3632240c,
    0x72063337, 0x022a0520, 0x12343535, 0x15333537, 0xad611616, 0x052f5105, 0x94644a30, 0xc606af08, 0xc8b3b990, 0x96b9b1ca, 0x2e5106c0, 0x839b3605,
    0xc97e5979, 0x22eae91a, 0x23dc1c01, 0x211d01d4, 0xd417dfe2, 0x07345196, 0x5b000128, 0x68040000, 0xb982c405, 0x1cb27f22, 0x3557b98f, 0x07e44707,
    0x141fb223, 0x31db8205, 0xb22f1fb0, 0x72011f5f, 0x011f8fb2, 0x1fbfb271, 0xcf8c5d01, 0x300d0569, 0xb0d007b0, 0x00b0d008, 0xd00db010, 0xb0101fb0,
    0x30e4970f, 0x07141701, 0x35210721, 0x37363633, 0x35232735, 0x053f4d33, 0x08072573, 0x1521134d, 0x3e08c101, 0xfb01dd02, 0x32284df8, 0xa0a50802,
    0xbec8f509, 0x6f7fbfde, 0x01098269, 0xdc6e023f, 0x9d9d5b9a, 0x08608309, 0x04019ddd, 0xb1d4eec7, 0x7d9a7c6b, 0x009dfcfe, 0xff690002, 0x045b05e5,
    0x001b00f1, 0xb241002a, 0x462c2b02, 0xb02105a3, 0x0b614e27, 0x593e122a, 0xb0d010b0, 0x02b02f10, 0x230d3854, 0x27b11010, 0x080c8e41, 0x22230675,
    0x37270727, 0x37343526, 0x36173727, 0x37173233, 0x15160717, 0x07170714, 0x16161401, 0x35363632, 0x23262634, 0x04060622, 0xcfd19f4f, 0x8b82869f,
    0x82937068, 0xc4c39e93, 0x9784959f, 0x848f666e, 0xc47360fc, 0x7171c4e2, 0xc47170c5, 0x82847073, 0x9c8d8788, 0x97a3ceca, 0x79789688, 0xa39a8998,
    0x909fc4cb, 0x7b7b0288, 0xd37b7ad4, 0x79d37a7b, 0x5700d478, 0x242a0695, 0x1600b005, 0x00b27100, 0x67421817, 0x0c495908, 0xb85f0b20, 0x010b2108,
    0xb2232182, 0x820b0107, 0x090e6806, 0x6e660520, 0x07b02409, 0x8a09b110, 0xd00d210e, 0xb0341182, 0x05b0d00f, 0xd011b010, 0xb01003b0, 0x01b0d013,
    0xd015b010, 0x2105d557, 0x01841521, 0x11231124, 0x01843521, 0x02330135, 0xd534011b, 0x050191fe, 0x4401bcfe, 0xfec1bcfe, 0x823e01c2, 0xfe073e03,
    0x1903d891, 0x30fd9702, 0xfe7ca57d, 0x7c4201be, 0xd0027da5, 0x00020000, 0x01f2fe93, 0x24c3824d, 0x00070003, 0x080f7018, 0x92630620, 0x05b22a06,
    0x302b0301, 0x33111331, 0x2e658211, 0xbaba9333, 0x03f2feba, 0x03e9fc17, 0x82f602c8, 0xfe5a303d, 0x05790411, 0x003400c4, 0xb2840044, 0x83464523,
    0x102323da, 0x495535b0, 0x82232009, 0x1e23274a, 0x16b2593e, 0x1d832308, 0xb1101623, 0x09be413f, 0x1602b223, 0x0659533f, 0xb0d00e23, 0x0d9e5108,
    0x08233022, 0x30231b83, 0x8a37b110, 0x371d2231, 0x26658630, 0x23b0d027, 0x4a2ab110, 0x14200c47, 0x26057f6e, 0x27262223, 0x5b373526, 0x3427051b,
    0x022e2726, 0x5c373435, 0x0420063b, 0x2b07c442, 0x04161614, 0x2625021e, 0x15060627, 0x59080b83, 0x35363617, 0x79042634, 0xfe4845ba, 0xc970e4fc,
    0xb4ba8b46, 0x8ea6889c, 0x5dc0b6d1, 0x014742b6, 0x01e8de0b, 0x8ba8b904, 0x8738a18e, 0x71a91f01, 0x5ae1fd3a, 0x364b504b, 0x2c1c0185, 0x018b544e,
    0x3155bdaf, 0xc7a86488, 0xcd713938, 0x75978202, 0x3e695960, 0x6f9b6f30, 0x168258ba, 0xc8a63308, 0x9b7dcde2, 0x50456273, 0x61485041, 0x1b18ab81,
    0x46456513, 0x11524250, 0x58456514, 0x0200006d, 0xf0046500, 0xc505ee02, 0x11000800, 0xb0001e00, 0xd5712f07, 0x0bb0250b, 0x1007b0d0, 0x24051243,
    0x34133130, 0x05cc5036, 0x08872520, 0x59516520, 0xae012105, 0x05280785, 0x3d3d2d5b, 0x2b3c3c5a, 0x3d061645, 0xff5b0003, 0x05e605eb, 0x001b00c4,
    0x0039002a, 0x3a27b299, 0x3912113b, 0xb01027b0, 0x0583d003, 0x7d433620, 0x2f2e2406, 0x442eb11b, 0x3620076b, 0x36270c82, 0xb2593e12, 0x832e3603,
    0x2f032c2d, 0x1f030fb4, 0xb25d0203, 0x83362e0a, 0x2f0a2610, 0x100a00b4, 0x2210820a, 0x82030a0e, 0x11b12110, 0x230ac042, 0x18b11003, 0xb2230e89,
    0x820a031b, 0x36b02421, 0x7620b110, 0xb0240999, 0x27b1102e, 0x30200e89, 0x26056646, 0x34353526, 0x77323336, 0x3d6e0895, 0x14253606, 0x24200412,
    0x02343512, 0x04222324, 0x12340702, 0x12042024, 0x06056115, 0x5f047e08, 0xbd9d9ead, 0xaca09bbf, 0x5e5b5f92, 0x5c5e6c6c, 0xa001fd5d, 0x40011301,
    0x9ea01201, 0xa0a1edfe, 0x739fecfe, 0x014b01bb, 0xbb4a0180, 0xc6b5feb4, 0xb6b5fec5, 0xa1995502, 0xb06eb6d3, 0x6395a4d3, 0x717b8a55, 0x65548a78,
    0xdbfeac84, 0x2501a6a6, 0x2201aaac, 0xdcfea5a7, 0x5a01caaa, 0xa6fec7c7, 0xa8fec5ca, 0x5801cfd1, 0x00020000, 0x03b30293, 0x00c4050f, 0x0025001b,
    0x260eb26f, 0x23db8327, 0x1db0100e, 0x6e064741, 0xb2230736, 0x83152604, 0x2f04271a, 0xb2d000b0, 0x0c830402, 0x840bb221, 0x0bb02706, 0x1015b02f,
    0xfe470eb1, 0x0b11210a, 0x10222c85, 0xa8791cb1, 0x0b32410c, 0x01313022, 0x29072c59, 0x35333336, 0x06222334, 0x2e412715, 0x116b0805, 0x32251714,
    0x23353736, 0x14150606, 0x060c6a02, 0x8277804c, 0x7c6caca7, 0xaca14f45, 0x1a9a8589, 0x582ba4fe, 0x5953701c, 0x2622c102, 0x6f677c56, 0x36873478,
    0x82670c33, 0xc4fe868f, 0x287b5161, 0x3f018e1b, 0xff005e33, 0x006600ff, 0x03640397, 0x012600b3, 0x00fefa92, 0x01920107, 0x00feff44, 0x017f0001,
    0x03be0377, 0x82050020, 0x82b020f9, 0xd00125d4, 0xb02f01b0, 0x820d9867, 0x232908a1, 0x21352111, 0xfdbabe03, 0x013f037b, 0xa1080177, 0x00040000,
    0x05ebff5a, 0x00c405e5, 0x001e000e, 0x003d0034, 0x3e36b2ad, 0x0513423f, 0xd00bb027, 0xb01036b0, 0x20058413, 0x135b6223, 0x2008b67b, 0x0d0d7913,
    0x0e891b20, 0x0b20b223, 0x234e8303, 0x22b22f20, 0x2c052967, 0x00b42f22, 0x02221022, 0x2035b25d, 0x06017922, 0x0135bf2c, 0x3500b45d, 0x5d023510,
    0x9f421fb1, 0x1f28220a, 0x2b3c8435, 0xd02fb010, 0xb02f2fb0, 0x3db11022, 0x30221e89, 0x6e421331, 0x1437250d, 0x32330412, 0x21098d42, 0xf3821105,
    0x1516323a, 0x17160714, 0x15171415, 0x27342623, 0x33272726, 0x34353636, 0x5a232326, 0x080f7842, 0x01a07329, 0x01a1a013, 0xfe9d9d14, 0xfea0a1ec,
    0xc0019fec, 0x9914018d, 0x017a80a9, 0x030e9111, 0x9cb07310, 0x644e5848, 0x42d9028a, 0x3c080e7d, 0xdbfeacc7, 0x2201a9a6, 0x2101abac, 0xdcfea5a7,
    0x03aefef5, 0x7b7d8351, 0x3d9a3241, 0x24102656, 0x046011b9, 0x36420280, 0x00003d49, 0x058e0001, 0x052e0316, 0x000300a5, 0x0401b219, 0x26e18205,
    0x2f02b000, 0x6d1000b1, 0x303c081c, 0x35210131, 0xfd2e0321, 0x05a00260, 0x02008f16, 0xc0038200, 0xc4057c02, 0x16000b00, 0x2d07715e, 0xb11b2f03,
    0x593e1e03, 0xb0d00cb0, 0xa7462f0c, 0x1003230c, 0x274112b1, 0x33362b0d, 0x14151632, 0x26222306, 0xfd843217, 0x06222508, 0x95821614, 0x9393686a,
    0xff966968, 0x364a4a36, 0x044b4b37, 0x9b9c68c0, 0x96966a69, 0x3a394716, 0x4a6c4f4b, 0x61267982, 0xf5030000, 0x7982f304, 0x48000f25, 0x5709b000,
    0x834f0504, 0x10092108, 0x2214ab77, 0x62100db0, 0x05220c52, 0xe782060e, 0x050bb426, 0x5d02051b, 0x830dc877, 0x022908ea, 0xfe6c0189, 0x7ffea794,
    0x01a78101, 0x03bdfc41, 0x97560343, 0x9e0162fe, 0xfb9d0197, 0x0000980d, 0x02420001, 0x05ab029b, 0x22ff82bb, 0x4708b256, 0x0e240adb, 0x0eb11b2f,
    0x20071d45, 0x250c8200, 0x593e1600, 0xfe8916b1, 0xd002b026, 0x160e03b2, 0x21050c44, 0x188a08b1, 0xb0100e28, 0x14b2d00b, 0x1b820e16, 0x35219383,
    0x082f6f01, 0x36343008, 0x14151620, 0x0221020f, 0x01a9fdab, 0x3c406d2c, 0xa79d474b, 0x6b9a0801, 0x8f01b054, 0x016c9b02, 0x3145661a, 0x72394c3d,
    0x686e7f94, 0x82914f6b, 0x023e24a1, 0x829a0290, 0x002624a1, 0x5120b28c, 0xa18c0aa1, 0xa1821920, 0xa1821920, 0x1900b223, 0x3676820e, 0xb62f00b0,
    0x007f006f, 0x5d03008f, 0x01003fb2, 0x000fb671, 0x832f001f, 0x005f280d, 0x0eb07201, 0x8907b110, 0x0ab223b1, 0x3484190e, 0x26b11022, 0x220a6343,
    0x82002614, 0x1db22115, 0x19235185, 0x6f20b110, 0x33200c31, 0x2107f141, 0x93442315, 0x06142205, 0x060c4207, 0x08081376, 0x01232738, 0x484a5409,
    0x4b39463f, 0x897ca39d, 0x9542469c, 0xa68488aa, 0x46434f9e, 0x04589c49, 0x2d303d66, 0x6229333a, 0x3768797b, 0x8f29195b, 0x6b7e7d6a, 0x333c3c2d,
    0xf7820271, 0xda047b33, 0x00061c02, 0x23000300, 0x2f02b000, 0x01020fb2, 0x0598515d, 0xcc83b420, 0xb05d023d, 0x03b01002, 0x03b019d0, 0x3130182f,
    0x23013301, 0xfee03c01, 0x000695f4, 0x8200dafe, 0xfe9a2c3f, 0x04ee0360, 0x0012003a, 0x630db251, 0x1d4c0f83, 0x2f072407, 0x8707b11b, 0x8210200c,
    0x1410210c, 0x4206e256, 0xb871078a, 0x0bb2230b, 0xd4410d07, 0x16112205, 0x06525116, 0x06272708, 0x11272223, 0x53011123, 0xc7746701, 0x09a7ba3e,
    0x5193aa5d, 0xfd3a04b9, 0x989ca387, 0xc6fb2003, 0xfe498773, 0x9384052b, 0xce824320, 0xb005402a, 0x2b000a00, 0x0c0b02b2, 0x420d9b5b, 0x12260c6d,
    0x01b2593e, 0x6d840800, 0x2311213d, 0x34352422, 0x11213324, 0xe6548602, 0x0a01f7fe, 0x020d01e6, 0xd5d6fe08, 0x8350faff, 0x02932deb, 0x0379016b,
    0x00090049, 0x0a03b217, 0x2b05df68, 0x08b02f02, 0x582b0ab0, 0x59dc1bd8, 0x25064848, 0x22061415, 0x2a7a9326, 0xd9022805, 0x30404030, 0x833f3f2f,
    0xfe742e3f, 0x00aa014d, 0x000e0000, 0x0f05b242, 0x6b978810, 0x06320ccc, 0x06b11b2f, 0xb4593e14, 0x06230613, 0x01b25d02, 0x28820006, 0x8707b021,
    0x01b02864, 0xd00db010, 0x42213130, 0x273f0506, 0x34353632, 0x01372726, 0xa0990c1d, 0x574f078f, 0x34206240, 0x7161921b, 0x2c2f346b, 0x8386092a,
    0x027a2c77, 0x05ef019b, 0x000600b0, 0x6401b241, 0x96640aa3, 0x2484840c, 0xb2593e16, 0x09e07904, 0x79098942, 0x220808e0, 0x07112301, 0x01332535,
    0x01d89def, 0x9b021263, 0x80395902, 0x00020075, 0x03b2027a, 0x00c40527, 0x821a000c, 0x560320dd, 0x032305eb, 0x4610b010, 0xb2230e7b, 0x48031b0a,
    0xb12105e9, 0x0a924710, 0xb1100323, 0x200e8917, 0x0a4b7f30, 0x080f317f, 0xbc7a0728, 0xbbbc9b9a, 0xa3beccfe, 0x5f535461, 0x60515361, 0x9e630402,
    0x4aa6c1c3, 0xa5c2c29f, 0x73726406, 0x72634e65, 0x7547616e, 0x03983105, 0x00b50378, 0x0d930126, 0x01070000, 0x006a0193, 0x552e1783, 0x91050000,
    0x2700ad05, 0xdbffc601, 0x07829802, 0x1801942b, 0x07010800, 0xd6022002, 0x08bf7400, 0x25072041, 0xffff3130, 0x33825000, 0x3384c920, 0xec009424,
    0x3b840800, 0x9802d628, 0xc5010701, 0x33891e03, 0x1b2f0926, 0x3e1e09b1, 0x20051d75, 0x2233826f, 0x84bb05ed, 0x8397205f, 0x20022d33, 0x00003203,
    0x1f020701, 0x9b023100, 0x20072775, 0x20338221, 0x31338421, 0x44000200, 0x78037ffe, 0x18004d04, 0x59002200, 0x896909b2, 0x10092405, 0x5cd01cb0,
    0x2f8408c5, 0x593e1a2d, 0x211000b2, 0xb2391211, 0x74001003, 0xb0221e52, 0x8b741021, 0x3130260b, 0x07030e01, 0x05d04b07, 0x0606332e, 0x35262223,
    0x36373734, 0x06141335, 0x36370a83, 0x4c021632, 0xb8602901, 0x6d74020b, 0x02b97d64, 0xd6c4b7e1, 0x74426da0, 0x2b080661, 0x7f6aa802, 0x2563c176,
    0x5b71736d, 0xb3c9cca1, 0x4e71afad, 0x2d3d0192, 0x2c2d3e3e, 0x02003c3c, 0x0000f2ff, 0xb0055707, 0x12000f00, 0x6707517b, 0xf1420cf1, 0x0707630c,
    0x4211b221, 0x112005ea, 0x560e6e7a, 0xb2230c10, 0x8306000b, 0x2f0b21eb, 0x690f0d60, 0x12200b04, 0x302c4984, 0x03212131, 0x01230321, 0x13211521,
    0x44080384, 0x07032101, 0x0f8dfc57, 0xe2cdccfd, 0xb7037003, 0x02144dfd, 0x16b8fd4e, 0xaffac102, 0x011fc801, 0x059ffe61, 0x29fe98b0, 0x01edfd97,
    0x00dd0278, 0x00590001, 0x04dd03ce, 0x000b0063, 0x03b00038, 0x0c09b22f, 0x247e8303, 0x0ab22f09, 0x23098309, 0x090304b2, 0xb2231082, 0x82040a01,
    0x03b02906, 0xd005b010, 0x0a0407b2, 0x25082484, 0xd00bb010, 0x01133130, 0x01013701, 0x07010117, 0x01590101, 0x77b8fe4a, 0x49014901, 0x01b8fe77,
    0xb5fe774a, 0x0d82b5fe, 0x4f015025, 0x84b1fe7b, 0xb0fe3d04, 0xfe51017b, 0x030000af, 0xa3ff7600, 0xec051d05, 0x20001700, 0x68002900, 0x2b2a04b2,
    0x04255683, 0xd01db010, 0x200582b0, 0x065b4326, 0x44181020, 0x4d410bd1, 0x101a2108, 0xb2219183, 0x27068423, 0xb01023b0, 0x10b0d01b, 0x230d9b5f,
    0x24b0101a, 0xa27c4983, 0x31302c0b, 0x04021401, 0x07272223, 0x73263723, 0x1733063b, 0x16073337, 0x17140513, 0x22232601, 0x34050702, 0x6d160127,
    0x21080910, 0x8e6183ab, 0x0192be90, 0x94d6ac0b, 0x899f8d67, 0x622cfc02, 0xa6663402, 0x0303d1b6, 0xdbfd3815, 0x1d6d795b, 0x52360808, 0x01c0e79b,
    0x01d25368, 0xa57dab42, 0xdafebbff, 0x038df463, 0xebfe6f88, 0x83b60df6, 0x01408ffc, 0x0200fd0f, 0x0000a600, 0xb0055d04, 0x16000d00, 0x09b25900,
    0x4c411817, 0x074b4406, 0x500cdf69, 0x01220811, 0x1b660b00, 0x10b22105, 0x10210985, 0x0c9f552f, 0xd4480120, 0x2de6820c, 0x16322111, 0x04141516,
    0x23112123, 0x0d821311, 0x35362308, 0x01272634, 0x93170160, 0xf8fe77dc, 0xbaeefee3, 0x8e1501ba, 0x0588a0a0, 0x69dbfeb0, 0xe7c27ec2, 0x0a82c7fe,
    0xdefd4339, 0x977b7897, 0x00010001, 0x04ecff8b, 0x0012066a, 0xb26b002a, 0x6e2c2b21, 0x2a5e0df1, 0x79132007, 0x471806fc, 0x0a220dca, 0x2e820513,
    0x050eb223, 0x24068213, 0xb11013b0, 0x09794f1a, 0x8520b221, 0x8523201c, 0x1005231c, 0xdc6528b1, 0x1123210c, 0x2f070b48, 0x021e1415, 0x23061415,
    0x37272622, 0x32331616, 0x2e23c282, 0x82343502, 0x264d0806, 0x01112223, 0xbacfb944, 0x4b80c5b4, 0xb6cb56bc, 0x2b26b551, 0x6b358731, 0x57bd4a71,
    0xda58688b, 0xebd05704, 0xcb7d9fb3, 0x905f3345, 0xb29f4c88, 0x209b1c2c, 0x34525e2c, 0x518a9360, 0x5e54cf59, 0x00dbfe6b, 0xff4e0003, 0x047c06ec,
    0x26e1824e, 0x003d0035, 0x4c02b2ca, 0x02250561, 0xd02eb010, 0x200582b0, 0x06834239, 0x200cd966, 0x20f1821d, 0x0c145e1d, 0xef471220, 0x086d5306,
    0x001d0222, 0xb223f782, 0x8217050c, 0x0cb02b06, 0x0cbfb42f, 0x5d020ccf, 0xcf5e17b0, 0x13b2220c, 0x211f830c, 0x2d851ab2, 0x06843a20, 0x823ab021,
    0xcf3a262d, 0xb15d023a, 0x0d5d7521, 0x0e892520, 0x8528b221, 0xd02b262b, 0xb1100cb0, 0x2918892f, 0xb01010b0, 0x3130d036, 0x88782005, 0x34352305,
    0x22673336, 0x05f64d07, 0x36361726, 0x15123233, 0x23052e64, 0x06173737, 0x2009034e, 0x05396416, 0x26348308, 0xfbfeee04, 0x8de24188, 0xdde3bca7,
    0x69686edf, 0xbbf2b88c, 0x3f32b073, 0xe8d269ae, 0xae0728fd, 0x2f799495, 0x09fc9e40, 0xe4329e48, 0x036a8c75, 0x11957350, 0x14861a02, 0xad5e56b4,
    0x55ae9d97, 0x516e7b6b, 0x53b58f13, 0xfe574f53, 0xb073e9ff, 0x881f4cbf, 0x364a9679, 0x536e02ed, 0x34035d4d, 0x841f8bab, 0x02000093, 0xecff7e00,
    0x2c062d04, 0x2b001d00, 0x07b25600, 0x12112d2c, 0x1007b039, 0x774128b0, 0x2f192406, 0x4219b11b, 0x07200769, 0x07270c82, 0xb2593e12, 0x8307190f,
    0x2f0f2327, 0x098411b2, 0x820b247d, 0x0d4e423d, 0x11120125, 0x7c061415, 0x17330a58, 0x27072726, 0x37272637, 0x17371716, 0x26262703, 0x50062223,
    0x57080632, 0x75f93403, 0xdc8786d8, 0x81cf7079, 0x8d3079a3, 0x84c049da, 0xafef39b7, 0x026849bd, 0x915c8b21, 0x7d80a7a2, 0xfe150599, 0x5d67fef8,
    0x8190fd9e, 0xe99386e0, 0x8dc37282, 0x5b836394, 0x8b369f31, 0xf3fc6481, 0xbf493d38, 0xe2c48ca7, 0x030000b8, 0xac004700, 0xba042d04, 0x0d280982,
    0x53001700, 0x191807b2, 0x0021e186, 0x21a982d0, 0xe78211b0, 0x0dc84318, 0x1002b024, 0x0d490cb0, 0x88062008, 0x10012309, 0x0c8810b0, 0x93491620,
    0x21012809, 0x34012135, 0x82163236, 0x262222e4, 0x27098811, 0x1afc2d04, 0xa0fde603, 0x8505a849, 0x58022d05, 0x303a01b8, 0x2f304040, 0xfefc3e3e,
    0x2e220883, 0x9b823f3f, 0x7aff5b32, 0xb8043404, 0x1d001500, 0x65002600, 0x282704b2, 0x25068945, 0x04b0d01b, 0x614fb010, 0x2f042407, 0x4204b11b,
    0x0f2007f8, 0x2006756d, 0x0a9969b1, 0x2321b223, 0x23398304, 0x18b01021, 0x0b573983, 0x19b2230b, 0x1b830f1b, 0xb0101925, 0x6030d020, 0x17280689,
    0x16073337, 0x06061411, 0x20069145, 0x05844513, 0x83450620, 0x364f0806, 0xe17b5b35, 0x495e6e8f, 0x7cc3667c, 0x566890e0, 0xcd647c4a, 0x570161b9,
    0xa88a483e, 0xfe576602, 0x8b4237ac, 0x9f2702a7, 0x942a8bfd, 0xc0fe9acd, 0x2389fe9e, 0x0195cb95, 0x026fc237, 0xb5da20b6, 0x50fd6fb6, 0x00b9db19,
    0xfe950002, 0x68270460, 0x0c201261, 0x2016c769, 0x06a84a06, 0x200dbb73, 0x35a36005, 0xa3601120, 0xe2272810, 0xb971c5c1, 0x60c271b9, 0x072412a2,
    0x84cafda0, 0x2310a360, 0xac04ecff, 0x1727bf82, 0x82002200, 0x4e14b000, 0x91410aeb, 0x15db5c07, 0x01140f25, 0x832fb25d, 0x03132804, 0x39121114,
    0x5f2f13b0, 0x01250c72, 0x0604b2d0, 0x2318820d, 0x060d0fb2, 0x10261f84, 0xb0d016b0, 0xbc411006, 0x0db0210b, 0x210ff472, 0x37691123, 0x69352006,
    0x21280547, 0x33352135, 0x14013315, 0x2208e566, 0x69bcac04, 0xec2b0542, 0xfe6fbebf, 0xb90801f8, 0x696cfcbc, 0x0434074d, 0x742ffbd1, 0xf8340188,
    0x2f01f90e, 0x97050182, 0xa9fc9898, 0x2e075269, 0x001d0002, 0x05880500, 0x001300b0, 0x656d0017, 0x0f24054d, 0x0fb11b2f, 0x240c1970, 0xb2593e12,
    0x05c07d14, 0xb22f1425, 0x830f1410, 0x2f1023bd, 0xb16a00b0, 0x03b02d0f, 0x1008b0d0, 0xb0d005b0, 0x07b11014, 0x230a2c45, 0x0ab01017, 0xb02d2c83,
    0x0fb0d00d, 0xd012b010, 0x33013130, 0x27da8215, 0x23112111, 0x33352311, 0x20053b78, 0x27dc8201, 0x86860205, 0xc123fdc1, 0x27080582, 0xfcc1dd02,
    0xfddd0262, 0x8e8e0423, 0xa10200fc, 0x00045ffd, 0xfe22018e, 0xfd2201de, 0x0100c28e, 0x00009b00, 0x3a045501, 0x460e5b65, 0xf1660f31, 0x55012305,
    0x2a82baba, 0x9a243582, 0x3f040000, 0x0c220a82, 0x3f666900, 0x14d25e0a, 0x480cc05f, 0xb0360722, 0x06b01002, 0x2f06b0d0, 0x01069fb2, 0x06bfb45d,
    0x5d0206cf, 0x0b822fb2, 0x82ffb221, 0x9f431804, 0x010a250c, 0x39121106, 0xe582ed82, 0x2108e382, 0x01330133, 0xbf012301, 0x5bbaba6b, 0xfedf8d01,
    0xe9e8013c, 0x33fecd01, 0x36fe3a04, 0xf3fdca01, 0x9f82d3fd, 0x9f822220, 0xb0051b26, 0x5d000d00, 0x0c209f85, 0x0b774e18, 0x2108ea6c, 0x5a830c01,
    0x2f01b027, 0xb0d000b0, 0x0c5a6201, 0x8203b021, 0x4f10209e, 0xb0310b0c, 0x08b01003, 0xd009b0d0, 0xb01000b0, 0x0ab0d00b, 0x089382d0, 0x05152529,
    0x21152111, 0x37350711, 0x69013311, 0xf9fe0701, 0x8dfcb202, 0x03c18686, 0x547d544b, 0x029dcffd, 0x2a7d2a91, 0x8500a202, 0x0a022795, 0x0b000006,
    0x48184b00, 0x32460a71, 0x082e4a07, 0xb34a0120, 0x22959805, 0x8407b0d0, 0xd0092183, 0x83828f82, 0x07153724, 0x81862311, 0x9e9e6c35, 0xba9090ba,
    0x7b3d6503, 0x0216fd3d, 0x377b37a3, 0x8200e202, 0xfea22e7b, 0x05f1044b, 0x001300b0, 0x1406b25b, 0x0df14e15, 0x4a07aa42, 0x1d5011be, 0x2f0e2a07,
    0x120eb11b, 0x04b0593e, 0x0bca4910, 0x0e0db223, 0x234a8210, 0x000e12b2, 0x2b05a341, 0x23061411, 0x16372722, 0x35353233, 0x08062b78, 0xabf10424,
    0x0e363d9c, 0xfd883d25, 0x02c0c033, 0xf9b005cd, 0x12baa8fd, 0x47d00e9a, 0x96fb6a04, 0x98fbb005, 0xa1826804, 0x4bfe912e, 0x4e04f003, 0x63001a00,
    0x1c1b0db2, 0xaf67a188, 0x0ca2670c, 0x94820a20, 0xa1870a20, 0x082f4d18, 0x03180122, 0xb0213b82, 0x0cac6f0a, 0xad63b020, 0x069a670d, 0x8a171621,
    0x6e1120af, 0x232b05bb, 0x0d370111, 0xb8b3cb74, 0x829ba702, 0x233208b6, 0x7d6f8942, 0x04ba51af, 0xd0ae9a3a, 0xa4f4fccb, 0x0d9d12b8, 0x8bf702c2,
    0xd4fc8580, 0x02003a04, 0xebff6800, 0xc4050907, 0x23001700, 0x01b29600, 0x7d832524, 0xb0100123, 0x0be5691a, 0x52076141, 0x7b4d0cc4, 0x0811450c,
    0x77490e20, 0x0e00210e, 0x13215083, 0x4847182f, 0x6d00200c, 0x4a180c5d, 0xb0210e95, 0x0c5c4c0c, 0x21313034, 0x22230621, 0x11270226, 0x33361234,
    0x15211732, 0x03841121, 0x6b320521, 0x590805e4, 0x16141107, 0xb0fc0907, 0xfea272b2, 0xfe8b018c, 0x03aa7ca2, 0x022dfd46, 0x0289fd77, 0x718cfbdd,
    0xad6c6d66, 0x15c302c2, 0xab0f0196, 0x01ac3501, 0x9e149711, 0xfd9d2cfe, 0x040e1bfc, 0xcfe50f8e, 0xebd3c7fe, 0x61000300, 0x0007ecff, 0x20004e04,
    0x34002c00, 0x06b29900, 0x636b3635, 0xd0262606, 0xb01006b0, 0x130b6830, 0x200c6a62, 0x06de6c17, 0x4500b025, 0x821db058, 0x121d270c, 0x07b2593e,
    0x4782170a, 0x8431b221, 0x31b02206, 0x0b12552f, 0x7017b021, 0xb2210ca0, 0x21248414, 0x06841ab2, 0x5b06534d, 0xb0210a49, 0x08cf472d, 0x36171626,
    0x16323336, 0x25075d4a, 0x22230617, 0x6a682726, 0x256d0811, 0x21070622, 0x61263435, 0x898edb79, 0xc4413dc9, 0xfdeacf70, 0x86a40732, 0x894a78bc,
    0x3fcd87f5, 0xdc86c73e, 0xa0b9f8fe, 0xa1a0898b, 0x04a2878a, 0x1696632d, 0x02890e02, 0x89fea027, 0x73666475, 0xaa74ebfe, 0x847e6cc5, 0x71636470,
    0x09fe3001, 0xced7d8b7, 0xd6d6d9b6, 0x7d1a8aa3, 0x00010096, 0x020000a0, 0x00150682, 0xb233000c, 0x0a256403, 0xfe820420, 0xe46a0420, 0x0e7f430f,
    0x33313023, 0x08c58311, 0x26071733, 0x11152223, 0xa2b001a0, 0x2817543b, 0xae04b733, 0x8e15bea9, 0x60fbdd0b, 0x5d000200, 0x1205ecff, 0x1700c405,
    0x5e001f00, 0x212000b2, 0xb0391211, 0x13b24e18, 0x2008f06f, 0x05c75005, 0xb02f0523, 0x0cf04310, 0x1000b022, 0x0bff4c18, 0x4705b021, 0x30320c7a,
    0x00200531, 0x35213511, 0x22230210, 0x37270707, 0x0f823336, 0x14155d08, 0x32270402, 0x15213712, 0xb9021614, 0xc1fee3fe, 0xddf4f403, 0x2f3d8ba5,
    0x01e89e16, 0x9c64012e, 0xa9a7eafe, 0xcffc0fde, 0x590114d3, 0x07754501, 0x1c010201, 0x0d8f1a3a, 0xfe87fe58, 0xfec554b1, 0x019eb6bf, 0xda22db05,
    0x010000e4, 0x4bfee4ff, 0x1506bc02, 0x74001e00, 0x201f14b2, 0x24082744, 0xb11b2f15, 0x072f4115, 0x4d0c3472, 0x05200c04, 0x05252682, 0xb0593e14,
    0x0de2781d, 0x656ec982, 0x27e7820a, 0xb0d00eb0, 0x15b0d00f, 0x230c0f4e, 0x23013130, 0x26093344, 0x23113536, 0x41353335, 0x43080881, 0x02331507,
    0x9aa8cb60, 0x1e0e323d, 0xab474143, 0xa1af02ab, 0x2616543b, 0xcb04ab3c, 0xfefbab03, 0x9312b7a7, 0x045c680d, 0xa7788f04, 0x0a9315bc, 0x02007ac3,
    0xecff6500, 0x37069d05, 0x25001700, 0x04b25500, 0x23056f5b, 0x22b01004, 0x7d06a041, 0xb2231440, 0x82040d0f, 0x0fb027f9, 0xd015b010, 0x85410db0,
    0x04b0220c, 0x0b654c10, 0x33074650, 0x35270224, 0x33241234, 0x36361732, 0x05103335, 0x10071716, 0x080a537d, 0xf8041140, 0xb0f8fe90, 0x95f6feab,
    0x0b019201, 0x609bf0ac, 0xf9fea75d, 0xcfbe0161, 0x03d1b6bd, 0xcbbfb9d3, 0xfed6a902, 0x01a8a8c1, 0xd264cf3e, 0x9bac4101, 0xfe848307, 0xf6ac3db3,
    0x01020104, 0x5c7dfe16, 0x011a2306, 0xd5820001, 0xecff5b2a, 0xb004ba04, 0x23001600, 0x1320d582, 0x20051545, 0x09154513, 0x4f0c9f4b, 0xb2230797,
    0x44130406, 0x0c210631, 0x0e894fd0, 0x644ed583, 0x08954b0a, 0x0722cc84, 0x266c1516, 0x056a750e, 0x7b5b3808, 0x88cf8fe1, 0xcf964047, 0x90e07c49,
    0xb9f1fede, 0xa78b8da7, 0xa88a8ba9, 0xfd9f2702, 0x64088a8b, 0x33ddfe80, 0x9e16a98a, 0x330189fe, 0xdab409fb, 0xb510b9db, 0x7a00dada, 0x062905d3,
    0x0002061d, 0xb24d001a, 0x0a8f460c, 0x1b2f1224, 0xcf4512b1, 0x821a2007, 0x181a200c, 0x230f614c, 0x1a0d01b2, 0x23060446, 0x0db0d008, 0x230caa45,
    0x15013130, 0x1425b283, 0x06110706, 0x10eb7a02, 0x9f617329, 0xf401c2b1, 0x7aef49d3, 0xd52f09ef, 0xd293890b, 0x7efd0cd1, 0x16fcfec7, 0x7a020104,
    0xa7820bf6, 0xecff882e, 0x90040f05, 0x61001900, 0x1b1a07b2, 0x20080f43, 0x10ec6913, 0x200c9f49, 0x0f075012, 0x13081522, 0xb0273b82, 0x03b01015,
    0x8506b2d0, 0x4608200c, 0xbb820c8b, 0x2321b683, 0x0d666927, 0x023e1529, 0x930f0535, 0x6904b0a0, 0x4429096c, 0x90041d44, 0xfc0493b4, 0x0b7569bb,
    0x23028331, 0x00006c48, 0xfeb4ff01, 0x0465014b, 0x180d003a, 0x47078341, 0x04200cd7, 0x0423b982, 0x48593e14, 0x7b820b69, 0x300c7743, 0x98aa6501,
    0x1e0e343b, 0x04484143, 0xaa6dfb3a, 0x055943b2, 0x00009335, 0xff620002, 0x04e903ec, 0x0014004f, 0xb268001c, 0x611e1d08, 0x15200689, 0x8c065143,
    0x0891756c, 0x08000d22, 0x0d232783, 0x8c00b02f, 0x12b221f5, 0x08201885, 0x200def6b, 0x0c08450d, 0x32209e82, 0x0805aa6e, 0x2622276c, 0x26213535,
    0x07222326, 0x32013627, 0x15213736, 0xff011614, 0x7c0e01dc, 0xe9d07ad8, 0xa107cd02, 0x497bba88, 0x620e018c, 0xf3fd1597, 0xfe4f0489, 0x9524f9d4,
    0xfe018df8, 0xc8a874e9, 0xfc867d6c, 0x1a89a435, 0x0000967d, 0x04a90001, 0x060603e4, 0x00080000, 0x04b00034, 0xd007b02f, 0xb42f07b0, 0x071f070f,
    0x05b25d02, 0xb0820704, 0x05b0192a, 0x01b0182f, 0x01b019d0, 0x04260782, 0xd002b010, 0x198403b2, 0x15389382, 0x23072723, 0x03331335, 0x95969906,
    0x0470f699, 0xaaaa0aee, 0x0010010c, 0x8d265b82, 0xf702e304, 0x5b82ff05, 0x5b842020, 0x82d00121, 0x0fb42441, 0x82011f01, 0x0400225b, 0x255b8201,
    0xb0d008b0, 0x47822f08, 0x1533373a, 0x35032303, 0x96c10133, 0xfb71fea0, 0xaa55059d, 0x01eefe0a, 0xffff0a12, 0x2807875d, 0x70000601, 0x0a000000,
    0x25458200, 0xf40302b1, 0x63823130, 0xcb04812c, 0xd705d802, 0x27000c00, 0xdb4609b2, 0x2f032906, 0x01030fb2, 0x0409b15d, 0x4c08a85d, 0xb021050b,
    0x058c670c, 0x5b262021, 0x0234074f, 0xf4fea5d8, 0x494c97a6, 0xd7054f46, 0x78949379, 0x474e4f46, 0xee24bb85, 0xc2056801, 0x1924bb82, 0x0a0902b2,
    0x0020aa82, 0x620e5662, 0x8d200a4a, 0x22063962, 0x723e2d57, 0x023205ff, 0xb4047900, 0x50062702, 0x14000900, 0x03b22a00, 0x31561615, 0xd00d2406,
    0x4103b000, 0xb2280666, 0x5d01073f, 0xb01003b0, 0x2005ae64, 0x209c8512, 0x05a56723, 0x14052c08, 0x36323316, 0x22232634, 0x7c270206, 0x7b7b5c5b,
    0xb5fe7bb8, 0x44303143, 0x42323143, 0x75578005, 0x7a7aac76, 0x42442f56, 0x83464562, 0xfe322cb1, 0x0092014f, 0x00100038, 0x6c05b232, 0x097506f9,
    0x4a0a2006, 0xb12206c6, 0x11410305, 0x09403708, 0x101f100f, 0x103f102f, 0x31305d04, 0x15060721, 0x37323314, 0x7e820617, 0x3634353d, 0x3a7e0137,
    0x34304e71, 0x595a460d, 0x2d7b8667, 0x1a48565b, 0x56682c79, 0x83389a59, 0x047b2a6b, 0x053e03d9, 0x001700e8, 0x2ace8440, 0x08b0d008, 0x080fb42f,
    0x8402081f, 0xd00b29d0, 0xb02f0bb0, 0x0fb11008, 0x200df759, 0x230e8a14, 0x17b0100f, 0x1b69f187, 0x34272605, 0x1e323336, 0x08f68202, 0x3e03353f,
    0x3c295c7b, 0x291c2b61, 0x5d797c3a, 0x33603823, 0x05392b1f, 0x14866cdc, 0x313f0d3e, 0x148c6b07, 0x2d44123a, 0x5e000200, 0x2c03d004, 0x0300ff05,
    0x3b000700, 0x2f02b000, 0xb0d000b0, 0x228b8200, 0x5c001f00, 0xb0280cd0, 0x05b01000, 0x2f05b0d0, 0x2808194e, 0xb01003b0, 0xb019d007, 0x07ed5c07,
    0x03330336, 0xcf5d0223, 0x6da9f3fe, 0x0596dac5, 0x01d1feff, 0x00d1fe2f, 0x7e2c6582, 0xd5016bfe, 0x0b00b5ff, 0x34001600, 0x2708f183, 0x03000b40,
    0x03200310, 0x03400330, 0x09b05d05, 0x2f09b0d0, 0x09300940, 0x09500940, 0x5d040960, 0x010900b2, 0xd00eb05d, 0x14206383, 0x1720e582, 0xcb5dda83,
    0x14372306, 0xb4553216, 0x7e063b05, 0x62474a64, 0x624c4960, 0x30463457, 0x32252330, 0x606146f2, 0x5e5d4647, 0x0e822345, 0x3432242c, 0xa7fc0100,
    0x48feda04, 0xe1820006, 0x4e001e21, 0x19200548, 0x1822e082, 0xa27c01b0, 0x48fe3113, 0xe0fefe9f, 0x2601da04, 0x6ffd0100, 0x10ffda04, 0x02223987,
    0x7f43b02f, 0x10ea5d0b, 0xe030fe22, 0x0806ea5d, 0xfcffff20, 0xffd9048b, 0x00e8054e, 0xfca50007, 0x00000010, 0x045efd01, 0x0694fed9, 0x000e0074,
    0x7e82002e, 0x000fb222, 0x0723df82, 0x8207b0d0, 0x070f37f6, 0x072f071f, 0x5d04073f, 0xb2d006b0, 0x11060001, 0x0db23912, 0xb04d0700, 0x36272705,
    0x23263436, 0xfd833237, 0x07072608, 0x4b0174fd, 0x074b5b46, 0x4d4e9a95, 0x99d90401, 0x274e1e05, 0x3d55676a, 0x00470b50, 0x0427fc02, 0x0507ffe4,
    0x22eb82ee, 0x8f370007, 0x05bd41ed, 0xb0d0063e, 0x0fb62f06, 0x2f061f06, 0xb05d0306, 0x03b0d003, 0x1000b02f, 0x19d004b0, 0x182f04b0, 0x3506a97d,
    0xfe330323, 0xcefea902, 0x96ff01e1, 0xe404cef6, 0xf6fe0a01, 0xc7820a01, 0xa2fe3830, 0x76ff13fe, 0x12000800, 0x2f02b000, 0xf67607b1, 0x3405210b,
    0x21061b66, 0xd14338fd, 0x43f52005, 0x012806d0, 0xee04b700, 0x3f069b01, 0x1d209982, 0x28096542, 0x01000fb2, 0x0203b25d, 0x5fe98200, 0x13290635,
    0xed230333, 0x067074ae, 0x05d7593f, 0xf0047126, 0x88068303, 0x0c283782, 0x38001500, 0x2f0bb000, 0x4105597e, 0x8641058d, 0x0bb0230a, 0xbb6bb110,
    0x0fb0220a, 0x6c1182d0, 0xd4820562, 0x9d885682, 0x2608b966, 0x65bce101, 0x85c0fe87, 0x370221ab, 0x06240785, 0x25f8fe88, 0x220dc266, 0x5e00ffff,
    0x012706cf, 0x00780006, 0x83060000, 0x31302fc3, 0xb1000100, 0x30040000, 0x0500b005, 0x67512c00, 0x4849180a, 0x4a042010, 0x43180cca, 0x042a07aa,
    0xc142fd30, 0x12057f03, 0x4282eefa, 0x00020027, 0x0500001f, 0x200a8273, 0x20618203, 0xb3481830, 0x3e122217, 0x0bf55059, 0x0206b222, 0x0806da4f,
    0x21013324, 0x02012125, 0x4302aa86, 0x0601acfa, 0x67fe4c03, 0x50fab005, 0x0028049d, 0x67000300, 0xfa04ecff, 0x0982c405, 0x23001526, 0x08b27a00,
    0x2505f149, 0x01b01008, 0x0582b0d0, 0x85d02021, 0x1a431870, 0x087b470c, 0x1108022f, 0xb0391211, 0xcfb22f02, 0xb25d0102, 0x200483ff, 0x2604822f,
    0xcf02bfb4, 0x52710202, 0xb0210b0f, 0x0c277611, 0x46185b82, 0x21230ee2, 0x18052135, 0x4a0f3e48, 0x372c0dea, 0xfbfdc003, 0x3a010502, 0xb1f8fe8f,
    0x08e44618, 0x0801af38, 0xd0bf0291, 0x03d1b6bb, 0xccbabbd1, 0x98930203, 0xc2fed582, 0x4818a9aa, 0xa83f0747, 0x0bcfc5fe, 0x15010301, 0x6bf6ebfe,
    0x01e0fefa, 0x0000fd0f, 0x00320001, 0x05030500, 0x640600b0, 0x00281051, 0x01b05845, 0x01b11b2f, 0x22106b49, 0x43010300, 0x2108057e, 0x33012301,
    0x9a022301, 0x02ce66fe, 0x1302ac12, 0xfb8904cf, 0xfab00577, 0x03000050, 0x00007800, 0x59822104, 0x07000326, 0x52000b00, 0x18054041, 0x530cb549,
    0x196d075c, 0x4502200c, 0xb224064a, 0x5d01052f, 0x0cfc5b18, 0x497b0820, 0x2137210e, 0x20058e5d, 0x36078203, 0xfca90378, 0xf2025757, 0x03530efd,
    0x9d6cfc94, 0x9d3f039d, 0x839e0e03, 0x82b220e1, 0x820120e1, 0x00072287, 0x0d4d1839, 0x0cc55012, 0xee820420, 0xee830420, 0x4d530620, 0x3130260c,
    0x21112321, 0x27038211, 0xfdc10105, 0x4f04c032, 0x22079542, 0x82450001, 0x824420e5, 0x000c225d, 0x51e1923e, 0x02420716, 0xd005220c, 0x26ca8db0,
    0x30d007b0, 0x82010131, 0x013523c6, 0x06823501, 0x02012508, 0x0343fef2, 0x0101fc0f, 0x031ffee1, 0x0124fdce, 0xfdce02bb, 0x028f9dcf, 0x9047024a,
    0x00d4fd9e, 0x4d000300, 0x7420d782, 0x15287982, 0x23001c00, 0x0ab26e00, 0x2505b342, 0x19b0100a, 0x0582b0d0, 0x2007b342, 0x20d48214, 0x28571814,
    0x14132210, 0x05985109, 0xd000b026, 0x140908b2, 0x08230c83, 0x840bb02f, 0x0aa94c9b, 0x545c4c83, 0x20b0210d, 0x6c08ad83, 0x15160416, 0x07060614,
    0x26352315, 0x36343500, 0x35373637, 0x16140133, 0x06061117, 0x27263405, 0x03363611, 0x0101a142, 0xa4ff8f90, 0xc8fefbc2, 0xb78b747d, 0xc2cafdc2,
    0x03c0b4b2, 0xb4b2c1a9, 0x03f704bf, 0x9e9cfa8a, 0xaf0489fa, 0x2f0104af, 0x49ee94f0, 0xfdb90357, 0x04c8b822, 0xca040903, 0x04cab5b5, 0xcb04f7fc,
    0x00010000, 0x20e9825a, 0x26e98221, 0xb25d0018, 0x4c1a1900, 0x04200823, 0x08845e18, 0xb0584522, 0x200c9a43, 0x20198217, 0x55f38717, 0xb22307b6,
    0x820b0416, 0x16b0223b, 0x21f3822f, 0x511816b0, 0x0f550c44, 0x36362505, 0x11331135, 0x1125d683, 0x00261123, 0x200c8227, 0x08d18216, 0x16033330,
    0x7fc1ae9c, 0xe7c19fed, 0xc003effe, 0xc195a501, 0xd7170b02, 0xfd0d02aa, 0x93f59ff0, 0x0196fe0f, 0x2a01176a, 0xfd1802ed, 0x19d7a3ef, 0xb382a403,
    0x0000712e, 0xc405cb04, 0x5e002400, 0x262519b2, 0x1920b388, 0x19209982, 0x430c4f53, 0x6218075e, 0x4253085f, 0x0db0220d, 0x20ae83d0, 0xff441819,
    0xb026080c, 0x21b01010, 0xd022b0d0, 0x36253130, 0x34353712, 0x15062026, 0x17121415, 0x33352115, 0x35350226, 0x33361234, 0x0f821632, 0x02145a08,
    0x21153307, 0x9a8ae102, 0xaefec203, 0xfe919dc0, 0x786add14, 0xa0a1fe8d, 0x78038efd, 0x1cfedc6a, 0x1c011ba2, 0xf6e786ea, 0xf071e5fa, 0xa21cd8fe,
    0x3301669d, 0x01ba6fa2, 0xfe9c9f24, 0xa082b4e4, 0x9d66cdfe, 0x00020000, 0x04ebff64, 0x004e0477, 0x00210016, 0x221fb27f, 0x24d38223, 0xb0101fb0,
    0x061b4513, 0x200cb14d, 0x20e68216, 0x14b14d16, 0x3d7b0c20, 0x08b02106, 0x0c4c4618, 0x130ab223, 0x21508208, 0x068415b2, 0x500cb021, 0xb0210cb7,
    0x0c6c7013, 0x01313024, 0x504a1611, 0x06272306, 0xef822223, 0x33121025, 0x59371732, 0x3a080a13, 0x4e02ee03, 0x30170f13, 0x6b26934a, 0xe2e4c0d1,
    0x116bcbc4, 0x8792ccfd, 0xa85552ad, 0x3a049586, 0x058ce3fc, 0xa5a52289, 0x0ff41b01, 0x3d010801, 0xbafd8da1, 0x01bac3af, 0x82e3bcbe, 0xfea030eb,
    0x054d0480, 0x001400c4, 0xb26c002a, 0x522c2b00, 0x0f210773, 0x097d5f2f, 0x7a07c541, 0x2822088d, 0x27830c00, 0xb12f2822, 0x220b405e, 0x82282506,
    0x0eb22315, 0xb567000c, 0x01182106, 0x8308284b, 0x865a18e7, 0x48d8820a, 0x162005ca, 0x2e05ce49, 0x11231127, 0x01363634, 0x22232634, 0x5f110706,
    0x5d080698, 0x35232726, 0x02363233, 0x62ebc15d, 0xf9837b58, 0xba78b5cd, 0x6701cf7a, 0x966c6b88, 0x5e902c01, 0x6d8c9a86, 0x7e785596, 0xaedbc405,
    0x2d2e985b, 0xefcd82c3, 0x0535fe5f, 0x6bbc6cb1, 0x87667bfe, 0xc3fc6b8e, 0x81a03f34, 0x9803a576, 0x01000077, 0x60fe2e00, 0x3a04df03, 0x38000800,
    0x8f4c00b2, 0x08fd4506, 0x2b147b67, 0xb11b2f04, 0x593e1404, 0x040700b2, 0x083e4918, 0x2a08ac82, 0x0a023301, 0xfebd1801, 0x84feba85, 0x031401bd,
    0xfefffb26, 0x03e00127, 0x000200fa, 0x04ecff60, 0x001c0627, 0x002a001e, 0x4114b261, 0x14200553, 0x20092952, 0x20538203, 0x07015303, 0x0c821420,
    0x3e121425, 0x6303b059, 0x1b220db5, 0x6f820314, 0x2f1bb025, 0x410b28b1, 0xd0220a45, 0x355214b0, 0x3413220e, 0xe2421836, 0x04142308, 0x60511712,
    0x34352807, 0x26273712, 0x60141326, 0x5f0805e4, 0x06222726, 0x8bafcbdd, 0x7c970286, 0xbb016556, 0xdb7605cf, 0xf9fede91, 0x630190bc, 0x89a13e6b,
    0x7da9a088, 0xf504a488, 0xa0379f88, 0x6c3e483b, 0xc4f3fe99, 0x85f39927, 0x0df22701, 0x230801a5, 0xfd8c2705, 0xcacbb063, 0x19db88c6, 0x010000cd,
    0xecff6300, 0x4d04ec03, 0x72002500, 0x272603b2, 0x740ddf53, 0xb07a0fe5, 0x100a250c, 0xb0d006b0, 0x222b0582, 0x2f22b0d0, 0x01222fb2, 0x82bfb25d,
    0x0cf65d04, 0x22230f22, 0xb2225282, 0x06831519, 0x1815b021, 0x84107850, 0x143321d5, 0x2205694d, 0x6f262637, 0x3b080daf, 0x15333314, 0x1e010623,
    0x9b717693, 0xccc6ffb9, 0x6258cdf8, 0xf9bacae7, 0x706b8fb9, 0xe0c4f487, 0x4d3001ea, 0x9b516e62, 0xba93b1b9, 0x497a2442, 0x8eb3a694, 0x4a5b6546,
    0x000694a0, 0x6d2edb82, 0xc30381fe, 0x1f00b005, 0x08b24d00, 0xdb842120, 0x180e1043, 0x250cb243, 0x15b2d001, 0x26820020, 0x1502b222, 0xaf830683,
    0x230a145c, 0x15001cb2, 0x35053c42, 0x06060115, 0x17161415, 0x15161617, 0x27070606, 0x34353636, 0xbd832724, 0x37124308, 0x03352101, 0x8aa2fec3,
    0xf7524366, 0x6c024751, 0x332f6243, 0x6736ccfe, 0x017f925b, 0x0583fd1d, 0x55fe78b0, 0x5a85e5a1, 0x18481961, 0xac454e58, 0x55355436, 0x184e442d,
    0x8281992d, 0x01964001, 0xb9829843, 0x61fe912c, 0x4e04f003, 0x54001200, 0x5d6a0cb2, 0x199d590a, 0x1b2f072c, 0x3e1407b1, 0x4500b059, 0xb97bb058,
    0x10012208, 0x056b4f03, 0x590b3466, 0x2321098e, 0x06a94311, 0x11233808, 0x780b3801, 0x01aebec8, 0x5c806cb9, 0x04ba2282, 0xc59c883a, 0x04a4fbcc,
    0x577c8851, 0x04effc4e, 0x0003003a, 0x04ecff7a, 0x00c40512, 0x0016000d, 0xb295001e, 0x85201f03, 0x13b0275d, 0x1003b0d0, 0x59451bb0, 0x820a2006,
    0xda63188b, 0x0eb22110, 0x2805b771, 0x5fb22f0e, 0xb25d010e, 0x2a0482ff, 0x9f0e8fb4, 0xb471020e, 0x82cf0ebf, 0x2fb22606, 0xb271010e, 0x831782cf,
    0xb45d2409, 0x82ff0eef, 0x0ab02115, 0x0dad4718, 0x57100e21, 0x03200c12, 0x820c8c55, 0x181020da, 0x210b2164, 0x99542105, 0x15500805, 0x14152105,
    0x37362016, 0xdfec1204, 0xec04eedb, 0x04ebdedf, 0x250221fd, 0x8c86888b, 0xdbfd2502, 0x8d040192, 0xfe800202, 0x01adfebf, 0xcd34014c, 0x4e013d01,
    0xcdfebcfe, 0xf1e3372c, 0x27cfe3f1, 0xe3f0fae5, 0xc3000100, 0x4b02f4ff, 0x0c003a04, 0x20144953, 0x20f78209, 0x0ed14b09, 0x11219182, 0x07fc4514,
    0x01111139, 0x3040377c, 0x49460127, 0xfc3a04f9, 0x0c403fd7, 0x26011397, 0x82002003, 0xff252c5b, 0x053b04ef, 0x001a00ee, 0x5510b252, 0xbe450701,
    0x08c85d05, 0x38480020, 0x21658207, 0xb25e0bb0, 0x08fd650c, 0x13b01028, 0x1000b0d0, 0xd17417b1, 0x1632260c, 0x16160117, 0x05d45033, 0x27264508,
    0x01230103, 0x23262627, 0x01362707, 0x21786205, 0x2d14ab01, 0x24062623, 0x3e4e4d2a, 0xe2fee61d, 0x608a01ce, 0x2f2d3517, 0xee052a01, 0xabfb5f50,
    0x98032733, 0x5056250c, 0xf5fc5102, 0x38eb0504, 0x0c8e022e, 0x6534b382, 0xa90377fe, 0x2d00c405, 0x03b25900, 0x12112f2e, 0x17b00039, 0x2b29b385,
    0x2bb11b2f, 0xb1593e1e, 0x23878902, 0x2b2e08b2, 0x5c05b849, 0x1e200cd6, 0x1e201585, 0x230c435c, 0x080925b2, 0x086d4018, 0x14150627, 0x23153321,
    0x33078206, 0x17160416, 0x06141516, 0x36372707, 0x042e3435, 0x37363435, 0x08069275, 0x7203174e, 0xa08d6184, 0x96854d01, 0x0190c7b6, 0x4f207c0f,
    0x396b4868, 0xa9e64c31, 0x96a44177, 0x02018376, 0x057091e4, 0x55672408, 0x9c0298db, 0x419d70a3, 0x69311425, 0x543da740, 0x273e3c40, 0x6942332e,
    0xcb916f99, 0x60982a2e, 0x0027b99f, 0x292edf82, 0xa404f4ff, 0x14003a04, 0x0bb25e00, 0xed551615, 0x72501815, 0x13b02114, 0x220c254e, 0x18100ab0,
    0x290be14e, 0xb01000b0, 0x0eb0d00d, 0xe47fb0d0, 0x06e17f07, 0x23061731, 0x21111122, 0x23112311, 0x71042135, 0x4241369c, 0x2b08052d, 0xa9b96ffe,
    0xa1034804, 0x414072fd, 0x0113970c, 0xfc870226, 0x99a1035f, 0x91000200, 0x1f0460fe, 0x0f004e04, 0x59001b00, 0x1d1c12b2, 0xb021a582, 0xf7461812,
    0x2f002409, 0x4500b11b, 0x26440cc9, 0x08366507, 0x07000922, 0xb1203482, 0x0b595c18, 0x66430020, 0x3130280c, 0x17123201, 0x6e021417, 0x3425058d,
    0x16033636, 0x07b85133, 0x02153908, 0x0bf4cf50, 0xc3bfe001, 0xcd71ba72, 0x87ab5384, 0x75859196, 0xfe4e0490, 0xf042fee6, 0xfd7ce8fe, 0x9ee403f8,
    0xc8fc80ec, 0xcdc3c393, 0x00a9d8e0, 0x65000100, 0xe1038afe, 0x2226b582, 0x00b24b00, 0x7e822423, 0x8c08ba62, 0xfe4518b0, 0x05d65007, 0xb1200582,
    0x210a9145, 0x144b1bb0, 0x058e480c, 0x26342329, 0x15062223, 0x45051015, 0x3729079e, 0x26343536, 0x35022627, 0x08b88235, 0xbd3d023b, 0x6f86afe7,
    0x40019b84, 0x02506286, 0x2f624a63, 0xec564631, 0x04d777f8, 0x6eb4d54e, 0x20b3db83, 0x2663fcfe, 0x3f50601d, 0x36553ea7, 0x2b2b463c, 0x01013413,
    0xfb982ad3, 0x06154889, 0x3a047b28, 0x1d001100, 0x4b184e00, 0xed560ad1, 0x0c0a5b07, 0x087c5818, 0x0c421020, 0x0edc560d, 0xb0100024, 0xbc82d01b,
    0x11162122, 0x2409f647, 0x21373636, 0x07f54701, 0x3b08d082, 0xe4fe7b04, 0x8cdd7ac8, 0x76f6feda, 0x40028cd9, 0x8aa09ffc, 0x8ba19f8b, 0xa1039f89,
    0x11effe94, 0x0188eb8c, 0x980dff2f, 0xfd0188f2, 0xd9d7b7d7, 0xccceaccb, 0x51000100, 0xd903ecff, 0x1022af82, 0x42184b00, 0x0f240c03, 0x0fb11b2f,
    0x44071542, 0xb02107b8, 0x20a78d0f, 0x0d926109, 0x0d23a782, 0x840eb0d0, 0x551120aa, 0x22080821, 0x35211127, 0xfed90321, 0x312b698d, 0x7d6a4c2a,
    0xa5fe0175, 0xa4038803, 0x1a8569fd, 0x92933482, 0x82969302, 0x828f2087, 0x82f62087, 0x00122487, 0x460eb23d, 0xec410ad1, 0x1f48180c, 0x610e200c,
    0x74480604, 0x3042080b, 0x10110131, 0x35363233, 0x16330326, 0x23001011, 0x11272622, 0x81c94901, 0xc37605aa, 0xdafffe71, 0x0402c8c2, 0xfe79fd3a,
    0xe7b6facf, 0xfef12101, 0xfef9fee9, 0x02d7e0c1, 0x02000097, 0x22fe5700, 0x83824c05, 0x2200192b, 0x0fb25e00, 0x12112423, 0x25f28239, 0x00d01ab0,
    0xb54418b0, 0xc3451805, 0x0ccb410c, 0x22092c5f, 0x4b17b0d0, 0x0c230ded, 0x6510b0d0, 0x053b0e05, 0x34350024, 0x06173712, 0x17161407, 0x33363411,
    0x15161632, 0x11050014, 0x82361323, 0x264e08bd, 0x02152223, 0xfe00ff6c, 0x657f81eb, 0xa6b50aa1, 0xe182718a, 0xfedefe82, 0xaab9b9fb, 0x82a505c4,
    0x01171142, 0x01a8fb33, 0x8c855707, 0x1ae5adf5, 0x7d69cc02, 0xf395f88d, 0xfe15d7fe, 0x16660233, 0xd8a9a4de, 0x01000052, 0x28fe5f00, 0xd3844305,
    0x00b25922, 0x20068f5a, 0x41cb850d, 0xd88c0c5a, 0x4c0cfa4c, 0xf34f070e, 0x100c2e0c, 0xb0d00fb0, 0x18b01001, 0x013130d0, 0x41b38311, 0xc1820571,
    0x00261123, 0x06694e11, 0x1c033708, 0x7a05c3ab, 0xe3fe76c2, 0xffb9f6fe, 0x02bafbfe, 0x3a04a2a6, 0xe5184efc, 0x1b01e8b2, 0xfee9feec, 0x15d0fefd,
    0xc90139fe, 0x0136011a, 0xfee60113, 0x19e4c20e, 0xb983b103, 0xecff7a24, 0xb9821906, 0x5b002326, 0x25241bb2, 0x420d2363, 0xa98c0799, 0x1b2f1925,
    0x481219b1, 0x1e2006e3, 0x1e200c82, 0x56450c82, 0x09b2230b, 0x47821e00, 0xd00eb026, 0x19131bb2, 0x20053d46, 0x06ed6f02, 0x3a42b184, 0x90631809,
    0x023f0807, 0x01371011, 0x72078ac4, 0xbb716c6a, 0x6a6b7101, 0xc38a0772, 0xf0bccf87, 0x77a42955, 0x0487cfbc, 0xefe5fe3a, 0xa6ade3cb, 0xcefe2d01,
    0xcce2aaa4, 0xf41b01ef, 0xedfeeafe, 0x75eecffe, 0x82310179, 0xeb1f35d4, 0x79000200, 0x7904ecff, 0x1f00c605, 0x71002800, 0x2a2914b2, 0xb0237d82,
    0x6eb01014, 0x474f07ab, 0x0812650c, 0x06191d22, 0x1d202783, 0x210cf96f, 0x15850bb2, 0x0f470620, 0x02b02d0c, 0xd013b010, 0xb0101db0, 0x19b0d023,
    0x0c5d6b18, 0x0131302e, 0x06150706, 0x26222306, 0x11371135, 0x50053444, 0x650805e6, 0x15163233, 0x01373611, 0x11171614, 0x15222326, 0x533c7904,
    0xcbc8e502, 0x7c8cbaf7, 0xfed98274, 0x9f96b8f3, 0xfd483fb2, 0x058aa294, 0x73029493, 0xd3a60917, 0x01d7f7ee, 0xb0fe0247, 0x98929b8f, 0x1a011fa6,
    0xc5bba0d9, 0x05a1feb2, 0x85520113, 0x68011ebd, 0x0100c4c6, 0x0000daff, 0xbc056e04, 0x4a001a00, 0xad4800b2, 0x58452207, 0x0ce350b0, 0x200cd650,
    0x635a180d, 0x04002207, 0x64f4830d, 0x62670ddb, 0x5f132005, 0x012409dc, 0x01112311, 0x0722b282, 0xc4823627, 0x02174708, 0x6b2be124, 0x24344857,
    0x2446270d, 0xfebfd7fe, 0x274327d8, 0x4734240d, 0x032a6b58, 0x63fb0106, 0x08971b58, 0xfd77fd4f, 0x023c02c6, 0x96084f87, 0x005d541c, 0x4a000200,
    0x1b06ecff, 0x12003a04, 0x72002600, 0xbf6a08b2, 0x10082305, 0x21551eb0, 0x076d420b, 0x21079741, 0xc98200b0, 0x2008d647, 0x0c144511, 0x1108b223,
    0x2cbe8306, 0x10b0d00f, 0xd015b0d0, 0xb0d016b0, 0x0c844a0a, 0x0a1fb223, 0x3b218311, 0x3130d024, 0x15162301, 0x22230210, 0x22230627, 0x37341102,
    0x01213523, 0x06212726, 0x20059442, 0x07944237, 0x1b065408, 0xabbc4088, 0xf05353f1, 0x7440bdaa, 0xfefed105, 0xbbfc4a04, 0x5860044b, 0xbb027169,
    0x566a7102, 0xaca10360, 0xfeeffec5, 0x01efefcd, 0xbf140130, 0xf6fd99b2, 0xa9c8c7aa, 0xa2a7e3cb, 0xf9fe0701, 0x00e2a7a2, 0xff2a0001, 0x05b105f5,
    0x001800b0, 0x5211b264, 0x88410a79, 0x08ed450c, 0xd88d1720, 0x09170422, 0x0423b683, 0x5409b02f, 0xb0210cb9, 0x0ca15d04, 0x1000b022, 0xdd82f685,
    0x3611212a, 0x10043233, 0x32272304, 0x0805d544, 0x23110744, 0x21352111, 0xf6fd9404, 0x01f4849d, 0xedfcfe12, 0x02989b02, 0x8a96a2a3, 0x0461fec1,
    0xfe12056a, 0xfef13039, 0x9196e34e, 0x2e968e94, 0x12055afd, 0x0001009e, 0x04ecff7b, 0x00c405dc, 0xb289001f, 0xa94d2003, 0x45002805, 0x2f0bb058,
    0x500bb11b, 0xb36507b7, 0x180b2008, 0x21120a65, 0xa97b16b2, 0x2f163405, 0xcf16bfb4, 0xb2710216, 0x5d0116cf, 0x01169fb2, 0x83ffb271, 0x832f2009,
    0x165f2504, 0x8fb27201, 0x1d4b0482, 0x03b0210b, 0x820c964e, 0x1fb0220e, 0x456518d0, 0x21072c16, 0x14152115, 0x36323312, 0x18dc0437, 0x34074865,
    0xb00b018f, 0x171801e8, 0x97a719c0, 0x0202ceb9, 0xc6c6fd3a, 0x4d6518b2, 0x8b26080a, 0xa73501c9, 0xace5fdfe, 0xeaf1fe9e, 0xfeed029d, 0x00b491e8,
    0x31000200, 0x3b080000, 0x1800b005, 0x77002100, 0xa15209b2, 0x18092005, 0x71097b5e, 0x4b480cef, 0x0de04d08, 0x11080029, 0x01b03912, 0x4100b02f,
    0x10200db3, 0x210ca865, 0xc65701b0, 0x1012240d, 0x48d01ab0, 0x11370574, 0x15041621, 0x21070414, 0x02032111, 0x23070602, 0x023e3735, 0x72011337,
    0x46080717, 0x6901ee04, 0xfe0601de, 0xd3fddefe, 0x0f1a00fe, 0x3f90ac59, 0x34645d28, 0x77031e0b, 0xa28c5f01, 0xb0058a9d, 0xf003cbfd, 0x04f3c6cb,
    0xbffd1205, 0xdcfedefe, 0x029d0289, 0xf3ea6b07, 0x2dfdc202, 0x849ec0fd, 0x83029c80, 0x82b120ef, 0x824d20ef, 0x001226ef, 0xb285001b, 0x05a94a01,
    0x91530120, 0x0ceb6109, 0x0cd26118, 0x526e0f20, 0x83b02006, 0x08bf52fc, 0x0f020022, 0x0025fc83, 0x0c04b22f, 0x06ba4202, 0xed720020, 0x04b0210c,
    0x200d3c4e, 0x1d5e180c, 0x3130250c, 0x33112101, 0x230a0041, 0x33112311, 0x3e08f888, 0xce027201, 0xe26a01c0, 0xfffe0101, 0xfdd3fddf, 0x03c1c132,
    0x8e5f018e, 0x038a98a0, 0xfd770239, 0xbde2039e, 0x0204e9bf, 0x0564fd9c, 0xfd01fdb0, 0x747a8ef5, 0x0000038c, 0x003e0001, 0x82d40500, 0x001522e7,
    0x1d4c185f, 0x0cd9560c, 0x2114cf41, 0x924314b0, 0x0814210e, 0xb121d785, 0x0cf1710d, 0xd012b024, 0x874913b0, 0x33362405, 0x82171632, 0x262623b8,
    0x7d432223, 0xa6220807, 0xafa0f0fd, 0xc103f2fa, 0xa9a48901, 0x68fec0a6, 0x12056804, 0xda2850fe, 0x012dfedd, 0x2a8698ce, 0x77433efd, 0xfeb02405,
    0x82ff0499, 0x000b22a9, 0x08257d49, 0x450c7542, 0x1e450cce, 0x0bdf4d14, 0x8203b021, 0x33132493, 0x83112111, 0x23210803, 0xc1b02111, 0xfec0ce02,
    0x32fec140, 0xedfab005, 0x50fa1305, 0x670199fe, 0x00020000, 0x040000a2, 0x267982b1, 0x0015000c, 0x820fb25e, 0x058b49c2, 0x97450320, 0x0cf94306,
    0x2008b144, 0x0d1e410b, 0x090b0222, 0x4105c85a, 0x09200c1e, 0x230c0242, 0x21013130, 0x410ae241, 0x042f08de, 0x0142fd21, 0x0001e46a, 0xfddffefe,
    0x827f03d2, 0x8f5f390d, 0x058d999f, 0x034cfe12, 0xeac5c4e4, 0xfdb00504, 0x98ddfd10, 0x028e7b80, 0x3224b183, 0xc9059afe, 0x0e20b182, 0x5d22b182,
    0xb18512b2, 0xb0101223, 0x20b1820b, 0x0aa74f04, 0x24122f5c, 0xb0d001b0, 0x0d105702, 0x66d00d21, 0x102206f1, 0x5618b0d0, 0xb0820d4f, 0x11234b08,
    0x03231121, 0x37123633, 0x33112113, 0x21112121, 0x05020603, 0xebfbbfc7, 0x5e7701c0, 0x03200e6f, 0xbbfbbe67, 0x13fec602, 0xfe6b0d15, 0xfe65019b,
    0x6a03029a, 0x02d56501, 0x04edfa6f, 0xfb54fe75, 0x01009efe, 0x00001b00, 0xb1823507, 0x87001522, 0x1805eb59, 0x660c1360, 0x11240ce9, 0x11b11b2f,
    0x0021b990, 0xa95a1845, 0x83b02009, 0x5414200c, 0x022207e6, 0xb882b010, 0xb22f1028, 0x5d01102f, 0x0482cfb2, 0x230c145b, 0x08b2d004, 0x2805d368,
    0x0bb01010, 0x0013b2d0, 0x09556e10, 0x23012327, 0x01330101, 0x085e6e33, 0x9ca8043d, 0x64fea5c0, 0xfeea01f0, 0x8301e33c, 0x019ec0a5, 0x3cfee283,
    0x02efea01, 0x8368fd98, 0x00032703, 0x88fdb002, 0x03847802, 0xfffc5123, 0x2edd8200, 0x04ecff50, 0x00c4056a, 0xb2750028, 0x4a2a2903, 0x3942083f,
    0x8216200c, 0x511620b0, 0x0320062c, 0x280a4243, 0x06b0100b, 0x1625b2d0, 0x2536820b, 0xb22f25b0, 0xc68225cf, 0x01259f23, 0x50501871, 0x11b2230b,
    0x1f832524, 0xb0101629, 0x16b0d01b, 0x511eb110, 0x674e0c52, 0x34232a05, 0x32333636, 0x06141504, 0x23048207, 0x26222304, 0x08085063, 0x23251047,
    0x36363335, 0x99a99403, 0x7fc0ad80, 0x01f48ae4, 0x016f7c0e, 0xf4dcfe01, 0xc084ed91, 0xbb9d8cb6, 0xb3b4c3fe, 0x29049692, 0x688d8974, 0xdb67b874,
    0x30a665c3, 0xe6c4ff56, 0x7383be67, 0x01789299, 0x039e0500, 0x2aed837e, 0x040000b1, 0x00b005ff, 0x5e5d0009, 0x5f18124b, 0xb0211468, 0xeb571800,
    0x04b2230a, 0xcb820200, 0x8a09402d, 0xaa049a04, 0x0404ba04, 0x8609b25d, 0x85290812, 0xa5099509, 0x0409b509, 0x0131305d, 0x11231133, 0x33112301,
    0xc03f0411, 0xc133fdc0, 0xfab005c1, 0xfb620450, 0xfbb0059e, 0x2089839e, 0x2089822f, 0x268982f6, 0xb24f0011, 0x4b131204, 0x42420db7, 0x0c885d07,
    0x2008be43, 0x0c425900, 0x1009b022, 0x0e0c5518, 0x84467a82, 0xf604240c, 0x46f6fdc0, 0x8b830b72, 0x83116446, 0xff4d2495, 0x84cb04eb, 0x8c4b2095,
    0x45491895, 0x0c716f0c, 0x2208fd50, 0x82070100, 0x228a8bc4, 0x42070fb2, 0x490806af, 0x0e013301, 0x27222302, 0x3f321737, 0x02330102, 0xdf4f019d,
    0x5a34fdfd, 0x164f5b79, 0x33695b06, 0x10fe2619, 0x036302d7, 0x7443fb4d, 0x98093361, 0x59346504, 0x03003604, 0xc4ff5300, 0xec05e305, 0x21001800,
    0x5d002a00, 0x3f580cb2, 0x100c2505, 0xb0d020b0, 0x222c0582, 0x0bb000d0, 0x2f17b02f, 0x0b1715b2, 0xb0297e82, 0x00b02f15, 0x0b09b2d0, 0x260c8317,
    0x0db02f09, 0x4715b0d0, 0x09200db4, 0x0ced5218, 0x1fb02408, 0x1019b0d0, 0x30d022b0, 0x16330131, 0x14151204, 0x23070402, 0x23352315, 0x10022422,
    0x33332412, 0x76033335, 0x332105bf, 0x08018211, 0x3536325d, 0x03232634, 0x01a51f78, 0xfe989710, 0xba23a4f4, 0xeffea71c, 0x11019797, 0xd6ba1ca7,
    0xbfdadbbc, 0xbf1cba1a, 0x05c3d7d7, 0xfe98011e, 0xfea6a5f5, 0xc40297f2, 0x0c0198c4, 0x0c014e01, 0x9bfece98, 0xe5cecde7, 0x99fc6703, 0xeac8caeb,
    0x00010000, 0x05a1feaf, 0x00b00597, 0x463c000b, 0x0a25223d, 0x0ab11b2f, 0x0d105412, 0x4606b021, 0x332f0930, 0x21112303, 0xce02c1af, 0xad1299c0,
    0x4605d7fb, 0xf1240530, 0x5f0100fe, 0x96246b82, 0xc8040000, 0x12236b82, 0x18b24700, 0x5618f364, 0x68180c78, 0x0f280844, 0x12110100, 0x2f0fb039,
    0x260b9d5f, 0x11013130, 0x69061123, 0x1634075b, 0x37323316, 0xc1c80411, 0xf96eac69, 0x01c103f2, 0xc5bea389, 0x502f8282, 0x171e5b02, 0xd301dfd8,
    0x869832fe, 0x82b60236, 0x00b02389, 0x9d820600, 0x4920f582, 0x20128943, 0x20e58203, 0x07054303, 0x560c9643, 0x7b18081d, 0xb0250a9c, 0x06b0d005,
    0x478b83d0, 0x332d0532, 0x01112111, 0xbff50171, 0xf9c0f201, 0x060241d9, 0x1305ed22, 0x07156518, 0xa1feb02d, 0xb0056a07, 0x55000f00, 0x4f0bb000,
    0x234b0ae6, 0x207e940c, 0x067e4d0d, 0x840ce64f, 0x09b0277e, 0xd00ab0d0, 0x878c02b0, 0x23033322, 0x93248b8a, 0xfdf9a512, 0xe7248e8a, 0x5f010afe,
    0x02268782, 0x00001000, 0xc747b805, 0xb2612206, 0x05154701, 0xb0100124, 0x1c41d00d, 0x07024112, 0x0002b223, 0x05b84709, 0x4400b021, 0xb0210c03,
    0x0cd05302, 0xca47b020, 0x2113240f, 0x4a322111, 0xca4707ae, 0x02102e08, 0xef5a015b, 0xfefe0401, 0xfed6fde2, 0x310d8266, 0x999f8e5f, 0xfdb0058c,
    0xc5c6e5ae, 0x180503eb, 0xc847a8fd, 0x00032607, 0x060000b2, 0x28b18230, 0x0013000a, 0xb26f0017, 0x05797912, 0xb0101225, 0x82b0d006, 0x07c95305,
    0x240c2c47, 0xb11b2f16, 0x0c574116, 0x0fac5a18, 0x0900b223, 0x058d4a07, 0x210b4944, 0x6d1807b0, 0x6e4b0fe5, 0x11332108, 0x2507624b, 0x33112301,
    0x8c487201, 0xc0d32d08, 0x9f8f5f01, 0x57038d99, 0x5e03c0c0, 0x21108b48, 0xbc8240fd, 0x00020024, 0x414900a3, 0x24c78305, 0x140db24f, 0x237d8315,
    0x01b0100d, 0x8c067941, 0x09ec44bf, 0x6320a5b9, 0x9d91a191, 0x01000030, 0xecff9300, 0xc405f404, 0x92001f00, 0xcd4d0cb2, 0x2f13240a, 0x4113b11b,
    0x1c200744, 0x1c280c82, 0xb0593e12, 0x1cb0d000, 0x230c1746, 0x131c08b2, 0x34052558, 0xff08efb4, 0xb2710208, 0x5d0108cf, 0x01082fb2, 0x08bfb471,
    0x201083cf, 0x210b829f, 0x1586ffb2, 0x5fb25d27, 0xb2720108, 0x4304828f, 0xb0210be1, 0x0c7a4113, 0x6a080e82, 0x30d00fb0, 0x16160131, 0x37123233,
    0x34213521, 0x06222302, 0x00362307, 0x12043233, 0x02141515, 0x24222304, 0x1c540127, 0xc9ada0ab, 0x02c3fd02, 0x96bacf3d, 0x17c119a7, 0xb0e81801,
    0x8e8f0b01, 0xeea8fdfe, 0x011be1fe, 0x0191b4ce, 0xed9ef00e, 0xae9c1401, 0xa70301e5, 0x91c9cbfe, 0xa5ccfec9, 0x0000e7fb, 0xffb70002, 0x82da06ec,
    0x001728fd, 0xb2a40025, 0x7a272621, 0x122006f7, 0x410b7760, 0x84490705, 0x1865180c, 0x450a200c, 0xb223062e, 0x440d0a0f, 0xb22605be, 0x5d010f5f,
    0x0482ffb2, 0x0f4fb42a, 0x71020f5f, 0x9f0f8fb4, 0xb2260682, 0x71010f2f, 0x1782cfb2, 0x5d200983, 0x71200983, 0x0c795318, 0x9e501320, 0x19b0700c,
    0x23112327, 0x33113311, 0x046e1836, 0xda063214, 0xb0f8fe90, 0x95f9fea6, 0xc0c0d108, 0x019003d0, 0x096e180a, 0x01a02c15, 0x83fdc72a, 0x64fdb005,
    0x183701ce, 0x26140e6e, 0x00590002, 0x44640400, 0x63220635, 0x354410b2, 0x10102305, 0x415c0ab0, 0x0cf26413, 0x08145c18, 0x000a1127, 0xb0391211,
    0xec801811, 0x05b2230c, 0x8e760a01, 0x0acc5806, 0x21313032, 0x23012111, 0x34112401, 0x11213324, 0x17161401, 0x44081082, 0xa3030622, 0xd3feb0fe,
    0xfe5201cd, 0xf31101e6, 0xedfccf01, 0x1a0193a5, 0xa59ceffe, 0xc9fd3702, 0x016f6c02, 0xfae7d01e, 0x84f90350, 0x3e0201a0, 0x00020094, 0x04ecff61,
    0x00110628, 0x0028001b, 0x291cb264, 0x236c832a, 0x08b0101c, 0x1224b786, 0x12b11b2f, 0x67071360, 0x0022086f, 0x19440812, 0x17b22305, 0x09821200,
    0x120fb223, 0x21068317, 0x1783001a, 0x0b8b6f18, 0x1808b021, 0x220ecf66, 0x71123201, 0x3532086b, 0x36371210, 0x14333536, 0x06070706, 0x17360706,
    0x1b820622, 0x87591620, 0x02580805, 0x76f5cc67, 0xfeda90dd, 0x8cf7fdf6, 0x7c719862, 0x19a5a58a, 0xa088af93, 0xa08a89a1, 0xfefc03a1, 0x9911dfef,
    0x230185f1, 0x55015af5, 0x192c9201, 0x8c7d3f48, 0xb9271f1d, 0xb798aa9a, 0xcbae10a2, 0xb999c4cc, 0x9d000300, 0x29040000, 0x0e003a04, 0x1c001600,
    0x18b29100, 0x2505cf6f, 0x02b01018, 0x0582b0d0, 0xe9861620, 0x5a180120, 0xc8740be9, 0x01172208, 0x3ed88200, 0xb42f17b0, 0x17cf17bf, 0x9fb45d02,
    0x0217af17, 0x17ffb271, 0x0fb25d01, 0xb4710117, 0x833f172f, 0x176f2517, 0x7202177f, 0x0ce06718, 0x18867718, 0x0c365518, 0x14867718, 0x23343708,
    0x10203325, 0x019d2327, 0x5ae7d8a6, 0xdb776258, 0x01d0fec8, 0xee737432, 0x01efd5fe, 0x04fdf604, 0x4b92973a, 0x86172079, 0x019e955d, 0x56bafedb,
    0x0194a24e, 0x5b7b0530, 0x47032105, 0xf369ef82, 0x7f58180d, 0x69b0200f, 0x032a15f3, 0xba0dfe47, 0xa103ad02, 0x42825ffc, 0x00020027, 0x04c2fe2e,
    0x280a8293, 0x0014000e, 0x1512b25d, 0x068b5b16, 0x00d00424, 0xae470cb0, 0x0c8a7305, 0x20081349, 0x09594c00, 0xd006b02a, 0xb0d007b0, 0x09b0100c,
    0x10210882, 0x056854b0, 0x75188082, 0x42080ad0, 0x37373130, 0x21131336, 0x23113311, 0x23112111, 0x11212113, 0x83020321, 0x110f6c40, 0xb98bb902,
    0x01b90dfd, 0xf1012f01, 0x110bb3fe, 0x018c4f97, 0xfcb00118, 0x012bfe5d, 0x01c2fe3e, 0xfef802d5, 0x82bdfefe, 0x001524fb, 0x82040600, 0x001522ad,
    0x0a1f4e91, 0x0d24fb87, 0x0db11b2f, 0x14c46518, 0x19820220, 0x79180220, 0x1f4e0fd0, 0x10bf2516, 0xffb25d01, 0x294e0483, 0x4e712007, 0x033d3a29,
    0x82b982eb, 0x01ead1fe, 0xe0a2fe83, 0xb97f1701, 0xe019017e, 0x8301a1fe, 0xfed601ea, 0x2703832a, 0x0a023002, 0xc00140fe, 0xfd240383, 0x00d1fdf5,
    0x582ce782, 0xac03edff, 0x26004d04, 0x03b28900, 0x0ae34c18, 0x200c0c79, 0x20d48215, 0x20d48315, 0x0d8c460a, 0x150a2522, 0x2a05234e, 0x3f252fb4,
    0xb45d0225, 0x83cf25bf, 0x259f3006, 0x710225af, 0x7f256fb4, 0xb2720225, 0x820a2506, 0x0b087625, 0x2210b223, 0x22128225, 0x831519b2, 0x11fa6219,
    0x24083d4e, 0x15163233, 0xdc4c1814, 0x263c0811, 0x33352323, 0x74df0236, 0xb8836265, 0xd4beb1ec, 0xe6bd5158, 0xb8f3bbc0, 0x826a698d, 0xc9b9736d,
    0x4c1203bd, 0x8d456659, 0x4997a3b4, 0xbc40247a, 0x9cb7ae95, 0x4e62714f, 0x059c4f5b, 0x9c2af583, 0x01040000, 0x09003a04, 0x8a494500, 0x07d0410a,
    0x0c9a4c18, 0x180cd041, 0x2208aa44, 0x83020704, 0x840920c0, 0x0b194e06, 0xb9480333, 0xb90dfeb9, 0xfb3a04b9, 0xfc1503c6, 0xfc3a04eb, 0x7e7187ea,
    0x782005a7, 0xeb427185, 0x0cdc5b0c, 0xa77e718c, 0xffb22b15, 0xb25d0106, 0x710106cf, 0x04829fb2, 0x230cb67e, 0x7201066f, 0x200bc84a, 0x15b67eb2,
    0xba87dd2c, 0x6c0179ba, 0x0154fee0, 0xb67eebd0, 0xfdf8220a, 0x2daf83ce, 0x0400002c, 0x003a0403, 0xb24f000f, 0x5d181004, 0x385b0907, 0x0cc94e0c,
    0x4209b453, 0xb0200c24, 0x4c0d1f6b, 0x2121055b, 0x054d5503, 0x36362508, 0x03041337, 0x1690feba, 0x4aa49712, 0x0b4e5a35, 0xfb3a0414, 0xfea103c6,
    0xf0e9fe6b, 0x0a04a305, 0xcf01febc, 0x9d248f83, 0x52050000, 0x0c208f82, 0x07e37618, 0x180c6445, 0x2421ad5e, 0x584500b0, 0x08634bb0, 0x0dba5e18,
    0x180b0821, 0x2508425f, 0x01112311, 0x05820123, 0xfb023330, 0xb9e77001, 0xfe80a2fe, 0xf5f0b99b, 0x95824503, 0xedfc1326, 0xdcfc2403, 0x01268582,
    0x00009c00, 0x09820004, 0x8b000b22, 0x5c05cf41, 0x3d430c44, 0x0ca3470c, 0x2009c748, 0x050d7210, 0x096fb230, 0xbfb45d01, 0x0209cf09, 0x093fb25d,
    0x79187101, 0x0f2c07a3, 0xb4720109, 0x09af099f, 0xffb27102, 0xb2202382, 0x71221082, 0x09839fb2, 0x04822f20, 0x096fb426, 0x7202097f, 0x200b6254,
    0xbb791830, 0x0004330c, 0xba0ffeb9, 0xb9f101ba, 0x32fece01, 0x2bfe3a04, 0xfb42d501, 0x0d436d0b, 0x0f674118, 0x7a18b020, 0x436d0c44, 0x01042717,
    0xba0efeb9, 0xe5456503, 0x00012c07, 0x03000028, 0x003a04b0, 0x41320007, 0xda421217, 0x45508208, 0x04230bd6, 0x5505b0d0, 0x330805b2, 0x35211123,
    0xfeb00321, 0x9cfeb995, 0xa4038803, 0xa4035cfc, 0x00030096, 0x0560fe64, 0x00000669, 0x0025001a, 0xb2810030, 0x11323107, 0x07b03912, 0xd020b010,
    0x2b240583, 0x06b000d0, 0x12f36c18, 0x240c8941, 0xb11b2f13, 0x07e16113, 0x0c821020, 0x18121021, 0x210ecd6a, 0xc9520ab0, 0x10b0210c, 0x270c7348,
    0xb0d029b0, 0x2eb0101e, 0x132daa82, 0x32331210, 0x11331117, 0x12323336, 0x07fc6111, 0x22230625, 0x7f253502, 0x162405be, 0x25363233, 0x09d84318,
    0xd2646408, 0xb94055b7, 0xd2b85e46, 0x4561b7d1, 0xb65542b9, 0x8c4c04d1, 0x2d2f3f7b, 0xfc897c43, 0x3a7a826d, 0x7a3d2a2f, 0x01090284, 0x1d36010f,
    0x2bfecf01, 0xfecafe23, 0xe6feefdc, 0x0155fe20, 0x1a011da8, 0xe1cc0ff5, 0x11f1fc14, 0xbcb6b2c0, 0x11110312, 0x010000da, 0xbffe9c00, 0x3a048204,
    0x3c000b00, 0x4108b000, 0xa3430500, 0x0c67440c, 0x35246750, 0xf201ba9c, 0xa61281b9, 0x3a04d2fc, 0xa3035dfc, 0x28fe5dfc, 0x6b824101, 0x0000672c,
    0x3b04bd03, 0x47001000, 0x631804b2, 0xbd440a33, 0x0c3c610c, 0x2a08fc48, 0x11000f0c, 0x0cb03912, 0x4704b12f, 0x302409cd, 0x11232131, 0x3f086550,
    0x11373233, 0xbabd0333, 0xd5cb807a, 0xe405b902, 0x01ba7a80, 0xc0d02088, 0xb7fe4301, 0x1a0220f2, 0x0023ed84, 0x84e00500, 0x0b5f50ed, 0x0cca4518,
    0x5014c445, 0x5628285f, 0x01b98c01, 0xbcfaba8b, 0x0321fa87, 0x436318a3, 0xfe912407, 0x826d06bf, 0x000f227b, 0x08b0484c, 0x240c6941, 0xb11b2f03,
    0x507e9403, 0x0920175f, 0x20135650, 0x2482854b, 0xfaa61298, 0x418589dc, 0x49490584, 0x001e2405, 0x82bf0400, 0x000c230a, 0x57500015, 0x0fbf6218,
    0x6c3c5750, 0x212205c3, 0x57502111, 0x011e2c08, 0xb81901fa, 0xfebadcd6, 0x82bffe36, 0x6813380b, 0x04646f72, 0x028bfe3a, 0xc4a2a1bc, 0x8cfea203,
    0x5d6b69fe, 0x4b02735a, 0x05210537, 0x28af827f, 0x000e000a, 0xb26f0017, 0x05555006, 0xb0100625, 0x82b0d00c, 0x4f132005, 0x62490b95, 0x2f072414,
    0x4307b11b, 0x0b2007ab, 0x08ef5d18, 0x55500d20, 0xb2821807, 0x07b0210a, 0x230c915d, 0x21013130, 0x3321bd87, 0x0cc35a01, 0xc0875620, 0x2904b927,
    0xd7fbbaba, 0x21c38401, 0xc184c502, 0xfb3a0427, 0xfd3a04c6, 0x26c587f4, 0x009d0002, 0x84fd0300, 0x001324c5, 0x5007b24f, 0x07200553, 0x2009cd51,
    0xac691809, 0x50b0870b, 0x162629f9, 0x23061415, 0xf9501121, 0x8e9f890a, 0x2e958999, 0xff640001, 0x04e003ec, 0x001f004e, 0x5000b285, 0x93430a4f,
    0x08ea440c, 0x235a0820, 0x081d330d, 0x39121110, 0xb42f1db0, 0x1d3f1d2f, 0xbfb45d02, 0x0683cf1d, 0xaf1d9f30, 0xb471021d, 0x1d7f1d6f, 0x03b27202,
    0x25821d08, 0x1014b223, 0x21068208, 0x3d6910b0, 0x1db0210c, 0x250cee63, 0x22013130, 0xf6571506, 0x4d002005, 0xf257069c, 0x37400807, 0x26213521,
    0x63080226, 0xc476b091, 0x0501d36a, 0xb48ad777, 0x668eb0f0, 0xfe0c9a77, 0x0e94016a, 0x7eb60396, 0x65aa5d56, 0x1ff6cffe, 0xe089fb98, 0xb88b66a7,
    0xb19298a1, 0x9d000200, 0x3006ecff, 0x1420e582, 0xa022e782, 0xe7840db2, 0x100db024, 0x394215b0, 0x18142006, 0x440b7762, 0x11200cf1, 0x11201982,
    0x5d073942, 0x1121091d, 0x05754e14, 0x00bfb424, 0xf88200cf, 0xaf009f33, 0xb2710200, 0x5d0100ff, 0x01000fb2, 0x002fb471, 0x2817823f, 0x6f005fb6,
    0x03007f00, 0xfc491872, 0x670c200c, 0xb0210cff, 0xe3441804, 0x2101390e, 0x32330036, 0x14171700, 0x22230606, 0x11212700, 0x01331123, 0x36201614,
    0x0805706b, 0x01560151, 0x09011504, 0x0e01d4ca, 0xe07c010b, 0xf6fed190, 0xb9fdfe10, 0xa7ba01b9, 0xa8a51a01, 0x02a88a8c, 0x0701d86f, 0x3ae5e2fe,
    0x0189fe9e, 0x29feda11, 0xd7fd3a04, 0xc6dedab4, 0x00dadeb1, 0x002f0002, 0x04c70300, 0x000d003a, 0xb2630016, 0x83181714, 0x541420cb, 0x47430e57,
    0x0ca34907, 0x2008bf4a, 0x05f75512, 0x662f1221, 0xb2230b41, 0x83000307, 0x5e00204a, 0xb1490c18, 0x01232807, 0x34352626, 0x50033736, 0x3d080822,
    0xe9febac7, 0x1001c8ff, 0xbade6f68, 0x01596cde, 0x67f6fe26, 0xfb3a047a, 0xfea501c6, 0x26c1015b, 0xb5946a9f, 0x4fb4fe01, 0x67010161, 0xff010065,
    0x034bfee8, 0x000006df, 0xb2870022, 0xd768230d, 0x4d1f2005, 0xcb6412f9, 0x2f0a2e0c, 0x140ab11b, 0xbfb2593e, 0xb25d011f, 0x2004832f, 0x2204830f,
    0x831f191e, 0x2f1e24ab, 0x4ad021b0, 0x02220cee, 0xe6500419, 0x0b154406, 0xb1100423, 0x09794615, 0x6801b021, 0x11240756, 0x13203336, 0x2207cf7f,
    0x6d353632, 0x4e0809f5, 0x35333523, 0x02211533, 0x7be2fe63, 0x035701c5, 0x363d98aa, 0x4882230f, 0x885a7069, 0xa4a4b926, 0x041e01b9, 0x97fefeb9,
    0xdcfc7dfe, 0x9312b2aa, 0x035c680d, 0x60727820, 0x04fdfc4e, 0xafaf98b9, 0x00010000, 0x03ecff67, 0x004e04f7, 0x439f001f, 0x3d670c9d, 0x4976180c,
    0x03b22313, 0xc5821008, 0x431bb221, 0x1b3a0574, 0x1b0fb42f, 0x72021b1f, 0xcf1bbfb4, 0xb45d021b, 0x1baf1b9f, 0xcfb47102, 0x0682df1b, 0x1bffb22d,
    0x0fb25d01, 0xb471011b, 0x833f1b2f, 0x1b6f221e, 0x282c827f, 0x011bbfb2, 0x1014b272, 0x12b7431b, 0xd7611b20, 0x3130220c, 0x9d761825, 0x074f0817,
    0x16211521, 0x63480216, 0x05b00894, 0xde6ec478, 0xd875fdfe, 0x08f1b694, 0x688f08b0, 0x010a9a82, 0x0a6cfe94, 0x5a788399, 0x0163a85e, 0x1e000128,
    0xda86f79f, 0xb18769ae, 0xada0989d, 0x00020000, 0x06000027, 0x003a0486, 0x001f0016, 0x4309b27d, 0x092305bb, 0x5717b010, 0x5e740b05, 0x600f2014,
    0xb22106d9, 0x17c96101, 0x62180f20, 0xb0210cce, 0x0d9b4401, 0xa7430820, 0x3130230c, 0x0a461101, 0x05cf6105, 0x23070626, 0x36363735, 0x080ace61,
    0x01df033f, 0xd3d3b61e, 0xfe29feb7, 0x9c1417af, 0x553641a5, 0x02170d4d, 0x651301bc, 0x04637275, 0x0364fe3a, 0xbc9394b5, 0xfea10303, 0xe4ebfe5a,
    0x0a04a302, 0x0f02d3a7, 0x8ffeccfd, 0x60515669, 0x20ed8301, 0x20ed829c, 0x24ed82a7, 0x001b0012, 0x12c7617e, 0xd3820220, 0x39500220, 0x0cc86e14,
    0x1121fa89, 0x06c4620b, 0x83d00421, 0x0beb60df, 0x200ec061, 0x15c0610b, 0x44065846, 0x56570585, 0x01563108, 0x2201b9f1, 0xbdd9d1b4, 0x0ffe36fe,
    0xaa02baba, 0x0230e585, 0xfe9901a1, 0x96b10463, 0x0a02bb97, 0x3a04f6fd, 0x012edd8a, 0x0000fdff, 0x0006df03, 0x7b001900, 0x51690cb2, 0x43162006,
    0xaf4712c1, 0x4b10200c, 0xb2210668, 0x086b64bf, 0x09830f20, 0x16101927, 0xb0391211, 0x977c1819, 0x02b2230c, 0x15830704, 0x0c20db82, 0x2310d661,
    0x14b01019, 0x2105264c, 0x72183336, 0xac430d19, 0xfe792507, 0x01c57bcc, 0x09807518, 0xb98f8f28, 0xbe043401, 0x7518f9fe, 0x04330c86, 0xabab97be,
    0x00010000, 0x049cfe9c, 0x003a0401, 0x4b46000b, 0xd349153d, 0x073d450c, 0x440c4b4e, 0xac5a0b7b, 0x11232d09, 0x56011121, 0xfeb9f201, 0xa7feb9ad,
    0x2505c649, 0x9cfec6fb, 0x3d4e6401, 0xecff2d05, 0xb0057506, 0x61002000, 0x222107b2, 0x2015275e, 0x085f180e, 0x0ca5660b, 0x22150c57, 0x82040007,
    0x13b12148, 0x210a3641, 0x9283d01c, 0x4a181420, 0x26210850, 0xce801827, 0x69332009, 0x3e08060c, 0xe1750611, 0x31ab6dc3, 0xbd71b234, 0x72c101d7,
    0xc7827262, 0x7a6a697c, 0xdefbb005, 0x5957dcc6, 0xc3db5759, 0xddfb2604, 0x7c898a7b, 0xddfb2304, 0x7d89887d, 0x00002204, 0xff810001, 0x82ad05eb,
    0x821e20cf, 0x180620c5, 0x4b0aff48, 0x0c200c15, 0x0be77b18, 0x0c821520, 0xfd421520, 0x56c58c07, 0x06210810, 0x20c58415, 0x20c58a11, 0x18c5881a,
    0x2508ef45, 0x32331616, 0xcc873536, 0x11374908, 0xaecaad05, 0xce5f59c6, 0xb901c0a7, 0x62535b01, 0x5c65ba6f, 0x04016559, 0xb027fd3a, 0xc39494c6,
    0xfddc02b0, 0x78756623, 0xfdd90267, 0x75786727, 0x00dd0266, 0xdcff0200, 0xfc030000, 0x11001606, 0x74001a00, 0x1c1b14b2, 0x63064947, 0x0e200769,
    0x0e20af82, 0x2210b356, 0x57080e11, 0xc34e065e, 0x02b2210a, 0x022f1585, 0x1000b02f, 0xb0d00ab0, 0x0cb01011, 0x6602b0d0, 0x08200d6b, 0x2c0f5a47,
    0x16211121, 0x07061016, 0x35231121, 0x4bcf8233, 0x02300961, 0x01bffe96, 0xd4d4bb18, 0xbf2afeb7, 0x4101babf, 0x2e080e82, 0x6f716912, 0xfe3a0464,
    0xfeca02b0, 0x0403d1b6, 0x4501973a, 0x81fdbbfe, 0x647745fe, 0x00027d61, 0xffb70001, 0x05a006ed, 0x002600c5, 0x531eb28a, 0x5d180acf, 0x26200cd7,
    0x2620d682, 0x20076659, 0x200c821d, 0x0fb87a1d, 0x0510b223, 0x20e3831d, 0x23cd8210, 0x1005b0d0, 0x11948918, 0x4510b021, 0x1d230d7b, 0x4116b110,
    0x1d2d0ab3, 0xd019b010, 0xb01011b0, 0x3130d021, 0x05375901, 0x23170027, 0x22232626, 0x0a286802, 0x06332908, 0x00202304, 0x11233511, 0x01331123,
    0x9305c778, 0xe6ac0601, 0xc0181901, 0xb497a719, 0x1e0206cf, 0xb2c6e2fd, 0xc01ca9a3, 0x08075068, 0xc1c1c733, 0x01c14003, 0x00ff9e26, 0xfe9eace8,
    0x1a97e2fb, 0x93e8feed, 0x01fbe7b2, 0x14360172, 0xb00557fd, 0x00010000, 0x05ecff99, 0x004e04a1, 0xb2c70024, 0x0ab37b03, 0x200c1c4a, 0x20fa8224,
    0x078e4224, 0x0c822120, 0x07412120, 0x77731807, 0x1c0f3a08, 0x39121104, 0xb42f0fb0, 0x0fcf0fbf, 0x3fb45d02, 0x020f4f0f, 0x0fcfb471, 0x290683df,
    0x0f1f0f0f, 0x9fb47202, 0x0d82af0f, 0x0fffb22d, 0x0fb25d01, 0xb471010f, 0x833f0f2f, 0x0f6f222c, 0x251e827f, 0xb2d000b0, 0x47840f08, 0xd25d0420,
    0x4c0f200d, 0xb0210cab, 0x0cc1451c, 0x8517b221, 0x1010217b, 0x25057369, 0x33123633, 0x43411632, 0x47062005, 0x33200596, 0x2107b547, 0x41412702,
    0xbf532405, 0x47d1ff10, 0x8429069c, 0xb5010a98, 0x990a4bfe, 0x07bb4783, 0x10fed133, 0x02babac0, 0x0801df67, 0x8769aeda, 0xa0979eb1, 0x05b847ad,
    0xfede0635, 0x003a0430, 0x00280002, 0x05e40400, 0x000b00b0, 0x5157000e, 0x082405c1, 0x08b11b2f, 0x5b21ff64, 0x0d270894, 0x12110208, 0x450db039,
    0xb0240cd7, 0x0eb2d004, 0x30221884, 0xab830131, 0x2303233f, 0x23013301, 0x03032101, 0x9ebcaa89, 0x0d02c598, 0xc50402ab, 0x93019ffd, 0xfeb601c7,
    0x2703834a, 0x50fab005, 0x49025a02, 0x0f209782, 0x25209782, 0x0b22a182, 0x978c1000, 0x65108d58, 0x97891097, 0x86080221, 0x0b656097, 0x0f209782,
    0x27399795, 0x75ed0207, 0xbd777cb9, 0x019fba01, 0x19febebd, 0x18802f01, 0xfe290118, 0x290383d7, 0xc6fb3a04, 0x3b01c101, 0x9d825959, 0x0000c92c,
    0xb005f506, 0x16001300, 0x35417d00, 0x2f022105, 0x0aaca318, 0x440cbd69, 0xbd6914f7, 0x0da8780c, 0x04021522, 0x21080463, 0x2a6715b0, 0xd00a290d,
    0xb01006b0, 0x16b2d00e, 0x30282484, 0x01210131, 0x03230133, 0x20066141, 0x05f54713, 0x03212108, 0x87018a01, 0x02ab3501, 0xaa96c504, 0xc5989ebc,
    0xc1b3fe9e, 0x014502c1, 0x5902c793, 0x50fa5703, 0x29077141, 0x48feb801, 0xaafcb005, 0xd5824902, 0x0000bc26, 0x3a04e405, 0x1822d582, 0xd58a8000,
    0x84077341, 0x1ccd45d5, 0x0022d59a, 0xd5831210, 0xb02f0024, 0x5118d001, 0x0b300c46, 0xd007b0d0, 0xb01001b0, 0x15b0d014, 0x1217b2d0, 0x8d06957c,
    0x05ee42d8, 0x27032139, 0x01760107, 0x9f03010f, 0x7abebd01, 0x777cb975, 0xbad179bd, 0x41c901ba, 0xc12405ab, 0xc6fb7902, 0x2707b141, 0xd8fe2801,
    0x87fd3a04, 0x2e06b341, 0x06000093, 0x00b0053f, 0x0021001d, 0x6c1eb278, 0x1e230561, 0x4a0eb010, 0x1c240697, 0x1cb11b2f, 0x4707f642, 0xce510cfa,
    0x20dd8407, 0x061b5915, 0x0d01b223, 0x05a9491c, 0x0b237e18, 0x8410b021, 0x841a20ca, 0xd01e2305, 0x0b731cb0, 0x6a01200e, 0x272908a1, 0x23110723,
    0x22232711, 0x24078306, 0x33333636, 0x08f18301, 0x41042154, 0x03ecf41b, 0x9a7c01c1, 0x0dc11585, 0x04829e88, 0xf3ec03c0, 0x0478fe2a, 0x109ffdb2,
    0xbbfd1a01, 0xd8d42a03, 0x780182fe, 0x23028290, 0x760297fd, 0xfe8d7b16, 0xd87e017c, 0xfd8602d4, 0x00e8017a, 0x96000200, 0x4b050000, 0x1b003a04,
    0x75001f00, 0x834b1cb2, 0x101c2305, 0xeb8614b0, 0x760cbc56, 0x45220956, 0xd568b058, 0x0c5d6c08, 0x06141c22, 0x1c23eb83, 0x8304b02f, 0x07b022d3,
    0x0c204fd0, 0xb0d01723, 0x0c475506, 0x33313026, 0x37363635, 0x1628d182, 0x23151716, 0x23262635, 0x3f08ee89, 0x13330115, 0xca049621, 0x03e1fed2,
    0xcee0febf, 0x02ba02c5, 0x0b358c73, 0x8c3e06b9, 0xa2010275, 0x8bfeb708, 0x06d2cdb6, 0x21fedf01, 0xadd0d30b, 0x138192b1, 0xbb014ffe, 0xb1957e09,
    0x46015c02, 0xb630df82, 0x72080000, 0x2200b005, 0x95002600, 0x282726b2, 0x26209d83, 0x4409c970, 0x04690cc2, 0x0cd8410c, 0x1b2f2224, 0x7d1822b1,
    0xb0200f5c, 0x5018f983, 0x09220817, 0x84660805, 0x0bc85405, 0x1009b02a, 0xb0d023b0, 0x04b0d00d, 0xb0247383, 0x0bb0d018, 0x2c0e8572, 0x37361121,
    0x11231121, 0x01211133, 0x15f54121, 0x01330133, 0x01c50221, 0xc162fe4f, 0xfe5903c1, 0xfeb30479, 0x08fb4178, 0x0ec0163b, 0x04829e87, 0x01101502,
    0x01bbfd1a, 0xfd69b378, 0xfdb0056c, 0xfd84027c, 0x08fe417a, 0x99fd253f, 0x7b177502, 0x037cfe8d, 0x00e8012a, 0x009b0002, 0x043b0700, 0x0021003a,
    0xb2980025, 0x056f611e, 0xb0101e23, 0x06f74125, 0x590ce95a, 0x00240c44, 0x00b11b2f, 0x41070a41, 0x51510c24, 0x8219200c, 0x82192026, 0x0ab22926,
    0x1211000b, 0x2f0ab039, 0x2a0c357e, 0x0ab0d003, 0xd00db010, 0x72101db0, 0xb024050b, 0x0bb0d022, 0x230cab67, 0x35213130, 0x420b1a41, 0x06310f20,
    0x01150706, 0x02211333, 0xfe460286, 0x02baba87, 0x102642d1, 0x6f854b22, 0x2a062642, 0xfe68adaf, 0xfe3a043c, 0x42de0122, 0x023c0e2b, 0x02af9380,
    0x0046015c, 0x50000200, 0xaa0346fe, 0x29008607, 0x8a003200, 0x34332ab2, 0x2a2ab983, 0xd002b010, 0x2f19b000, 0xd04c2eb0, 0x0c314905, 0xe7821220,
    0xe7821220, 0x7318b020, 0xb2230dec, 0x18120528, 0x22122642, 0x5e28250c, 0xb12005dc, 0x0a104218, 0x2e0fb236, 0x2eb05d01, 0xd02bb010, 0xb42f2bb0,
    0x2b1f2b0f, 0x2ab25d02, 0x3d05df7b, 0x3130d032, 0x23263401, 0x32213521, 0x06141504, 0x15161607, 0x23230414, 0x17141506, 0x78510717, 0x36332a05,
    0x25103536, 0x20333523, 0x054f1803, 0x02680807, 0xfe879dda, 0xde2b01ce, 0x73810601, 0xf7fe8982, 0x828d34e0, 0x8d7a4a1f, 0x8634a2a5, 0x99befe9f,
    0xbb3f0186, 0x72fea097, 0x2a049dfa, 0xd898806e, 0x2da467b2, 0xc482ad29, 0x696d03e5, 0x357d0f42, 0x837a63a8, 0x79940101, 0x98050801, 0x0aaaa503,
    0x1201eefe, 0x0200000a, 0x46fe4c00, 0x30067603, 0x32002900, 0x2eb29f00, 0x82052341, 0x781f20bc, 0x2341050f, 0x0ccd4e0b, 0x20142341, 0x05234111,
    0x282fb239, 0xbfb45d01, 0x0228cf28, 0x289fb45d, 0x710228af, 0x7f286fb4, 0x18720228, 0x410c6443, 0x1120063d, 0x410c4144, 0x27241e38, 0x32213521,
    0x41092b5e, 0x37230e37, 0x41343536, 0x21080e38, 0xfe707fa7, 0xca2701c9, 0xd75b66ee, 0x8d32c8f3, 0x7c4b1f82, 0x36a2a58a, 0xfe3f4372, 0x018899e8,
    0x3641d913, 0x09032e05, 0x99025343, 0x77498baa, 0x94af4224, 0x053641af, 0x61a8372e, 0x0201837a, 0xa2482e30, 0x1d039803, 0x18073641, 0x28097b4a,
    0x00180011, 0xb28c001f, 0x05694504, 0xb0100425, 0x82b0d012, 0x43192005, 0x0d200677, 0x0b4aa218, 0x20080f48, 0x0c2b4c0d, 0x0d16b22e, 0x39121104,
    0xb22f16b0, 0x5d01162f, 0x8205b373, 0xb2712209, 0x06ae73ff, 0x4fb45d2c, 0x02165f16, 0x169fb271, 0x5e827101, 0x4b19b121, 0x16200a80, 0x200ee051,
    0x894a1801, 0x22012f10, 0x26210702, 0x12320302, 0x12162137, 0x4a18fa04, 0xfd321183, 0x04d0b6b6, 0xce041403, 0x08cab6b6, 0xd308ecfc, 0x4a18a902,
    0x02331087, 0xf2edfe0d, 0xfb0d01f8, 0xf4000170, 0x00f8feec, 0x185b0003, 0x26088181, 0x001c0015, 0x6304b28a, 0xff820527, 0x82d01321, 0x63b020a6,
    0x8b4b0727, 0x089b550c, 0x840c1a21, 0x2f1a2df6, 0xcf1abfb4, 0xb45d021a, 0x1aaf1a9f, 0xff2ce482, 0xb25d011a, 0x71011a0f, 0x3f1a2fb4, 0xcf221783,
    0x1782df1a, 0x200c7846, 0x0c404b0c, 0x934c6b82, 0x3130250b, 0x36363413, 0x310a9955, 0x16210535, 0x01362016, 0x21070622, 0x7b5b2626, 0x92558fe1,
    0xfede3a07, 0xfd1c03f1, 0x01a40d9f, 0xdcfea102, 0x020fa27d, 0x02a3125e, 0x8bfd9f27, 0x069555fe, 0x44fb333d, 0x02bab89b, 0x9793b579, 0x010000b1,
    0x00001600, 0xc305dd04, 0x47000f00, 0x5f1002b2, 0x0620092f, 0x0b7a9918, 0x0c8d5f18, 0x0127f088, 0x12110c06, 0x1806b039, 0x250c1d45, 0x17013130,
    0xae820137, 0x82071721, 0x0125089e, 0x02330123, 0x01232143, 0x67863308, 0x4040012e, 0xaa7cfe1f, 0x01d007fe, 0x03818276, 0x0178973f, 0xfb543cab,
    0x05f94c79, 0x89822e20, 0x4d040b24, 0x89831100, 0x200a836e, 0x20898205, 0x0cab4305, 0x0e200c87, 0x23064d7c, 0x0e0501b2, 0x05208983, 0x840c2e75,
    0x18132089, 0x20088145, 0x088b8307, 0x17db0138, 0xac4d9d19, 0x0d152347, 0x103c1f1d, 0xfe8dd7fe, 0x3c01bd83, 0x1f026464, 0x089418f2, 0xb4fc2d30,
    0x02003a04, 0x73ff6700, 0x3406fa04, 0x27001300, 0x05b25400, 0x5e852928, 0x08419418, 0x760c0743, 0x062708c3, 0x100db0d0, 0x76d010b0, 0x1a230c88,
    0x4603b0d0, 0x594e0c38, 0x00103605, 0x35231507, 0x35030026, 0x35370010, 0x00161533, 0x02342711, 0x26138227, 0x15150206, 0x82171214, 0x36500813,
    0xfa043512, 0xb9e3fefe, 0x01f1fee5, 0xb9e70e01, 0xbf0301e2, 0x93b98d99, 0xb992a4a3, 0xa902978f, 0x91feddfe, 0x1f7f8123, 0x23017101, 0x01240160,
    0x78761f76, 0xfe90fe25, 0x01e007d9, 0x64612309, 0xdfeefe1f, 0xecfede5d, 0x2264661f, 0x00e20b01, 0x5b26d982, 0x340489ff, 0xd982b504, 0x5a002524,
    0x594703b2, 0x10032305, 0xe1431cb0, 0x41cc8406, 0x7f590760, 0x82208208, 0x101024dc, 0x5ed00db0, 0x14200f5a, 0x9a18df84, 0xb0270a5e, 0x3130d01a,
    0x84123413, 0x821220d5, 0x840220cb, 0x350227e9, 0x35363601, 0xe2842634, 0x14150623, 0x08e18216, 0xb9d45b5e, 0xddd9bab9, 0xd9b4b9b6, 0x76634602,
    0x62b96574, 0xb9637172, 0x01d22702, 0x6f70222a, 0xddd8fe20, 0xd8fed810, 0x1f6c6b1d, 0xfedc2701, 0xabcd1f79, 0x6220d091, 0xa5d02161, 0x6622cb92,
    0x00030000, 0x06ebff9c, 0x0051076f, 0x0040002c, 0xb2aa0049, 0x114b4a0a, 0x0ab03912, 0xd032b010, 0x49200583, 0x690b6959, 0x12320ca1, 0x14b0593e,
    0xd000b010, 0xb0100db0, 0x0ab2d007, 0x4551140d, 0x0c705705, 0x8e440d20, 0x20b2230c, 0x24830d14, 0xb0d02527, 0x2cb01015, 0x2a4083d0, 0x38b0d038,
    0xd02fb02f, 0x18022db1, 0x29090d48, 0x34b0102f, 0x2f34b0d0, 0x148a3cb1, 0xb0103826, 0x49b0d044, 0x2f270282, 0x32013130, 0x52111516, 0x34250ce1,
    0x22153336, 0x52148206, 0x35300c23, 0x23263411, 0x22231513, 0x2223022e, 0x35231515, 0x9c082682, 0x01021e32, 0x33353736, 0x07061415, 0xd9bbdb04,
    0xb270bbd9, 0x70b03434, 0xd804d8b9, 0x727163bd, 0xc1827262, 0x70637382, 0x2b68646f, 0x34b88250, 0x7f807118, 0xbf48286e, 0x4240fe6a, 0x3b5b9d03,
    0xd6f0af05, 0xf0d4c6fd, 0x55585855, 0x4a02cde8, 0x9d9ef1d4, 0x8cc4fd89, 0x017c899b, 0x7a54feac, 0x028c9c8b, 0x019f883a, 0x50227fc2, 0x240f700c,
    0x52116c6e, 0x5090fe1b, 0x3266693c, 0x03002075, 0xebff7e00, 0xf105aa05, 0x3f002b00, 0xb0004800, 0x4a4909b2, 0xb0391211, 0x3cb01009, 0x200583d0,
    0x0b176b48, 0x0fb38618, 0x1013b02f, 0xb0d000b0, 0x07b0100c, 0x0c09b2d0, 0x20398313, 0x0d004513, 0xdd6a0c20, 0x1fb2230c, 0x24830c13, 0xb0d02427,
    0x2bb01014, 0x2c4083d0, 0x37b0d037, 0xd02db02f, 0xb12f2db0, 0x0a63412c, 0xb0102d29, 0x33b0d033, 0x8a3bb12f, 0x10372c14, 0xb0d043b0, 0x48b02f43,
    0x4148b0d0, 0x27200b7b, 0x41062c70, 0x35220d7a, 0xa7531533, 0x1e7a4106, 0xa8427f08, 0xd0a8c0c0, 0x629c2f5f, 0xc004c1a3, 0x5c5d52a8, 0xb96f6253,
    0x51617001, 0xaa515d5d, 0xc07e4f2c, 0x80721830, 0x4a296f7f, 0x41fe6db7, 0x5b9e0341, 0xdb44043b, 0xc1dffec2, 0x4a4b95da, 0x3201bbd0, 0x8898dbc1,
    0x7bdefe7c, 0xeb677889, 0x887567ee, 0x7c21017d, 0x7fc70188, 0x6f0b5220, 0x6c6e240f, 0xfe1c5012, 0x683f4e86, 0x20753266, 0x9c000200, 0x7506ecff,
    0x20000307, 0x84002800, 0xab6a07b2, 0x10072105, 0x081f7d18, 0x550ca845, 0x20240c7a, 0x20b11b2f, 0x7d07ff42, 0x04250806, 0x0a07b2d0, 0x0530430f,
    0x210e8055, 0x56830fb0, 0x2f27b02b, 0xb0d028b0, 0x22b12f28, 0x09dd4206, 0xb0102827, 0x25b0d025, 0x22a4552f, 0x21352527, 0x23152117, 0x16ac5535,
    0x0342fc27, 0xb5fe012c, 0x1db455a8, 0x6b6be825, 0x82007d7d, 0xff812eff, 0x05ad05eb, 0x001e00b0, 0xb2870026, 0x052f4d06, 0x18100621, 0x6808b368,
    0xb4550cdf, 0x821e200c, 0x591e20ff, 0x042b10ad, 0x2f04b0d0, 0x0d0806b2, 0x18391211, 0x240e637c, 0xb0d01ab0, 0x27e7860d, 0xb0d026b0, 0x20b12f26,
    0x200a0241, 0x21748326, 0x024123b0, 0x18e15508, 0x00410120, 0x16e95506, 0x0393fc27, 0xb3fe032c, 0x1bf155a9, 0x6b0b0136, 0x0080806b, 0x75000100,
    0xbc0484fe, 0x1900c505, 0x18b24b00, 0x2006c758, 0x05f64b00, 0x640c2773, 0x0a2608af, 0xd00eb010, 0xf2540ab0, 0x7402200d, 0x302c0c83, 0x11230131,
    0x35350026, 0x33241234, 0x0c5aa218, 0x33173208, 0xd8bf1403, 0x018ef8fe, 0x01f7a000, 0x02c10220, 0xcda0a1b5, 0xfe7c9dc5, 0x1c6c0184, 0xf4ff5601,
    0x9f2001b1, 0x9ee0f8fe, 0xd4fcfeac, 0xfbfecaf4, 0x26a38204, 0x0382fe64, 0x984e04e0, 0x078441a3, 0x4e18a3a0, 0xa3850aa3, 0xa3820220, 0x7b183620,
    0x2a080efb, 0xa2023317, 0x77d4b1b9, 0xf0b38bd7, 0x84658faf, 0x6d82969c, 0x700182fe, 0xd926011e, 0x8af99923, 0x8c65a8e1, 0xa81fb5da, 0x820003db,
    0x0074289b, 0x05900400, 0x8213003e, 0x0eb02101, 0x27053841, 0xb11b2f04, 0x593e1204, 0x05286382, 0x23032507, 0x05372513, 0x33210384, 0x080f8203,
    0x01580248, 0xddfe4421, 0xfee1a8b6, 0x250144df, 0x46defecd, 0xa5bc2301, 0x482501e7, 0xbe01e0fe, 0xfeaa7bac, 0xab8e01bf, 0x6d01ab7b, 0x01ab7dab,
    0xab68fe4b, 0x0100aa7a, 0xa60467fc, 0xfc0527ff, 0x12000700, 0x2f00b000, 0x3b4203b1, 0x36688209, 0x21372715, 0xfd151727, 0x0201a60d, 0x05a5011b,
    0xe9017d23, 0x82d8016c, 0x05712637, 0x0664ff17, 0x219f8215, 0xa1830030, 0xb0d00826, 0x00b12f08, 0x2c0acc44, 0x05b0100e, 0x2f05b0d0, 0xb1100eb0,
    0x8217890f, 0x32420855, 0x23151516, 0x22233435, 0x07060707, 0x3e323523, 0x6f76fe02, 0x2a72807f, 0x76896f2d, 0xc16a6c3c, 0x6c150647, 0x700e246e,
    0x023a2f12, 0x11531b7e, 0x66fd0100, 0x54fe1605, 0x05005706, 0xb0000c00, 0x5a852f01, 0x35304b82, 0x07171533, 0x3bb366fd, 0x7bdc054d, 0x0041748c,
    0xa4202b82, 0x93202b82, 0x03242b87, 0xd000b02f, 0x2b82d982, 0x2737273a, 0xf1fd1533, 0xb5013b4d, 0x74411605, 0x08007b8c, 0xc4fe1bfa, 0xaf05b601,
    0x1a3a5582, 0x35002700, 0x4f004200, 0x6a005c00, 0xb0007f00, 0x53b02f45, 0x2f60b02f, 0x804138b0, 0x54022005, 0xb1220671, 0x62440b09, 0x10452909,
    0xb0d010b0, 0x4cb11045, 0x1726148a, 0x1053b0d0, 0x05831eb0, 0x8a5ab121, 0xd0252617, 0xb01060b0, 0x2105832b, 0x178a67b1, 0xb0d03226, 0x3fb11038,
    0xac821189, 0x32363422, 0x083b7e18, 0x42340121, 0x13200b4d, 0x22220d88, 0x1a8d1506, 0x358c0d82, 0x33200c8c, 0x34820d85, 0x23204189, 0xfd3f0d82,
    0x74be7308, 0x2e303370, 0x74de0133, 0x71755f5d, 0x332c2e35, 0x5f5d7548, 0x5c357074, 0x82cbfe33, 0x24098213, 0xfd332d2e, 0x2228874f, 0x86744dfd,
    0xdefe2132, 0x35202887, 0x3b830882, 0x04332d33, 0x686854f3, 0x35372e54, 0x54ebfe30, 0x31556768, 0x2a098234, 0x68675509, 0x37343154, 0x83f9fd2e,
    0x2109831d, 0x2785e4fe, 0x052e3723, 0x8a31881a, 0x67552127, 0x2b083b85, 0xfa080000, 0x0163fe2c, 0x00c6056b, 0x00090004, 0x0013000e, 0x001d0018,
    0x00270022, 0x21b00039, 0x2f12b02f, 0xb02f0bb0, 0x26b02f1b, 0x2005aa41, 0x85a21807, 0x8216200b, 0x1c16210c, 0x20068868, 0x080c8202, 0x3e140235,
    0x05313059, 0x13230317, 0x33132703, 0x05370103, 0x07052515, 0x01053525, 0x05172537, 0x27050701, 0x03270325, 0x17011337, 0xfe030713, 0x607a0b2f,
    0x820c3a46, 0x023c0804, 0x4d010d1d, 0x75fba6fe, 0x01b3fe0d, 0x029c035a, 0xfe444001, 0x02f3fcdb, 0x0145c0fe, 0x94112b26, 0x6003c641, 0xc4429411,
    0xadfe0e3c, 0xa2046101, 0xfe52010e, 0x0c11fea0, 0x3b47627c, 0x3c080483, 0x9910ae01, 0x8efcc844, 0xc8459911, 0x0102e402, 0xd5fe4546, 0xfe02e3fc,
    0x2b0147bb, 0x00ffff00, 0x059bfeb1, 0x001907b3, 0x00dc0026, 0x00270000, 0x013101a1, 0x00070142, 0xff7f0410, 0x18f582bd, 0x20095996, 0x23cf821e,
    0x3130dc0d, 0x9c263583, 0xb5049bfe, 0x3582c305, 0x3585f020, 0xffa10023, 0x213583ec, 0x358e8103, 0x35871a20, 0x26089b5b, 0x00110071, 0x5b77001a,
    0x6b18129b, 0x10240c48, 0x10b11b2f, 0x00247383, 0x08b05845, 0x08210c82, 0x204a8212, 0x0dee6410, 0x080c0222, 0x24085977, 0xb0d00ab0, 0x2e9e5b0b,
    0x15333522, 0x23229e5b, 0xd2fd1805, 0x26059e5b, 0xc1981805, 0x5ba2fcc1, 0x0033079c, 0x00a80002, 0x05d70400, 0x000e00b0, 0xb256001b, 0x831d1c04,
    0x6104208f, 0x2179090b, 0x08a4790c, 0x01031622, 0x70050850, 0xb2230b1d, 0x83030009, 0x49032015, 0xac630cf1, 0x32600806, 0x07141504, 0x06270717,
    0x35360123, 0x21272634, 0x37322111, 0x69013727, 0xec1902c1, 0x7e671301, 0xa8768b6d, 0xa5251901, 0x01a0fe91, 0x6e456258, 0xfd3a026e, 0xf2b005c6,
    0x8a70bacb, 0x01379967, 0x825b411b, 0xc5fd029d, 0x0066791d, 0x8c000200, 0x230460fe, 0x13004e04, 0x77002200, 0x24231cb2, 0x1c237983, 0x4a10b010,
    0xcf62069f, 0x0c3c480c, 0xbe630a20, 0x00b02506, 0x07b05845, 0x2306c667, 0x100702b2, 0xb2234182, 0x83071009, 0x840e2006, 0x0f596606, 0x314c0720,
    0x86d8820c, 0x272222d1, 0xc0901811, 0x29dd8212, 0x1e043617, 0x6e6e6f6a, 0x90187359, 0x522f0fc8, 0x5a6e663c, 0xee110232, 0x7b667d97, 0x18fd7d38,
    0x330fcf90, 0x67677327, 0x01000062, 0x0000a200, 0x00072304, 0x36000900, 0x08cd7b18, 0xb2430820, 0x0cc84f05, 0x6d08b251, 0x013b0f18, 0x11211523,
    0x11211123, 0x03230433, 0x02c042fd, 0x1805b9c8, 0x05eefa06, 0x825001b0, 0x00912d5f, 0x05420300, 0x00070076, 0x06b0002f, 0x05515885, 0x08cc470c,
    0x31155473, 0x42033311, 0x01ba09fe, 0xa103b9f8, 0x3a045ffc, 0xb5833c01, 0xdffeb132, 0xb0057c04, 0x5e001500, 0x17160ab2, 0x00391211, 0x07d67f18,
    0x0c564318, 0x1808c454, 0x220e4943, 0x82091403, 0x03b02133, 0x10dc4618, 0x9e5c0320, 0x3130220c, 0x24d78201, 0x10110020, 0xd3461802, 0x83232007,
    0x042708eb, 0xb242fd30, 0x3c011c01, 0x9102e4f5, 0xcecc0190, 0x7f03c1b5, 0x2ffe1205, 0xf0fecffe, 0xe7fef8fe, 0xcbcbc393, 0x8261fdd4, 0x00012aa1,
    0x03e5fe91, 0x003a04be, 0x22ab8216, 0x8418170b, 0x410a20ab, 0x674a0508, 0x2077180c, 0x43152008, 0x03200dc3, 0x82053272, 0x5d0a20ab, 0xab820d4a,
    0x830c0474, 0x00322dab, 0x06061415, 0x36362707, 0x23263435, 0x3008ac84, 0x0dfe3e03, 0x1801ef6c, 0x3075aa62, 0x98b27880, 0xad02ba70, 0xe4fea103,
    0x62d7fcfe, 0x921586c8, 0x91799921, 0x041dfea8, 0x00ffff3a, 0x0799fe1b, 0x34b58282, 0x00da0026, 0x02070000, 0x00610651, 0x00ffff00, 0x0699fe15,
    0x22c3823d, 0x85ee0026, 0x1c052117, 0xb2241784, 0x440597fe, 0x02212f83, 0x2b17852c, 0xfeff2304, 0x9c00ffff, 0x810499fe, 0xf1202f84, 0x03211785,
    0x26078260, 0x00a30001, 0x82ff0400, 0x0014222f, 0x055d5b63, 0xb4180020, 0xdf440b25, 0x0817420c, 0x0c7d4918, 0xb0d00f2b, 0x2fb22f0f, 0xb25d010f,
    0x210482cf, 0xff5308b1, 0x01b22809, 0x12110f08, 0x8205b039, 0xb0102c22, 0x3130d012, 0x01230209, 0x5f231523, 0x1121056a, 0x3f018333, 0xfed20401,
    0xf1bd0170, 0x9450a2fe, 0x68c1c168, 0x43014d94, 0x4efdb005, 0x8e0202fd, 0x72fdf4f4, 0x7f2a0b82, 0x00ff0001, 0x01008102, 0xad829a00, 0xc5827f20,
    0x7c001422, 0xe743ad85, 0x0c81690c, 0x8308174d, 0x08d651ad, 0x2305434b, 0x9fb22f0e, 0x07e35418, 0x71290983, 0xcf0ebfb4, 0xb25d020e, 0x2515832f,
    0x72010e6f, 0xc68b09b1, 0x860e0921, 0x940e20c6, 0x352c08c6, 0x01331533, 0xaefe5a04, 0xfeeb7701, 0x659432eb, 0x9465baba, 0x0403012a, 0xfdfefd3a,
    0xc2cd01c8, 0x0433fec2, 0xd536fe3a, 0x00ca01d5, 0x4428c582, 0x8b060000, 0x0e00b005, 0x07217318, 0x4b0cd743, 0xc58315fc, 0x1226ec84, 0x08b2593e,
    0x90830206, 0xb22f0828, 0x5d01082f, 0x0482cfb2, 0x210b0264, 0x501806b0, 0xb2230c17, 0x1808010c, 0x0809dd43, 0x21352129, 0x33013311, 0x03230101,
    0xfec1b090, 0x969c0225, 0xfdeffc01, 0xec5602d4, 0x72fd8e02, 0xfd981805, 0xfd82027e, 0x8211fd3f, 0x003e26a9, 0x047d0500, 0x20a9823a, 0x12497182,
    0x420cd770, 0x9d5c0c1d, 0x10022708, 0xb0d009b0, 0x33722f09, 0x09ff2105, 0x9f23ad82, 0x72710109, 0x2f20076b, 0x6f231083, 0x46720109, 0xbe900b55,
    0x94090021, 0x1b2c08be, 0x65feba88, 0x017a5502, 0x53fee16b, 0x01ebd101, 0x0333fecd, 0x36fe99a1, 0xf8fdca01, 0xff00cefd, 0xfea900ff, 0x05a90599,
    0x002600b0, 0x21070d43, 0x0d480088, 0x04992205, 0x22d782a2, 0x43f40026, 0x8120060d, 0x01260782, 0x0000a800, 0x2f828407, 0x60000d22, 0x415fef85,
    0x0c0d430c, 0x146c4718, 0xd001b02c, 0xb22f01b0, 0x5d01012f, 0x844102b0, 0x01b0210c, 0x220f5a55, 0x45211121, 0x233a06a7, 0x69013311, 0x3d03de02,
    0xfdc083fd, 0x03c1c122, 0x9872023e, 0xa102e8fa, 0xaf445ffd, 0x00002305, 0xad826905, 0x9d000d22, 0x6412015f, 0x95950cdc, 0x86100621, 0x826f2098,
    0xbfb43b98, 0x0201cf01, 0x013fb25d, 0xcfb47101, 0x0201df01, 0x010fb271, 0x9fb47201, 0x0b83af01, 0x2382ff20, 0x71221083, 0x09839fb2, 0xb426cb83,
    0x017f016f, 0xd2ae7202, 0xf1014b32, 0x8cfe2d02, 0xba0ffeb9, 0x016502ba, 0x5ffc99d5, 0x28050574, 0x00010000, 0x07dffeb0, 0x23dd82cd, 0xb26b0017,
    0x07b59018, 0x83450720, 0x0ccb7f05, 0x2b0cfb5d, 0xb11b2f11, 0x593e1211, 0x071601b2, 0x2105e75e, 0x564107b0, 0x01b0210c, 0x0c5b4818, 0x5816b021,
    0x30230ccd, 0x46330131, 0x1126113a, 0x04211123, 0x3c4676ff, 0xc179280b, 0x04c032fd, 0x4641034f, 0x12220f3d, 0x9141eefa, 0xe5fe2705, 0x3a04b006,
    0xbd821800, 0x1a191222, 0xba678b82, 0x82172008, 0x1a1721a3, 0x7806494b, 0x002308b4, 0x46b05845, 0xb22307fa, 0x86081701, 0x180820bd, 0x820d4e70,
    0x0b2f6cbd, 0xa8651720, 0x3233240f, 0x46071500, 0xbe830e4c, 0xa0f6032f, 0x032201f8, 0x3099d114, 0xa0bc7b7c, 0x051075a4, 0xfe850230, 0xa326d7fc,
    0x20921be1, 0xa7927d96, 0x077b1dfe, 0xff713009, 0x05a205e4, 0x002800c5, 0xb2a00036, 0x83383718, 0x1018238f, 0x1b5a29b0, 0x821f2013, 0x4a1f20d1,
    0x754807d7, 0xd0002808, 0xb22f00b0, 0x4a1f0402, 0x871806ce, 0xb0200d9b, 0x230eeb6c, 0x2cb11002, 0x220a5145, 0x822c0217, 0x26b22336, 0x0682022c,
    0x1000b022, 0x0bf87b18, 0x101fb024, 0x2b8933b1, 0x0531302f, 0x23062722, 0x35022422, 0x36123435, 0x05557d33, 0x32331224, 0x11832637, 0x33363623,
    0x05985632, 0x01331627, 0x36171614, 0x08268236, 0x22232673, 0xa2051506, 0xac8eb3d7, 0x9fe4feb2, 0x0184d275, 0xbfec9476, 0x84793846, 0xb676bd68,
    0x68666fe6, 0x787dfd79, 0x79686275, 0x1c7a6163, 0x01b24249, 0xb1acc442, 0xa5a32201, 0xeca6d9fe, 0x610dd7fe, 0xe3aa1501, 0xfe8dfd9a, 0x9eebfdcc,
    0x1a5ff6fe, 0xed983402, 0x8de7484a, 0xd2ceb1f9, 0x000200b2, 0x04ebff6d, 0x004f049c, 0x002f0024, 0x3004b2a7, 0x06454b31, 0x4307d55e, 0x1c240c95,
    0x1cb11b2f, 0x2014a462, 0x06e25e00, 0x0402b223, 0x0648411c, 0x43180c20, 0x04200d62, 0x240c5b4b, 0xb11002b0, 0x091c4127, 0x1416b223, 0x06414127,
    0x0a689918, 0x2722b222, 0x41061c4b, 0x48410b74, 0x02262707, 0x12343535, 0x9d7e1533, 0x26372307, 0x2d4f3511, 0x15680805, 0x33160714, 0x36171401,
    0x26343537, 0x04070622, 0x768cb29c, 0x7fe18c8f, 0x5d499bc5, 0x2c2e89a9, 0x8c8fadc1, 0x614f80b2, 0x669f0ffe, 0x46784903, 0x42390c01, 0xa7120195,
    0x0e01cd3a, 0x3892ad9e, 0xa20bf0c1, 0xc05e1101, 0x62cef9eb, 0x01159de3, 0x7374d6a9, 0x9e8275ba, 0xffff7a8d, 0x99fe3900, 0xb005f804, 0x3c002600,
    0x26067345, 0xff0000d7, 0x822900ff, 0x04062217, 0x2017823a, 0x2117855c, 0x0782e502, 0x34000126, 0x9306a1fe, 0x13252f82, 0xb0005d00, 0x12b34e11,
    0x490c8e45, 0x104408ab, 0xd0002f0e, 0xb01007b0, 0x03b0d005, 0xd002b0d0, 0x565a13b0, 0xb043080c, 0x3130d00e, 0x21352101, 0x21153335, 0x21112115,
    0x33113311, 0x21112303, 0x89feab01, 0x01c17701, 0x027ffe81, 0x1298c1ce, 0x05d6fbac, 0x01019718, 0x0585fb97, 0xfef1fa13, 0x005f0100, 0xfe1f0001,
    0x821605bf, 0x000f25b9, 0x0db0004d, 0x7359a185, 0x164f180c, 0x46032008, 0x00230d0b, 0x650fb0d0, 0x03290d43, 0xd008b010, 0xb01006b0, 0x2091860a,
    0x88858215, 0xfe31338d, 0xf9c402ee, 0x80baf201, 0xd2fca512, 0x9797a303, 0x1377f4fc, 0xffff2d07, 0x99fe9600, 0xb0056705, 0xe1002600, 0x2d054141,
    0x00004604, 0x6700ffff, 0x5f0499fe, 0x17823b04, 0x1785f920, 0x823e0321, 0x00012607, 0x04000096, 0x262f82c8, 0xb2500017, 0x6b191804, 0x864815f9,
    0x08275c0c, 0x0c000722, 0xb0252e82, 0x04b02f07, 0x0ee574d0, 0x8313b021, 0x161123ba, 0xb7823316, 0x82373621, 0x233c0804, 0x15070611, 0x26223523,
    0x57011127, 0x95a08901, 0xc1c17879, 0xf8957f72, 0xb00504ef, 0x849a32fe, 0xd2fe3601, 0xb602210d, 0x5b0250fa, 0xe8ee0d22, 0xd701dad9, 0x83000100,
    0xd9030000, 0x1620b782, 0x06209f82, 0x0a958b18, 0x4b0c1c62, 0x46430ca9, 0x150f2208, 0x052a6900, 0x4307b121, 0xab830925, 0xb9490f20, 0x86212005,
    0x82262093, 0x11332393, 0xaa861716, 0xd9032608, 0x965346ba, 0xb902bbb0, 0x5496af05, 0x8801ba45, 0x85870913, 0x01b5cc0d, 0xd3b5fe43, 0xfe18011a,
    0x02110aea, 0x2c9b821a, 0x04000089, 0x00b005ba, 0xb2470011, 0x0ad95c05, 0x0cc74a18, 0x7b0cb862, 0x052108f0, 0x219b8401, 0x6a662f05, 0x3130220b,
    0x05c07933, 0x0a245018, 0xc0892e08, 0xf2f8cbb9, 0x8901c003, 0x05c8bca3, 0x35a4fdb0, 0x2efedfd8, 0x8698cd01, 0x004cfd37, 0xff3f0002, 0x05bd05ea,
    0x001d00c3, 0xb2670025, 0x05f75b17, 0xb0101723, 0x06bd4524, 0x410c3958, 0x1f20081a, 0x2105fe78, 0x1c582f1f, 0xd004270c, 0xb0101fb0, 0x7618d00b,
    0x0f200fca, 0x310c747a, 0x20053130, 0x26351100, 0x14333526, 0x12341716, 0x0e823336, 0x21156b08, 0x33161415, 0x06173732, 0x35210106, 0x22232634,
    0xfee90302, 0x99b3fee2, 0x575098a6, 0x0196fd8e, 0xfc1c0102, 0xb3ccde82, 0xd2402fa6, 0xbe02e0fd, 0xc29eabb3, 0x01510116, 0xc5135b29, 0x147d5aa2,
    0xa21f01b4, 0xbefea3fe, 0xf7dc5d6c, 0x352d8f53, 0xd9215a03, 0x00fdfee5, 0xdeff0200, 0x6304ecff, 0x19004e04, 0x75002100, 0x196714b2, 0x18142005,
    0x4b09c360, 0xe3880cf8, 0x000d1e30, 0xb0391211, 0xbfb42f1e, 0x021ecf1e, 0x8e4db15d, 0x03b0270a, 0x101eb0d0, 0xea8409b0, 0x1d421520, 0x17b22109,
    0x0d203485, 0x220e4576, 0x85002205, 0x3e1729f0, 0x12323302, 0x16211511, 0x0124ed85, 0x21070622, 0x02371a82, 0xecfedcbd, 0x65937778, 0x70c88414,
    0x23fdead3, 0xae8ab304, 0x1888716f, 0x310ba9a7, 0x86ae1dfa, 0xc9823093, 0xfeeafe6e, 0xc5a04dfd, 0xa7185892, 0x012e08ac, 0xd6fea300, 0xb005cc04,
    0x5f001600, 0xe74215b2, 0x550e2006, 0xb0200d47, 0x47084a6a, 0xeb880780, 0x02000422, 0x0426eb83, 0xd008b02f, 0x58180eb0, 0x04200d8b, 0x2d0c086d,
    0x23213130, 0x33113311, 0x16013301, 0x394f1500, 0x27390808, 0xc1640121, 0x010285c1, 0xf8f8fde2, 0xe6f90d01, 0x02909002, 0xecfec7c7, 0x8ffdb005,
    0x88fd7102, 0xfad2fe16, 0xe4fef8fe, 0xcac9c198, 0x000001d2, 0xfe9a0001, 0x041904fe, 0x22b1823a, 0x860db27b, 0x06b549b1, 0x1b2f1124, 0xf74811b1,
    0x450c870c, 0x132b0805, 0x2f13b0d0, 0x01139fb2, 0x83ffb25d, 0x29098204, 0x13bfb471, 0x5d0213cf, 0x10832fb2, 0x0113cf26, 0xd000b071, 0x200fd449,
    0x0cd44913, 0x01313024, 0x534f1616, 0x34352506, 0x11232726, 0x2008dc86, 0xcec37f02, 0x3070ac64, 0xb2a5adf8, 0x015bbaba, 0x6402e08a, 0x5db4e21f,
    0x92137cc5, 0x928ae639, 0x05854d02, 0x00ca013a, 0x2f00ffff, 0xa8059bfe, 0x2600b005, 0x0000dd00, 0x10000700, 0xbdff7404, 0x2c241782, 0xb7049bfe,
    0x2622e182, 0x1785f200, 0xff830323, 0x24f982bd, 0x044bfeb1, 0x222f82fe, 0x50a90015, 0x002308df, 0x4fb05845, 0x3a530c2e, 0x61a2180c, 0x089e460c,
    0xb0d0022b, 0x5fb22f02, 0xb25d0102, 0x2e0483cf, 0x7101021f, 0x7f026fb4, 0xb4710202, 0x83cf02bf, 0x020f2706, 0x7202021f, 0x1982efb2, 0x839fb221,
    0x834f2004, 0x83ff2004, 0x83af202d, 0x832f2004, 0x023f2504, 0x08b07201, 0x200d2a48, 0x0c1a5a02, 0x18070872, 0x0808837e, 0x1135362a, 0x11231121,
    0xcc027201, 0x3c9cabc0, 0x3d250e36, 0x34fd4841, 0xfdb005c1, 0xf992026e, 0x12baa8fd, 0x5c670e9a, 0x7ffdd502, 0xf382e882, 0x4bfe912c, 0x3a04f503,
    0xa1001600, 0x87450ab2, 0x0c5b710a, 0x8c0cf046, 0x08ba4bf3, 0x6f20f385, 0xe285b682, 0x82b25d21, 0xb47124bd, 0x82df02cf, 0x0fb221ee, 0xb423c982,
    0x83af029f, 0x82e4840b, 0x83712010, 0xb25d21f8, 0x1c41e983, 0x20eb8405, 0x09b4430e, 0x8e0ed370, 0x171722eb, 0x08ec8732, 0xf1014b25, 0x3c98abb9,
    0x3c110f34, 0xfe484214, 0x3a04ba0f, 0xd5012bfe, 0xb2aa6dfb, 0x05079312, 0x025c6801, 0x8232fe27, 0xffff27e4, 0x9bfea900, 0x2d4ebb05, 0x10002509,
    0xbdff8704, 0x9c241782, 0xb4049bfe, 0x23092d4e, 0x80031000, 0x2f821784, 0x84f90621, 0x4231202f, 0x0521052b, 0x241784c5, 0x069bfe9d, 0x202f8407,
    0x241785f3, 0xbdffd304, 0x797c1800, 0xb261220d, 0x05976508, 0xb0100823, 0x8b4d1818, 0x56082013, 0xb2230640, 0x6e08000d, 0xb0210532, 0x0cdf4100,
    0x1008b022, 0x0c696518, 0x675f0d20, 0x31302a0c, 0x11002001, 0x04021415, 0x18078223, 0x290b847c, 0x37123201, 0x16141521, 0x7c188002, 0x7c18076d,
    0x012a0d84, 0x0fdea921, 0x05d3cffc, 0x7c18fec4, 0x7c18076f, 0xfa210e87, 0x7f7c18c6, 0x68002f08, 0x2c04ebff, 0x1b00b005, 0x0bb26a00, 0x4b481d1c,
    0x0c384f08, 0x20085676, 0x0c485302, 0xd004b026, 0x0b0205b2, 0xb0283382, 0x0bb02f05, 0xd010b010, 0x9e460582, 0x5c05200c, 0xb0240cde, 0x1bb01005,
    0x21062049, 0x9e680117, 0x46222005, 0x33210594, 0x055f5332, 0x03354008, 0x0376fd1d, 0x6bfe016b, 0xf3fee9d9, 0x76db86e0, 0x897b9cc0, 0x8d9ea6a3,
    0x7d9e1205, 0xe70e1efe, 0x69e8c3c6, 0x9a7282be, 0x8e9d7892, 0x00010097, 0x0475fe69, 0x003a0428, 0xb25d001a, 0x841c1b0b, 0x450b20c1, 0x1a220a85,
    0x9d50593e, 0x21b4a40c, 0xfe5a0318, 0x20b48209, 0x08b4991a, 0x23251050, 0xfd0c0335, 0x01650388, 0xe8d472fe, 0x84def4fe, 0x9eba7ad7, 0xfea48d7d,
    0xa103a0c9, 0x11fe7699, 0xc3c5e110, 0x83bf66e7, 0x79959f71, 0x97082201, 0x00ffff00, 0x044bfe3a, 0x00b00574, 0x44b10026, 0x02260000, 0x0040ab26,
    0x00540207, 0x1d8300f0, 0x4bfe3b24, 0xd3829603, 0xec002623, 0x221d844f, 0x83018eac, 0x00e1341d, 0x00080000, 0x010600b2, 0xff31305d, 0xfe3900ff,
    0x4b0e054b, 0x54220a93, 0x3f84a703, 0x5d822920, 0x934b1c20, 0x0254220a, 0x263982b5, 0x00570002, 0x82650400, 0x000a2d2f, 0xb2520013, 0x11151404,
    0x04b03912, 0x4909f57b, 0x032b0c05, 0x03b11b2f, 0xb2593e12, 0x83030100, 0x2f002327, 0x2f5503b0, 0x1800200d, 0x2d0c014e, 0x11013130, 0x22211133,
    0x36343524, 0x08820137, 0x15063208, 0x03171614, 0xdffdc2a3, 0xfff7fee4, 0xfe6d01e0, 0x9fa18ca1, 0x0273038a, 0xf250fa3d, 0x04ebc7cb, 0x38022afd,
    0x9f828096, 0x00020001, 0x06000059, 0x269b8267, 0x001f0017, 0x4307b25c, 0x0720055d, 0x6d095d43, 0x45470c7f, 0x08072208, 0x06d04a00, 0xa55e8c82,
    0x0ab0240a, 0x4310b2d0, 0x07200579, 0x210c8342, 0xa1843130, 0x21372422, 0x372dac82, 0x36373636, 0x16173327, 0x23060607, 0x82b28325, 0x022408b1,
    0xf7fee547, 0x01e30101, 0x6f58c16a, 0x40040372, 0x032f16ba, 0xfec3e504, 0x8ea0feef, 0xf485989e, 0x03edc6c9, 0xeb33c282, 0x7b920201, 0x9744a7a2,
    0x9de8c36e, 0xfe973802, 0x8200049f, 0xff6426c7, 0x066e06e7, 0x26c58218, 0xb286002b, 0x832d2c1a, 0x101a239f, 0x276f2ab0, 0x5020200b, 0x7d450660,
    0x2f18240c, 0x7418b11b, 0x0522103d, 0xdd4f1803, 0xf7501805, 0x11b2210b, 0xb2211584, 0x2206841a, 0x181003b0, 0x210b1a49, 0x904f1cb0, 0x3130220c,
    0x68441813, 0x16062207, 0x32f18433, 0x07161637, 0x0623020e, 0x22230627, 0x26013502, 0x4a062223, 0x6108050b, 0xc4e26427, 0x02b96ab7, 0x97894e5f,
    0xb3410404, 0x0202291c, 0xf289d979, 0xc0db6c4e, 0x52c702e4, 0x919487a1, 0x0553a788, 0x08010902, 0x02833d01, 0x5f41fb4d, 0xbdd00278, 0x6601d8ba,
    0xf9a966c7, 0xb6ba0484, 0x01f41b01, 0xdedf8631, 0x3e93bfad, 0x36000100, 0xd505e3ff, 0x2700b005, 0x10b26600, 0x61442928, 0x3f511808, 0x0738750c,
    0x2801b223, 0x055b5109, 0x200cb343, 0x8a691809, 0x7e0f200d, 0x21200579, 0x220c8f7d, 0x54211ab2, 0x13210567, 0x2ce48235, 0x21213435, 0x16162135,
    0x16071415, 0x41db8313, 0x4f0809e9, 0x03042302, 0x27263435, 0x939f9bfe, 0xa0fecbfe, 0xfcef6b01, 0x5305dbed, 0x04867441, 0x17ba4104, 0xf6040330,
    0x0fbdfec7, 0x79027587, 0x837b029e, 0xd1019efb, 0x4562e8c9, 0x4f50fcfe, 0xb9ce025b, 0xbb58d8bb, 0xd7fefd80, 0x404d0108, 0x00019078, 0x3126e382,
    0xe804e3ff, 0xe3823a04, 0x0fb26322, 0x1f24e38a, 0x1fb11b2f, 0x210f2269, 0x074702b1, 0x07b22309, 0xef821f0e, 0x2817b222, 0xb0210683, 0x17851817,
    0x181f200d, 0x230c1540, 0x171425b2, 0x30232b82, 0x41062531, 0x332e05c5, 0x06071616, 0x26062306, 0x23343527, 0xf5842723, 0x21232623, 0x08f68627,
    0xe7021744, 0x76705f02, 0xb4420403, 0x0401182d, 0x8987b8e7, 0x02cdd807, 0x7d6e7ac0, 0x06fbfe75, 0xdcc41801, 0xd504b6bc, 0x899b0258, 0x8086a699,
    0x03f0cd39, 0x9d478370, 0x4a570196, 0x03965d55, 0x4a9d98a7, 0xdd83b234, 0xd7fe522e, 0xaf05f503, 0x60002100, 0x232220b2, 0x0b856a18, 0x200cc441,
    0x26ed821a, 0x593e121a, 0x412201b2, 0x1a2329c4, 0x1812b010, 0x4109548d, 0x102005bb, 0x280bbb41, 0x06141533, 0x37362707, 0x08e68323, 0xaf232645,
    0xfe9ba4a9, 0x01f1feca, 0xe5f4e821, 0x61a904de, 0x0e516a4d, 0x92033c6b, 0x97790277, 0x01857d01, 0xd2039705, 0x4664e2c9, 0x94a9f8fe, 0x4840c861,
    0xab346e73, 0x008d7e8f, 0xfe790001, 0x04d903c7, 0x8320003a, 0x06317bc7, 0x29461720, 0xea421805, 0x21c7890c, 0x8c420821, 0x4f082012, 0xb2200cfa,
    0x8e068c42, 0x332731c7, 0x23343536, 0x16213521, 0x14151617, 0x15171607, 0x3508c78c, 0xdb01c223, 0xe9fef5e9, 0x6cdd2701, 0x01bdbe56, 0x694d629a,
    0x33670d54, 0xb801da02, 0xb2a10297, 0x53670396, 0x3549a184, 0x61944cca, 0x74483eca, 0x5e85217d, 0xc38200b4, 0xebff442d, 0xb0057007, 0x65002300,
    0x182400b2, 0x7b09d565, 0x20250ce8, 0x20b11b2f, 0x06624412, 0x2008477d, 0x0dbc470e, 0x200e6851, 0x0cac5420, 0x0e19b223, 0x23fa8220, 0x21013130,
    0x0bb56018, 0x14112138, 0x36323316, 0x37273637, 0x06071616, 0x22070702, 0x27043526, 0x5a181afe, 0x03320b44, 0x824f595f, 0x3f020497, 0x02291cba,
    0x2ec3e903, 0x5a18b7b3, 0xfb321153, 0xcd7460ac, 0x01d2c0bc, 0xec66c766, 0x0212dafe, 0xdd82b4ba, 0xebff3f28, 0x3a043a06, 0xdd822100, 0x74076942,
    0x47430834, 0x821e2007, 0x181e20dd, 0x20101e4f, 0x20dd8d0c, 0x0c314406, 0x491eb021, 0xb2230c7a, 0x880c1e16, 0x08c37fdd, 0x332ddc89, 0x0e071617,
    0x26222302, 0xfe310327, 0x0ac67fbb, 0x4f5aaf33, 0x04047b6c, 0x3016b341, 0xbe6c0203, 0x01b3ae78, 0x0ec87f03, 0x7960212f, 0xcbb2abb7, 0x9a7cb150,
    0xb1b879e6, 0x2ed58200, 0x07e7ffa9, 0x00b00571, 0xb2b0001d, 0x451f1e14, 0x7b4c0801, 0xc066180c, 0x8211200c, 0x871120e2, 0x821720e2, 0x8317200c,
    0x5211200c, 0xb2230c85, 0x8211000a, 0x17b0344a, 0xd01cb010, 0xb22f1cb0, 0x71011cef, 0x011c5fb2, 0x83cfb25d, 0x821f2004, 0x6fb42a0e, 0x021c7f1c,
    0x1cbfb471, 0x210682cf, 0x12829fb2, 0x834fb221, 0x83ff2004, 0x83af2021, 0x822f2004, 0x0fb42b04, 0x021c1f1c, 0x1c3fb272, 0x716b7201, 0x3130240b,
    0x46141101, 0x26210e32, 0xdac51827, 0x04320808, 0x864a5de9, 0x42040494, 0x022b1bbb, 0x8ad87b02, 0xfd08b5ab, 0x02c1c142, 0xfbb005be, 0x026f65ac,
    0xdbb7bacd, 0x67ca6201, 0x0483fba8, 0x2701bbb8, 0xab4c7ffd, 0x01003105, 0xe7ff9000, 0x3a044d06, 0xa5001c00, 0x1e1d1bb2, 0x5e081341, 0x95430cc9,
    0xd143180c, 0x08ad5a0c, 0xd0072508, 0xb22f07b0, 0x5d01076f, 0xcf07bfb4, 0xb25d0207, 0x7101073f, 0xdf07cfb4, 0xb2710207, 0x7201070f, 0xaf079fb4,
    0xff200b83, 0x10832382, 0x9fb27122, 0x2f200983, 0xb4250482, 0x077f076f, 0x0dbc5a02, 0x934d1920, 0x12b2230c, 0x29420819, 0x23112306, 0xfa823311,
    0x11413320, 0x33510808, 0x06071617, 0x26062302, 0xfe430327, 0x01b9b906, 0x4d5cb9fa, 0x04047c6c, 0x3017b241, 0xbbe60403, 0x0108b3a7, 0x0433fecd,
    0x012afe3a, 0x6421fdd6, 0xabb50275, 0xb153d1ac, 0xf1feea79, 0x00bbb704, 0xff760001, 0x05a004eb, 0x002200c5, 0x2315b249, 0x151b4724, 0x752f0021,
    0x59180646, 0xb0210dad, 0x0c245000, 0x5b1bb221, 0x05340666, 0x27022422, 0x24123411, 0x07173233, 0x02222326, 0x16141515, 0x4206c441, 0x400805d8,
    0xfea4b902, 0x940295f8, 0xdca50a01, 0xa2863b87, 0xb062d7ac, 0x03968d71, 0x26ba3503, 0x7b020113, 0x019b15de, 0x1001ad18, 0x9d1e01af, 0xfe448a58,
    0x83fed2fe, 0x990275d5, 0xb3cf9a86, 0xc9885b5b, 0x2cb9826d, 0x03ebff65, 0x004e04c7, 0xb246001e, 0x0ab77f13, 0x85181320, 0x374c0ba7, 0x0bcb4707,
    0x0b05b222, 0x4907656c, 0x30330aae, 0x36362531, 0x33273437, 0x06060716, 0x35002223, 0x70363435, 0xc083082e, 0x51023208, 0x14025a60, 0x04011cb2,
    0xfedcadc4, 0x8bd676f0, 0x632c60b9, 0xa69b838a, 0x59500282, 0x5696727a, 0x3201a999, 0xf9971ef7, 0x3a90428c, 0xab1fb3dc, 0x2da582db, 0x05e7ff23,
    0x00b00547, 0xb24f0018, 0xe7591905, 0x45002305, 0xdd4cb058, 0x08e4590c, 0x2410dd4c, 0xb0d005b0, 0x0ce25915, 0x020eb223, 0x060f4215, 0x15213523,
    0x050b4221, 0x49271221, 0x3208074f, 0xfe012726, 0x800425fe, 0x4c5c1cfe, 0x42089486, 0x032b1bba, 0x89d97902, 0x0508b7aa, 0xfc9e9e12, 0x02726048,
    0xdb6e01d0, 0x67ca6201, 0x0484f9a9, 0x8200bcb7, 0xff4626a5, 0x04b704e7, 0x20a5843a, 0x51a58f16, 0x12230c92, 0xa4b0593e, 0x021521a5, 0x3722a590,
    0x30482736, 0x012d0809, 0x039afeac, 0x5e95fe8b, 0x0377714d, 0x2ab24004, 0xe804011b, 0x08b3aab9, 0x9696a403, 0x7463b5fd, 0x97899d02, 0x3c8c7dae,
    0xb904efd0, 0x2ea382b9, 0x04ecff96, 0x00c505ff, 0xb2720029, 0x422b2a24, 0xec5b08a9, 0x08ef410c, 0x120a6218, 0x82160b21, 0x18b02033, 0x180c0a62,
    0x220bc0d6, 0x83252610, 0x0a62181f, 0x16143716, 0x35363233, 0x06061433, 0x35242023, 0x26262534, 0x21243435, 0x3d681632, 0x144a0808, 0x15331716,
    0x01060623, 0x9bb0cf58, 0xfe8dc1cc, 0xfefbfe9d, 0x781401c4, 0x01250186, 0x8cf59306, 0xa792c1c1, 0xc4a3adc2, 0x01b5b1c4, 0x98927892, 0x67be8374,
    0x56ffc5e5, 0xc465a630, 0x75ba65db, 0x76888f67, 0x9e027d75, 0x5d527e02, 0x054b2305, 0x5d5205ac, 0x54022408, 0x83004504, 0xfe2c2417, 0x52bb044b,
    0x023f095d, 0x00540354, 0x00020000, 0x0270046f, 0x00d605c9, 0x000d0005, 0x0bb00023, 0xd007b02f, 0x5d2f07b0, 0x3c0805b5, 0xb0100bb0, 0x04b0d004,
    0xd005b02f, 0x2f05b019, 0x01313018, 0x03153313, 0x15330123, 0x26071716, 0x74910135, 0xfe59dfc4, 0x5003a8de, 0x9404b249, 0xfe154201, 0x5b5201c3,
    0x5f3b557b, 0x2a7583bb, 0x021f0225, 0x00b6020d, 0x84110006, 0x2f0f8f85, 0x048b02a3, 0x0022038d, 0xd9af0146, 0x40cd4c00, 0x91243383, 0xc9058b02,
    0x84241385, 0x40666600, 0x0d24a583, 0xa1036bfe, 0x032aaf82, 0x08000700, 0x0205b200, 0x8a822b03, 0x84352121, 0xa1032501, 0x94036cfc, 0xfe2f0383,
    0x9767976b, 0x00010000, 0x01310460, 0x82130678, 0xb221242b, 0x460a0908, 0x20260db7, 0x05b2593e, 0xfc4f0009, 0x37468205, 0x15070617, 0x36343523,
    0x5d6a0e01, 0x0661b803, 0x937f4813, 0xc8667488, 0x30264782, 0x47011604, 0x47900006, 0x1b2f0424, 0x478304b1, 0x04090022, 0x3a05604e, 0x27133130,
    0x33353736, 0x99060615, 0xb7035d69, 0x16046101, 0x90908248, 0x82c76482, 0xfe242647, 0x003b01e5, 0x204782b5, 0x248f881f, 0x04b12f09, 0x09ab4f05,
    0x066b0020, 0x31458605, 0x698d0614, 0x63b9035b, 0x7f49e5fe, 0x65647692, 0x458200ca, 0x8d824f20, 0x8d846720, 0xb0000c24, 0x9a412f08, 0x08c08205,
    0x17161531, 0x27262607, 0x04060135, 0x5f4d6a5d, 0x93000602, 0x40487f90, 0x008761c2, 0x6800ffff, 0xbb023104, 0x26001306, 0x00088401, 0x84010700,
    0x83004301, 0x043c2417, 0x82860216, 0x0126234d, 0x17830c85, 0x3f01852e, 0x02000000, 0xd3fe2400, 0xf6006402, 0x1126ab82, 0x0ab23100, 0xe0831312,
    0xb0100a27, 0xb000d005, 0x61b39212, 0x8b4f0566, 0x08054105, 0x17061422, 0x87050e41, 0x82dd20c8, 0x61ba2bce, 0x8948d3fe, 0x6ca4b999, 0x078440d3,
    0x82d16b21, 0x00462ad5, 0x05240400, 0x000b00b0, 0x7141184c, 0x0c9b7d12, 0x2015f661, 0x0d3f490a, 0x0e4d5318, 0x1133113b, 0xfe240421, 0x70feba6c,
    0x01ba9001, 0xfca10394, 0x99a1035f, 0x8afe7601, 0x247d8200, 0x0460fe57, 0x227d8234, 0x857e0013, 0x0cdb5b7d, 0x0e24708c, 0x0eb11b2f, 0x200c776e,
    0x06a84a14, 0x200c7559, 0x06096e04, 0x0c715e18, 0x2c600e20, 0xd0093a0d, 0xb0d010b0, 0x06b0d011, 0xd012b010, 0x30d013b0, 0x11212131, 0x35211123,
    0x82038421, 0x821520b3, 0x34042809, 0xfeba6afe, 0x838d0173, 0x01ba2403, 0x826afe96, 0x01602503, 0x0a0397a0, 0x9922c084, 0xc383f6fc, 0x17028a37,
    0xcb032202, 0x17000d00, 0x0f0e0ab2, 0x00391211, 0xb02f03b0, 0x0a9c4c0a, 0x36343808, 0x15163233, 0x23061415, 0x8a352622, 0x725b5c6f, 0x6f5d5e6e,
    0x70570403, 0x57255d6d, 0x00586f6e, 0x9400ffff, 0x2f03f5ff, 0x2600d100, 0x00041200, 0x12000700, 0x8600b901, 0xce042117, 0x27201788, 0x1f831785,
    0x00580335, 0x00010000, 0x01020252, 0x00d5022c, 0xb219000b, 0x860d0c03, 0x09b1217f, 0x2109dd42, 0xd46c3130, 0x25808406, 0x36363652, 0x04823838,
    0x6b022508, 0x2d3d3d2d, 0x003c3c2d, 0x44000600, 0x5707ebff, 0x1500c505, 0x27002300, 0x43003500, 0xbc005100, 0x535202b2, 0xb0254f82, 0x1bb01002,
    0x200583d0, 0x20058426, 0x20058428, 0x20058436, 0x069d5049, 0x600c864a, 0xb02407f1, 0x03b0d003, 0x3407d344, 0x0eb01012, 0x2f0eb0d0, 0xb01019b0,
    0x20b0d020, 0x1224b22f, 0x255d8319, 0x26b22f24, 0x09831219, 0xb02f2627, 0x2bb11012, 0x09974304, 0xb1100323, 0x290e8a32, 0x39b0102b, 0x1032b0d0,
    0x408240b0, 0x47b11022, 0x19231a8a, 0x894eb110, 0x3130270e, 0x33363401, 0x78411732, 0x06272509, 0x35262223, 0x8a411584, 0x27012408, 0x46031701,
    0x35270523, 0x22232634, 0x8c051506, 0x8c01200d, 0x032e080d, 0x9883a737, 0x83974f4d, 0x9982a7a8, 0x82974c4f, 0xa70dfdaa, 0xa5a78483, 0x01aa8284,
    0xc7026869, 0x4a58b368, 0x49575648, 0xcb015947, 0x09834958, 0x57483b08, 0x4a5842fb, 0x4a565747, 0x65015848, 0x7979a983, 0x83478ba8, 0xa77878a9,
    0x837b038b, 0x4888aaaa, 0x8ba7aa81, 0x04421cfc, 0x37fc4272, 0x5563654f, 0x63644f4a, 0x654f4a54, 0x09825266, 0x53642908, 0x654eea02, 0x4e495562,
    0x00536566, 0x6c000100, 0x20029900, 0x0600b503, 0xb0001000, 0x02b22f05, 0x12110507, 0x2f02b039, 0x0138ef82, 0x01350123, 0x011e0133, 0xd9fe8d02,
    0x028d2701, 0x0173fe26, 0x85011384, 0x59243782, 0x0e029800, 0x00253787, 0x0703b22f, 0x05756900, 0x13313024, 0x39821501, 0x01e70135, 0x8ed9fe27,
    0xfefe0201, 0x7bfeb503, 0x017bfe13, 0x828f018e, 0x003b2e39, 0x056a036e, 0x00030022, 0x00b00009, 0x246a842f, 0x17012737, 0x20ef83a3, 0x34b7836e,
    0x00ffff00, 0x029b0236, 0x03b005bb, 0x00200207, 0x009b0200, 0xb75c1813, 0x3e1e270a, 0xd00db059, 0xbf833130, 0x8b027a2c, 0xba05f802, 0x54000f00,
    0x59180ab2, 0x28830fd9, 0x7708b467, 0x16200ce6, 0x2406e943, 0xb11b2f06, 0x230c8206, 0x030d01b2, 0x1022bf84, 0x70550ab1, 0x2bcb8209, 0x20333617,
    0x11231111, 0x07222326, 0xfa3b0682, 0x01924a1e, 0x8d03aa04, 0x05aa2c6e, 0xfe8a7bab, 0x010bfec6, 0xfd6db9e6, 0x822003ce, 0x005b2cdb, 0x05680400,
    0x002900c4, 0x4821b29a, 0xcb420a9b, 0x2673840c, 0xb2593e12, 0x83061929, 0x71292073, 0x72670dc9, 0x08b0220d, 0x05685cd0, 0xd00eb027, 0xb01029b0,
    0x2d058410, 0x15b0d015, 0x150fb62f, 0x152f151f, 0xab185d03, 0xb0250b4d, 0x1db01019, 0x180582d0, 0x330bbd87, 0xb01015b0, 0x12b0d024, 0xd026b010,
    0x21013130, 0x21071417, 0x0babb318, 0x35232724, 0x52442733, 0x42232005, 0x173b05b5, 0x17211521, 0xfe150321, 0x023e03b1, 0xf8fb01dd, 0x0232284d,
    0x04a6aa03, 0x18069da2, 0x0808b7b3, 0x5c01062e, 0x0104a9fe, 0x44d60153, 0x9d9d5b9a, 0x08608309, 0x7d887d45, 0xd4eec7b7, 0x9a7c6bb1, 0x887db77d,
    0x1f000500, 0x36060000, 0x1b00b005, 0x23260982, 0x29002600, 0xcb41b300, 0x18172005, 0x200b0a85, 0x200c821a, 0x07a2411a, 0x08898318, 0x0ce65a18,
    0x170c1035, 0xb0391211, 0x14b02f10, 0x2f14b0d0, 0x1f140fb4, 0x835d0214, 0x2f2426d8, 0xb0d018b0, 0x067b7218, 0x5014b021, 0xb02a0c40, 0x23b0d01f,
    0xd003b0d0, 0x9f4e10b0, 0x052c4406, 0x82056e47, 0x9b601814, 0x0bb02c0b, 0xd029b0d0, 0xb2d007b0, 0x820c1726, 0x27b2236d, 0x06821a09, 0x01313026,
    0x15231533, 0x112a0382, 0x11210123, 0x35231123, 0x03823533, 0x82331121, 0x2e03820d, 0x33052327, 0x33252135, 0x23350127, 0x82df5705, 0xfec22600,
    0xc062fec1, 0x080082d9, 0x5101c020, 0xfcbf8f01, 0x613b0161, 0xcc1402da, 0x4cfed4fe, 0xe0027777, 0x98ac0368, 0x18fe9894, 0x0383e801, 0x24080a82,
    0xfcfd0402, 0xd0fc0402, 0x98949494, 0x9fe7fcb6, 0x00020000, 0x06ecffa7, 0x00b00503, 0x0028001f, 0x2923b2a6, 0x248b822a, 0xb01023b0, 0x06234511,
    0x240cf34a, 0xb11b2f1a, 0x0c9a501a, 0xc16a0c87, 0x084c5b0c, 0x67471e20, 0x100a210d, 0x0b607718, 0x1000b02c, 0xb0d00eb0, 0x21b2d00f, 0x75831614,
    0xb12f2122, 0x0a686318, 0x101eb02a, 0xb0d01db0, 0x16b02f1d, 0x230c4664, 0x23013130, 0x09057f18, 0x11352630, 0x07060623, 0x11231123, 0x17163221,
    0x01821133, 0x5f590120, 0x27280805, 0xcafe0523, 0x34234136, 0x7c464901, 0xe7148f7e, 0x01b9c9c7, 0x14edca79, 0xfbcaba8f, 0x8b8bc062, 0x03cb8487,
    0x4161fdab, 0x07e8bc18, 0xbdb72908, 0x05cbfd02, 0x01b6c0b0, 0xfefafe06, 0x98978d92, 0xffff028e, 0xecffa800, 0xb0051008, 0x36002600, 0x07000000,
    0x55045700, 0x1f240784, 0xcc050000, 0x1f321782, 0x27002300, 0x30002b00, 0x3a003500, 0x39b2fe00, 0xcd833c3b, 0xb0103925, 0x82b0d01e, 0x84222005,
    0x84272005, 0x842b2005, 0x842d2005, 0x41332005, 0x9f4d0661, 0x0c97420c, 0x1b2f102b, 0x3e1210b1, 0x0208b259, 0x4952830c, 0xb02407c0, 0x04b0d000,
    0x210c9853, 0x2b6408b0, 0x0ab0250f, 0xd012b010, 0xb0271782, 0x06b0d014, 0x8316b010, 0x18b02732, 0x1002b0d0, 0x0b841ab0, 0x0b841c20, 0x23841e20,
    0x23842020, 0x0b842220, 0x0b842420, 0x0b842620, 0x0b842820, 0x83d02a21, 0xd02d234d, 0x878530b2, 0x32235a82, 0x8535b2d0, 0x1004260c, 0xb2d036b0,
    0x2a0c8439, 0x33013130, 0x33033313, 0x82072315, 0x23032103, 0x35240185, 0x35232733, 0x13201582, 0x01241b82, 0x05233733, 0x27270384, 0x23370323,
    0x83251717, 0x014e0804, 0x07272733, 0x58eaa703, 0xa88765c1, 0x66f1d129, 0x58e556b8, 0xccec67b8, 0x6582a329, 0x56f15bc0, 0x7048feb3, 0x7102b823,
    0xfeb3246c, 0x6822aedc, 0x013702d6, 0x01650217, 0xfe1b0235, 0x180132c0, 0x01d40318, 0x9824fedc, 0x1efe98c2, 0x0383e201, 0x11830a82, 0xfcdc0124,
    0x0083c2ca, 0x0a9cfe3e, 0x06d2d206, 0xc402cb07, 0x00b1ad07, 0x8c000200, 0x9e050000, 0x0d003a04, 0x66001b00, 0x18052f44, 0x5e0cb987, 0x155c0c39,
    0x45002308, 0x7c18b058, 0x1120084d, 0x220adc56, 0x4c001105, 0xb021051f, 0x0c8b4100, 0x0a0fb223, 0x05e6630b, 0x0131302c, 0x11171632, 0x26341123,
    0x06822127, 0x33110127, 0x36322111, 0x08068237, 0x07060648, 0xa8afba02, 0x6f65b904, 0x01b9bdfe, 0x3e01b989, 0xb9016771, 0x04ada502, 0xfebfc13a,
    0x7f4c01a3, 0x5ffc0178, 0xc6fb3a04, 0xbbfddd02, 0xaf027e75, 0xc4c24efd, 0x01000002, 0xecff5f00, 0xc4051c04, 0x8b002300, 0x255515b2, 0x0cb9430a,
    0x2208d863, 0x83160923, 0x4623208d, 0x09200d11, 0x820c6d53, 0x0cb027c1, 0x1023b0d0, 0x05840fb0, 0xb0d01f2d, 0x0fb62f1f, 0x2f1f1f1f, 0x185d031f,
    0x210b5caf, 0x1a8210b0, 0x13b01025, 0x5d16b0d0, 0x81620fd1, 0x22232307, 0xcb440300, 0x00122106, 0x2306a651, 0x15210706, 0x03300182, 0x0480fe51,
    0x6674a5b4, 0xf8787814, 0xb206e3fe, 0x38080082, 0xf31d010a, 0x6d14876a, 0x06b1a46e, 0x80fe7f01, 0x1d028001, 0xa022d2c3, 0x0125011e, 0x7d897c0c,
    0x1f010601, 0xcb23a21f, 0x00897dbc, 0x001f0004, 0x05bc0500, 0x001900b0, 0x22ff821e, 0x18bc0028, 0x1812cdda, 0x2008d057, 0x0c295a0b, 0x2824b223,
    0x06c94901, 0x0124702a, 0x2400b671, 0x24202410, 0x1c20de82, 0x4409d441, 0xb2220580, 0x1f831d70, 0x1d101d24, 0x1f821d20, 0x1f8a2020, 0xb0d0212e,
    0x70b22f21, 0xb2710121, 0x5d012120, 0x380cc759, 0x03b01020, 0x101db0d0, 0xb0d006b0, 0x1cb02f06, 0xd007b010, 0xb01024b0, 0x2105840a, 0x1183d00f,
    0x20841220, 0xb0d01424, 0x89742f14, 0x06294105, 0x32213529, 0x15331716, 0x82071723, 0x21062704, 0x15212701, 0x03820721, 0x21013229, 0x01212326,
    0x82c6c0a5, 0x024b0800, 0x36ebb119, 0x0203c3ec, 0xfe6be5c2, 0x0444018c, 0x95026dfd, 0x01aafd3f, 0xfbfdac59, 0x9e544a02, 0x3a02a8fe, 0x3003c6fd,
    0xf4975e97, 0x32977084, 0x01f6972c, 0x975e34b7, 0x56e50159, 0x00010000, 0x0300002a, 0x00b005f8, 0x4169001a, 0x44480537, 0x088a440c, 0xbb5f1920,
    0xd001240d, 0x471018b0, 0xe0830520, 0x820e0a47, 0x101327ec, 0xb0d00eb0, 0x97702f0e, 0x090d220c, 0x05e5460e, 0xd8822320, 0x06230732, 0x15012306,
    0x33270123, 0x21373636, 0x27262137, 0x34080482, 0x40ecca03, 0x982ec911, 0x01dbf612, 0xeefde3ed, 0x9c7df901, 0x2ebdfd15, 0xf6301302, 0x032fe7fe,
    0x5112059d, 0xb4b29e75, 0x020cc4fd, 0x6b017d69, 0x08be9e5c, 0x24c7839e, 0x04eeff20, 0x22c7821a, 0x1890001e, 0x1812aa90, 0x2208c359, 0x82051113,
    0x13b02d82, 0xd017b02f, 0xb22f17b0, 0x5d011700, 0x210c9560, 0x0b49d019, 0x10172b06, 0xb0d016b0, 0x0ab0d00b, 0x4018b0d0, 0x15260e21, 0xd00cb0d0,
    0x17830db0, 0xd012b024, 0xe8820fb0, 0x05b0d022, 0x230c8e65, 0x11051eb2, 0x2e05d965, 0x15013130, 0x23040206, 0x07112722, 0x82353735, 0x33112603,
    0x07153711, 0x2e038215, 0x11123611, 0x021a0435, 0xaff7fe90, 0x82f46c50, 0xfbc02100, 0xbe2f0082, 0x640303c9, 0xa6c7fed2, 0x6f5a0212, 0x82996fb2,
    0x59012703, 0xb273fffe, 0x03829973, 0x02defd27, 0x09011001, 0x2cf58358, 0x0400005d, 0x003a04eb, 0xb25d0017, 0x0a196900, 0x6d0cc444, 0x45220902,
    0xa447b058, 0x085c460c, 0x160a0022, 0x41059050, 0xe4830baf, 0xb0100024, 0xc282d015, 0x1100162e, 0x26352315, 0x23112702, 0x07020611, 0x41080b82,
    0x35370012, 0xe7ff0233, 0x02b90501, 0x8fb9939e, 0x03b9029f, 0xb9df0701, 0xfe217103, 0xb7dafe8d, 0x0501dfc8, 0x0234fd20, 0xf5fe21ca, 0x01c5c6d8,
    0x226d011d, 0x020000c9, 0x00001f00, 0xb0050305, 0x09821600, 0x3d4f7020, 0x5f032012, 0x06220786, 0x94830c03, 0x482f0621, 0x01210c31, 0x05766ad0,
    0xb426c982, 0x0a1f0a0f, 0xb38c5d02, 0x2905e946, 0x0ab0d015, 0xd017b010, 0x8d180cb0, 0x56490f38, 0x32212c0b, 0x04141504, 0x21152107, 0x77322101,
    0x022505f3, 0xbfb1fefc, 0x080082cf, 0xea190246, 0xf9fe1201, 0x01a3fef2, 0x01b1fe4f, 0xa8a29b5a, 0x01a0fe8f, 0x01edfe13, 0x9d899e13, 0xcbeed902,
    0x8901e7d5, 0x8c922601, 0x00019d7f, 0x7a000400, 0x8305ebff, 0x1b00c505, 0x35002700, 0xbb003900, 0x3b3a1cb2, 0x2606f377, 0x1cb0d000, 0x8428b010,
    0x47382005, 0x0a2006f3, 0x0bd58818, 0x0c822520, 0x3e122523, 0x28b68359, 0x03b0d003, 0x0a0eb22f, 0x283c8203, 0x3a0e2ab6, 0x030e4a0e, 0x2118825d,
    0x604e11b1, 0x8918200d, 0x1bb2230e, 0x2d820a03, 0x1b36b434, 0x5d021b46, 0x011b25b2, 0x1025b05d, 0xb0d01fb0, 0x08822f1f, 0x200c9a4e, 0x0c9a4e1f,
    0x2536b222, 0xb0263983, 0x38b22f36, 0x4382250a, 0x2f38b029, 0x14013130, 0x18222306, 0x2a16edba, 0x20363401, 0x14151516, 0x18262006, 0x4e07d5c9,
    0x273a0784, 0xa8021701, 0xa17a7b98, 0x9c797b9e, 0x4142498a, 0x3d414f4d, 0xa710014c, 0xf1180601, 0x063e0e85, 0x69c70269, 0x906e1e04, 0x824789a8,
    0x3a6f91ab, 0x4952664d, 0x3a4c654e, 0xa98347fd, 0x04828ba8, 0x068ba722, 0x3908574e, 0x720442f3, 0x02000042, 0xebff6800, 0x13066a03, 0x21001700,
    0x13b26700, 0xb0832322, 0x33611320, 0x2f0c2409, 0x180cb11b, 0x230f75a1, 0x000c06b2, 0x20124842, 0xd5881813, 0x06b0210f, 0x32424883, 0x22052a10,
    0x23063526, 0x11373235, 0x06954f36, 0x15070227, 0x03331614, 0x06ba6f36, 0x02074b08, 0x62d2c2cc, 0x015f716e, 0x9778859d, 0x706babce, 0x306759db,
    0x15036726, 0xb01cebea, 0xb2240223, 0x2593adc6, 0x6b8ffec1, 0x028d9a62, 0x7bf55563, 0xd14c5227, 0xa2000400, 0xc6070000, 0x0300c005, 0x1e001000,
    0xa6002800, 0x7b4b1fb2, 0x101f2505, 0xb0d001b0, 0x04200582, 0x874b0584, 0x82272007, 0x4c2720dd, 0x252007bd, 0x25200c82, 0x07200c87, 0x180b1b7d,
    0x200c914f, 0x071a5d20, 0xb0100725, 0x66b0d00d, 0x102505da, 0xb15d0102, 0x09814e01, 0x100db024, 0x0e8a14b1, 0xb1100723, 0x2a0e891b, 0x202521b2,
    0xb2391211, 0x45252026, 0x212205be, 0x04422135, 0x22232108, 0x20070542, 0x06054237, 0x23016208, 0x11231101, 0x33110133, 0x99fda407, 0x75fd6702,
    0xbb3801ba, 0xba9e9cb9, 0x54565fa3, 0x555f015d, 0xbcfe5f54, 0xb9affdcc, 0xb75402cb, 0x028e9c01, 0xbbbe9b3d, 0xba9d5da3, 0x6205a1bb, 0x65606a6b,
    0x636b6b61, 0x6e049bfb, 0xb00592fb, 0x71048ffb, 0x00020000, 0x04970367, 0x00b00538, 0x0014000c, 0x0adb756e, 0x5f070141, 0x13200c98, 0x1320f482,
    0xb2231982, 0x5e061501, 0xb22305d0, 0x82010900, 0x03b22209, 0x25108401, 0x08b2d004, 0x1a840901, 0x0bb01028, 0x1006b0d0, 0xac180db0, 0x012608f3,
    0xd00fb010, 0xc9180db0, 0x03220930, 0xd1830323, 0x33131326, 0x23012311, 0x2b080a82, 0x03213523, 0x8c348cde, 0x9090705a, 0x0bfe5a70, 0x01945b93,
    0xfe210582, 0xfe890176, 0xfe190277, 0xfd8f0171, 0xfec801e7, 0x51c80138, 0x9830bb82, 0x9304ecff, 0x15004e04, 0x65001c00, 0x1e1d02b2, 0x02217883,
    0xd34b1810, 0x0c2f5408, 0xbb820220, 0x3e120227, 0x0a1ab259, 0x24278302, 0x0fb12f1a, 0x0958520a, 0xb1100223, 0x210e8913, 0x248515b2, 0xb1100a23,
    0x08158916, 0x25313066, 0x26222306, 0x12343502, 0x16323336, 0x21151716, 0x32331611, 0x07220137, 0x26112111, 0xbbb71604, 0x9087f491, 0xe38584f8,
    0x00fd0384, 0xacc49a77, 0x7a9790fe, 0x5e731c02, 0x01019d72, 0x03018f93, 0x90f38b9f, 0x6eb8fe3e, 0x7a2a037a, 0x1e01ebfe, 0xffff0071, 0xf5ff5400,
    0x9b05b305, 0xc6012700, 0x8602daff, 0x942e0782, 0x0000e600, 0x24020701, 0x00001403, 0x97411000, 0x82052005, 0x1e0525c1, 0x3130593e, 0x642e3382,
    0x5306f5ff, 0x2700b405, 0x26001f02, 0x33839402, 0x86a50121, 0x89b42033, 0x820e2033, 0x870e2033, 0x82632033, 0x05492233, 0x243382a4, 0x02080021,
    0x2033848f, 0x20338683, 0x203389aa, 0x20338201, 0x20338701, 0x209b8259, 0x223384fd, 0x861f0023, 0x86202033, 0x935e2033, 0x02003d9b, 0xebff6a00,
    0xec053204, 0x2a001b00, 0x15b25e00, 0x12112c2b, 0x1015b039, 0x00d023b0, 0x5b071e71, 0xb223072b, 0x47150d00, 0xb2220521, 0x09840003, 0x6f100d21,
    0x00220cb2, 0x344ab110, 0x6e15200b, 0x012c0e8e, 0x2e171632, 0x07222302, 0x33363727, 0x5b05e868, 0x002006f6, 0x08052074, 0x32331665, 0x27353536,
    0x3c022626, 0x0e3aa65d, 0x8160a669, 0x7431109b, 0x01070197, 0x90de781f, 0x01f8feda, 0x9f8ce400, 0x9f8e8a9f, 0x03a01c04, 0x8c444dfe, 0x973b79d9,
    0x4efe3015, 0xbc326efe, 0x01a5d6fe, 0xdc0ef623, 0xbb981001, 0xcfaa10a0, 0x0f3ddbf9, 0x01006a5a, 0x2bffa900, 0xb005e504, 0x28000700, 0x7d04b000,
    0x04250e96, 0xd001b010, 0x0f8f7db0, 0x11230524, 0x03821121, 0xb9e5042f, 0x04b936fd, 0xed05d53c, 0x850613fa, 0x244d8200, 0x04f3fe45, 0x254d82ab,
    0x0037000c, 0x4a6203b0, 0x3e1e240a, 0x1803b059, 0x220c3498, 0x4ed005b0, 0x07200f91, 0x0fe69718, 0xfd6b033f, 0xfb8503bb, 0xfd61029a, 0xfc19049f,
    0x024602c7, 0x984afd41, 0x02cc028f, 0xfd9890d2, 0x2a718242, 0x038b02a8, 0x002203eb, 0x781c0003, 0x18230a4b, 0x18b1593e, 0x2e0a9058, 0x21013130,
    0xeb032135, 0x4303bdfc, 0x83978b02, 0x003f24a9, 0x82980400, 0x000824a9, 0x5903b23d, 0xf96d06cb, 0x1cf46706, 0x534f0720, 0x3d58820c, 0x23013301,
    0x21352303, 0xab013002, 0x8de2fdbd, 0x3b01b9f5, 0x94041c01, 0x740250fa, 0x9782009a, 0xebff6226, 0x4e04cb07, 0x2c319f82, 0x71003c00, 0x3e3d07b2,
    0xb0391211, 0x24b01007, 0x200583d0, 0x06ef4734, 0x2e158649, 0x13b0d013, 0xd019b02f, 0xb22f19b0, 0x82041907, 0x16b22139, 0xb0220684, 0x5c53100a,
    0x1013230c, 0x754c29b1, 0xd030270a, 0xb01020b0, 0xa182d039, 0x18021421, 0x2009ab5e, 0x05747602, 0x17163227, 0x32333636, 0x06175600, 0x3537372b,
    0x2223022e, 0x34251506, 0x08068226, 0x15070780, 0x3233021e, 0xcb073536, 0x9189df7e, 0xec5150ee, 0x80de8990, 0x9188df7e, 0xef5051ed, 0x1601ce92,
    0x88a650f9, 0x0b34b972, 0x50927218, 0xf705a686, 0xbc7385a6, 0x75160935, 0xa5885090, 0xff930f02, 0xb1b89100, 0x018fb6b3, 0x93189700, 0xb7920001,
    0xfeb9b1b3, 0xb10df3c1, 0x27a3bcdc, 0x61c0632a, 0xae08b9dc, 0x1fa8bddf, 0x60c5612a, 0x0100b8de, 0x4bfeb0ff, 0x15068e02, 0x3f001500, 0x6f7f02b2,
    0x08474f06, 0x220c1d68, 0x7d593e14, 0xb0210b94, 0x0c67530e, 0x05313022, 0x2208206e, 0x5f341135, 0x2b080733, 0xa4650115, 0x123a399e, 0xb19b212e,
    0x18543ca1, 0x6bb63625, 0x9114a8a2, 0x1905b10d, 0x8e15beaa, 0x0200db0b, 0x18016500, 0xf4030b04, 0x2b248382, 0x1cb29100, 0x2005a968, 0x05a35a1c,
    0xb22f0331, 0x5d01030f, 0xb0d00db0, 0x00b22f0d, 0x8c5d010d, 0x10032884, 0xb0d00ab0, 0x18b02f0a, 0x280d2be4, 0xb0100db0, 0x15b0d015, 0x2908832f,
    0x19b0d019, 0xd023b02f, 0x408223b0, 0x40822320, 0xaf411e20, 0x073c580a, 0x4e19b021, 0x21080c81, 0xb01023b0, 0x2bb0d02b, 0x1331302f, 0x36333636,
    0x33161717, 0x06153732, 0x27272223, 0x06220726, 0x15890707, 0x15891720, 0x83306637, 0x984a5242, 0x66864e42, 0x424e8567, 0x424f44a1, 0x30013083,
    0x25148282, 0x85504495, 0x15830166, 0x524a9822, 0x033d1582, 0x023a3385, 0x801f4e23, 0x531f6dbe, 0x3c44021f, 0x023b33e5, 0x80214d23, 0x4e1f6dbd,
    0x310f8223, 0x00010000, 0x039b0098, 0x00d504da, 0x00390013, 0x5c1813b0, 0xb0250f84, 0x07b01013, 0x260583d0, 0x0fb0d00f, 0x8a10b12f, 0x820820d7,
    0x105e0811, 0x30d00bb0, 0x07210131, 0x35233727, 0x35213721, 0x07171321, 0x07211533, 0xfdda0321, 0x6c5f8eed, 0x950b01ae, 0xfe0160fe, 0xc3775f99,
    0x0194dffe, 0xf48f01b5, 0xffa0b93b, 0x3b0601a1, 0x00ffa1cb, 0x3e00ffff, 0x81030200, 0x66003d04, 0x61002000, 0x9a390040, 0xaf010701, 0x77fd96ff,
    0x55461d00, 0x076a540a, 0x1b2f0829, 0x3e1208b1, 0x83313059, 0x0085263b, 0x04dc0301, 0x223b8250, 0x88730022, 0xfddd223b, 0x203b8776, 0x182e8202,
    0x8a084064, 0x0200313b, 0x00002b00, 0xb005dc03, 0x09000500, 0x08b23800, 0x2005a751, 0xf57a1808, 0x0cb36409, 0x26099a4c, 0x12110300, 0x8408b239,
    0x08fa8206, 0x01013327, 0x01040923, 0x94018cbc, 0xfe8d70fe, 0xfed6016c, 0x011c01e9, 0xfdb00518, 0x0229fd27, 0xfd0f02d7, 0x02f2fdf1, 0x30ad830e,
    0x01a700b5, 0x00f5049b, 0x00120027, 0x00b20025, 0x21078307, 0x8b822404, 0x79026e28, 0x3a043302, 0x13820300, 0x397d2c20, 0x82062012, 0x1a0639c6,
    0x02b0593e, 0xd000b010, 0xb02f00b0, 0x05b0d004, 0x133130d0, 0x01331123, 0xfb3d0382, 0x38018d8d, 0x79028d8d, 0x3ffec101, 0x0000c101, 0xff5c0001,
    0x0057015f, 0x000800ef, 0x0a435e20, 0x04283883, 0x0440b42f, 0x5d020450, 0x30214b85, 0x087b5d31, 0x4869c52d, 0xa14fb102, 0x5c7f6d48, 0x83b35b4c,
    0x003c32b3, 0x06f60400, 0x00260015, 0x0000004a, 0x024a0007, 0x2607822c, 0x001f0002, 0x82cd0300, 0x00152e17, 0xb2850019, 0x111b1a08, 0x08b03912,
    0xa7661810, 0x2f082408, 0x4308b11b, 0x53180cdd, 0x1820144c, 0x18202682, 0x144d7118, 0x19821620, 0x46121621, 0xf045055c, 0x0f49720a, 0xb0100123,
    0xdfdb1813, 0x212a081b, 0xca331123, 0xbdcfabab, 0x7d1fab70, 0xdd697771, 0xba4902dd, 0x8fab03ba, 0x3dcab55c, 0x6b6b329c, 0x55fc8f5e, 0x01003a04,
    0xd1823c00, 0xd182e920, 0x5e001622, 0x20058141, 0x20818212, 0x5ec28712, 0x82180c57, 0x45220986, 0xa888b058, 0x05471220, 0x0e97670d, 0x28056b4a,
    0x3130d00e, 0x22232601, 0x05eb5715, 0x23112108, 0x36353335, 0x05323336, 0x30032311, 0xe7c84c7c, 0xababb9e7, 0x65b1c001, 0x05b92b01, 0x6bd21463,
    0xac829d82, 0xb8ad7628, 0x0028fa3d, 0xa5830200, 0x82320621, 0x002724a5, 0x549f002b, 0x63180ab7, 0x0c870c76, 0xc1822020, 0x5d412020, 0x7bce8407,
    0x0c870cda, 0x26822a20, 0x0c872a20, 0x0c822920, 0x5a122921, 0x232006be, 0x23200c82, 0x27200c87, 0x27200c82, 0x20230c83, 0x4421b110, 0x25240a08,
    0xd001b0d0, 0x200f9741, 0x20e8821b, 0x45de8433, 0x062308a9, 0x18211515, 0x27107fdd, 0x11211123, 0x33112321, 0x0b87dd18, 0x41900121, 0x722d05ae,
    0xdede6977, 0x0470feb9, 0x03b9b992, 0x99dd18ab, 0x05ba4109, 0x5e6c6a2c, 0x0355fc8f, 0x0455fcab, 0xbf41003a, 0x32062705, 0x28001506, 0x17416c00,
    0x0c824205, 0xbc822120, 0xe3872120, 0x0c822820, 0xc9832820, 0x6e102121, 0x26200c4d, 0x2126c984, 0xd012b010, 0xd29004b0, 0xb0100828, 0x28b0d016,
    0xf082b010, 0xb0d01a26, 0x1db0100d, 0xd141e496, 0x41112006, 0x21210ae8, 0x41e18d11, 0xf24106e3, 0x70fe2105, 0xec41de8b, 0x09fd4105, 0x8355fc21,
    0xecff23dd, 0xdd829b04, 0x76002622, 0xd084dd85, 0x1807e841, 0x6f0c29af, 0xf5510c5c, 0x101d2408, 0x82d010b0, 0x7e4318ba, 0x0e93590c, 0xb0100125,
    0x6eb0d00e, 0xb0240d6c, 0x1ab0100e, 0x7759e782, 0x3335280f, 0x27272611, 0x5a111522, 0x342905ac, 0x16323336, 0x04331117, 0x09755996, 0x3dc5c52e,
    0xb9b71866, 0xa0b3abab, 0xca5adb5d, 0x320c6e59, 0x1c1f018f, 0xfbdd0107, 0x8fab0360, 0x39bead70, 0x568afe2c, 0x062e05cd, 0x00110654, 0xb2cd004c,
    0x114e4d16, 0xec853912, 0x1b2f4724, 0xec8747b1, 0x94180f20, 0x4b200b70, 0x4b200c82, 0x2007d741, 0x200c8240, 0xca711840, 0x00b0250f, 0x2cb05845,
    0x2c261982, 0xb0593e12, 0x0041104b, 0x0efa560c, 0xb0100129, 0x47b0d00d, 0x4214b110, 0xb22309df, 0x822c401d, 0x40b02188, 0x230c9549, 0x402c3ab2,
    0x3a211583, 0x8d5b1810, 0x8531200c, 0x102c2315, 0x418934b1, 0x1805b45a, 0x430807aa, 0x26280515, 0x15062223, 0x15021e14, 0x195dd818, 0x26343525,
    0x43262624, 0x06850532, 0x1515163a, 0xca4f0633, 0x01342377, 0x8476424d, 0x6266bcbc, 0x251f5c58, 0x6281ba1e, 0x117cd818, 0xfe712508, 0xe14fa5e7,
    0x2c5660af, 0xc9b99bca, 0xfdab03ca, 0x960c9f7e, 0x0297a614, 0x72558f82, 0x3b465875, 0x4c7c7069, 0x1196d818, 0x4b475608, 0x74543c53, 0x1eb88550,
    0xa57c526e, 0x004dc3c7, 0x5b001600, 0xee0772fe, 0x0d00ae05, 0x28001a00, 0x3d003700, 0x49004300, 0x56004f00, 0x5e005a00, 0x66006200, 0x6e006a00,
    0x7a007600, 0x82007e00, 0x8a008600, 0xc6018e00, 0x908f10b2, 0xb0391211, 0x00b01010, 0x200583d0, 0x2005841b, 0x20058430, 0x2005843c, 0x2005843e,
    0x20058446, 0x2005844a, 0x20058450, 0x20058457, 0x2005845b, 0x20058461, 0x20058463, 0x20058467, 0x2005846d, 0x20058470, 0x20058477, 0x2005847b,
    0x2005847f, 0x20058484, 0x24058488, 0xb000d08c, 0x05ae4c3d, 0x1b2f462f, 0x3e1e46b1, 0x497eb259, 0x7ab22b03, 0x2104827b, 0x04827782, 0x823a7f21,
    0x3d0a2204, 0x3aa98346, 0x03b02f0a, 0x2f03b0d0, 0xb0d00eb0, 0x0ab02f0e, 0xd00fb010, 0xb22f0fb0, 0x830f0e50, 0x2f50241e, 0x4f076fb1, 0xb2230892,
    0x846f5015, 0xb1102234, 0x2415891e, 0xb11003b0, 0x260e8a25, 0x29b0100f, 0x8229b0d0, 0xb0102852, 0x2eb0d02e, 0x8a34b12f, 0x103d231d, 0xbf4f3cb1,
    0x3db02609, 0xd06bb010, 0x82e482b0, 0x3e2708ed, 0x103cb0d0, 0xb0d06cb0, 0x64b0d068, 0xd03fb0d0, 0xb0103ab0, 0x46b0d041, 0xd060b010, 0xb0d05cb0,
    0x4bb0d058, 0x8a4ab1d0, 0xd05a2f3e, 0xb0d05eb0, 0x47b0d062, 0x1049b0d0, 0xc4824eb0, 0x51b11022, 0xb1218c8c, 0x080e8a76, 0xb0107722, 0x7ab0d084,
    0xd085b010, 0xb0107bb0, 0x7eb0d088, 0xd089b010, 0xb0107fb0, 0x82b0d08c, 0xd08db010, 0x21071254, 0xe2433527, 0x11132805, 0x15163233, 0x82160714,
    0x01232804, 0x22232634, 0x62151506, 0x01220575, 0x3d541133, 0x33270805, 0x36323314, 0x33110135, 0x21153315, 0x33353335, 0x21110111, 0x25152315,
    0x23112135, 0x33150135, 0x27343532, 0x82213513, 0x2003851c, 0x200b8a01, 0x231d8313, 0x01232326, 0x82060d59, 0x25332131, 0x4c080b8a, 0x64813903,
    0x7e028066, 0x02806568, 0x7262bc43, 0xd0343254, 0x414a8ffe, 0x424a4a40, 0xba034940, 0x5852695c, 0x29685d6d, 0x71c4f936, 0xc72805c4, 0x016df86f,
    0xec05c435, 0xfc6f3601, 0x62677e5c, 0xfd1601cb, 0xfd15015b, 0x0214015c, 0x280b890a, 0x3a765dbc, 0xf1fc5d3c, 0x22008471, 0x846f2207, 0xd4013d00,
    0x5e787962, 0x787c5f75, 0x02b3fe5e, 0x544d4925, 0x2d460d20, 0x4548019b, 0x70454e4e, 0x28080483, 0x86fe4f01, 0x53515d4e, 0xfc2c365b, 0xca3b01c9,
    0xfeca7171, 0x011f06c5, 0xa9a9741d, 0xa9e3fe74, 0x53a9b6fc, 0x4a030452, 0x21008474, 0x5e8438f9, 0xc403712e, 0xfe1e2950, 0xfa7efcd3, 0x7ef915fc,
    0x003f0685, 0xfd5c0005, 0x08d707d5, 0x00030073, 0x0020001c, 0x00280024, 0x1111b352, 0xb32b0410, 0x821c1104, 0x0a200805, 0x2b041711, 0xb01004b0,
    0x1cb0d01d, 0xd01eb010, 0x2f21b000, 0xb22f25b0, 0x2b031e1c, 0xb01025b0, 0x21051c4a, 0xee531021, 0x7d0d2006, 0x0d3d0579, 0x1e1fb22f, 0x39121102,
    0x302f1fb0, 0x05030931, 0x36373634, 0x26343536, 0x07062223, 0x05dc5433, 0x0607142c, 0x23171506, 0x33033315, 0x03832315, 0x18045508, 0x41fcbf03,
    0x0f0444fc, 0x5c4a241e, 0xa09095a7, 0x3a02cb02, 0x5d38392b, 0xcaca2f5b, 0x04044bca, 0x06040402, 0xfc31fc52, 0xf1cf0331, 0x27183a3a, 0x97804a87,
    0x34337f8b, 0x3c5f3440, 0x5b4c5c41, 0x044cfdaa, 0x00049e0a, 0x00420001, 0x03ab0200, 0x00160020, 0x12bdcc18, 0x15671820, 0x15b1210e, 0x095f5418,
    0xb223c782, 0x820e1514, 0x03b223ba, 0x0682140e, 0x100eb022, 0x11c4cc18, 0x21313025, 0x86013521, 0x231522d0, 0xbdcc1834, 0x016c261c, 0x3145661a,
    0xbbcc183d, 0x007a2a0c, 0x03ef0100, 0x00060015, 0x0a734c36, 0x012b9887, 0x01b11b2f, 0xb2593e12, 0x83010504, 0x2f042382, 0xa28c03b1, 0xc9187f82,
    0x59230dd4, 0x82758039, 0x500025f2, 0x9d02f5ff, 0x0d28f782, 0x48001700, 0x191803b2, 0x18050364, 0x20080950, 0x2059820a, 0x4c66870a, 0xb0240763,
    0x10b1100a, 0x03215f8a, 0x0b114110, 0x080f8f43, 0x2334273d, 0x14150722, 0x02373233, 0x8b8d989d, 0x8b9b019c, 0x9d02988d, 0x8b04858a, 0x45010484,
    0xa0acaea2, 0xacaea38e, 0xb4c0079d, 0x00b5c2b3, 0xff550002, 0x049a03fa, 0x0013009d, 0x49540020, 0x1c200a29, 0x5a068641, 0x0222081a, 0xae830810,
    0x182f0221, 0x200fbc6c, 0x0c1f4702, 0x5d08b021, 0x06220ffc, 0xae462223, 0x00102908, 0x33352305, 0x36320324, 0x08072556, 0x02161440, 0xaeab65df,
    0xc6bae5cc, 0xfeccfee0, 0x012329d4, 0x834fd794, 0x6869841e, 0xec017c7f, 0xb4b0d76e, 0x3fe2fee4, 0xc0fec1fe, 0x01079805, 0x42404f78, 0x6c8f9e84,
    0x03008b6d, 0xf0ff6000, 0xbb82ad03, 0x21001526, 0x65002c00, 0x1324bd85, 0x13b11b2f, 0x9a4bbd87, 0xd02a2b08, 0xb22f2ab0, 0x5d012adf, 0x04821fb2,
    0x0bed6118, 0x2a03b223, 0x23d98219, 0x2a190eb2, 0xb0210682, 0x0c295a09, 0x4713b021, 0x30270cd1, 0x06140131, 0x58161607, 0x342305f5, 0x83263736,
    0x162027da, 0x23263403, 0xf8440622, 0x080b8805, 0x0336324b, 0x62556390, 0x84fee873, 0x556271e9, 0x6201d660, 0x6c839cda, 0x6e7f806b, 0x741e806d,
    0x6f6e5e5d, 0x5a0370be, 0x26268756, 0xb5976293, 0x926399b3, 0x56862627, 0xfdafaf94, 0x6c6e5658, 0x67645b58, 0x644e6502, 0x62505161, 0x05354363,
    0x04c0032b, 0x0006008d, 0x0701b23a, 0x080d4908, 0xf0820520, 0xf0870520, 0x2008e05e, 0x48801805, 0xe9de180c, 0x012d0808, 0x21012301, 0xc0032135,
    0x02c3e8fd, 0x0346fd17, 0xfb24047e, 0x99f403dc, 0x00020000, 0x03f0ff72, 0x009304bb, 0x00200015, 0x2107b265, 0x06bf5222, 0x41d01621, 0x0020055a,
    0x00206982, 0x0e206987, 0x0e250c82, 0xb0593e12, 0x0c434900, 0x0e08b223, 0x25368300, 0x05b22f08, 0x09820e08, 0x0b456218, 0x550eb021, 0x30270c1d,
    0x23150131, 0x44070606, 0x4f080672, 0x26222306, 0x00103535, 0x06220321, 0x16141507, 0x26343632, 0xc81e0003, 0x96340ee0, 0xdfc9ae4e, 0x01eac2be,
    0xd03c0140, 0x89208350, 0x047b7ed2, 0xb8039c93, 0xd73f39b1, 0xfbdeb0ae, 0x3f014bd4, 0xd8fd4a01, 0x8a28404d, 0x86d885a4, 0x80000100, 0xc528cd82,
    0x1d008d04, 0x1ab26b00, 0x200a7d74, 0x20b88201, 0x18c58701, 0x2008f04d, 0x0d2f4101, 0x0d010722, 0x3e140519, 0x14151622, 0x2723d083, 0x64161633,
    0x3c080583, 0x07072223, 0xa80245a4, 0x6325f4fd, 0xdfd7b873, 0x0deaabc4, 0x62800eb2, 0x738c7970, 0x02294269, 0xa24a0243, 0xd230dffe, 0xb1d2b2b4,
    0x82565b97, 0x2a7f6a71, 0x0002001b, 0x03000030, 0x28c782e4, 0x000e000a, 0x0f0eb250, 0x05f74410, 0x4109b021, 0x09200695, 0x0920cf82, 0x5c54cf87,
    0x01b22307, 0x27830409, 0x9c180120, 0xb0200c01, 0x086a0619, 0x1e840d20, 0x08056866, 0x1123113b, 0x33012721, 0x07112101, 0xafaf3503, 0x03b8fdba,
    0xfdc34202, 0x1a8501c1, 0xfe979d01, 0x730601fa, 0x10fd1403, 0x002ffc01, 0xff4e0001, 0x049f03f0, 0x0026009d, 0x2720b28f, 0x08854228, 0x85820e20,
    0x85870e20, 0x0c821920, 0x3e121927, 0x0e01b259, 0x36858519, 0x0101bfb2, 0x01afb45d, 0x710201bf, 0xef01dfb4, 0xb45d0201, 0x832f011f, 0x016f2706,
    0x7202017f, 0x47570eb0, 0x100e260d, 0xb0d00ab0, 0x0c7d4301, 0x2514b223, 0x214e8301, 0x74681019, 0x20ca8311, 0x0af34532, 0x18323321, 0x2309d166,
    0x33352622, 0x08059348, 0x2321343a, 0x767a6001, 0x62706c81, 0xb3e6b97f, 0x5b65dabc, 0xbdc1e9d5, 0x6c83b9ea, 0xecfe7f70, 0x639b0271, 0x5b605354,
    0xafb48c4d, 0x25894f9c, 0xba9ad140, 0x634f96b3, 0x00c35b62, 0x0023fb83, 0x82ca0300, 0x001825fb, 0x1909b256, 0x20095573, 0x20ee8210, 0x20fb8710,
    0x06b57400, 0x0c806318, 0xb2d00225, 0x4a001003, 0xa65e05fc, 0x1010280c, 0xb2d00cb0, 0x82100016, 0x06b7461b, 0x2b08c491, 0xca032101, 0xab019ffc,
    0x5e745d67, 0xf5ba8579, 0x63d6b6c3, 0x02b8fe9b, 0x9d01837e, 0x52418b5e, 0xa56b7069, 0x5195bace, 0xe9fea1ae, 0x9827a783, 0x9d020000, 0x18009004,
    0x8f149fd0, 0x04b221a7, 0x099fd018, 0x2309a44c, 0x050302b2, 0x23329285, 0x25350511, 0xba9d0233, 0xeb01b5fe, 0x63af031a, 0x5e82a59f, 0xff630031,
    0x04ab03f0, 0x000d009d, 0xb2480018, 0x461a1903, 0x6b8713cb, 0x890ccb46, 0x03b02164, 0x080cc975, 0x01313053, 0x22230214, 0x34352702, 0x12323312,
    0x23102717, 0x14151122, 0x11323316, 0xcbd8ab03, 0xd902dac9, 0x03d7cbca, 0x7aeaebba, 0xf101e972, 0x01f7fef8, 0xf9b6f405, 0xfefe0501, 0x49010fef,
    0xa7e1b3fe, 0x005301a8, 0x00470001, 0x04e00300, 0x0009008d, 0x05b84446, 0x1b2f0724, 0x8c8707b1, 0x585b0220, 0x0ba06306, 0x4904b221, 0xf418051a,
    0x2f32212f, 0x67fcb102, 0x71fd9802, 0x97977803, 0x9978037c, 0x71820079, 0x00000d24, 0x71821c04, 0x31000822, 0x64447185, 0x437e8c0c, 0x002508a1,
    0x12110401, 0x3ef48239, 0x11013301, 0x33011123, 0x38011402, 0xb952fed0, 0x02d058fe, 0xfd43024a, 0x0169fe0a, 0x83eb02a2, 0x8226205f, 0x8231205f,
    0x000b225f, 0x205f9253, 0x20d1820a, 0x0f01440a, 0x5818b020, 0x6c850c34, 0x8406b221, 0x03b22373, 0x7a820600, 0x0609b223, 0x18818800, 0x0808f3f5,
    0x1f012822, 0x0175fedc, 0xd5fedc99, 0x01dcd8fe, 0xdb73fe96, 0xb301da02, 0xb5fdbefd, 0x45febb01, 0x42024b02, 0x31249183, 0xf1050000, 0x12249182,
    0x0eb26000, 0x0a77a318, 0x8b820320, 0x8b870320, 0x0c820820, 0x0c870820, 0x0c821120, 0x0c871120, 0x200c7e62, 0xab7a180f, 0x0a032108, 0xb2219082,
    0x20068506, 0x2706840d, 0x17013130, 0x13331337, 0x0d4ef718, 0x0baf2a08, 0xf4a5f80f, 0xb8c60c0d, 0xfeaed6fe, 0xfe0101fc, 0xd7feadf4, 0x502601b7,
    0xfc770340, 0x03503b86, 0x0373fb65, 0xfc050595, 0x27a4826b, 0x14000100, 0x53040000, 0x8c0ba141, 0x0ca141a8, 0x20082464, 0x06034301, 0x013a8082,
    0x01230133, 0x191a0233, 0xc640011a, 0xfead37fe, 0x2401c737, 0x6b035c5e, 0x5f8573fb, 0xf0ff7424, 0x0a820a04, 0x3d001122, 0x0c279618, 0x410c3347,
    0xe9710c0f, 0x500d2008, 0x344d0c1b, 0x11272105, 0x08627818, 0xfa0a043e, 0x03f6d2d1, 0x83858fb7, 0xfc8d048f, 0xd3dbb6f4, 0xfc1403b6, 0x7f8179f4,
    0x000c037b, 0x2824db82, 0xfd030000, 0x07227b82, 0x1d422f00, 0x2f062405, 0x4206b11b, 0xb0210fef, 0x0d816b06, 0x30d0043b, 0x11210131, 0x35211123,
    0xfefd0321, 0x73feb971, 0xf403d503, 0xf4030cfc, 0x2a558399, 0x03f0ff43, 0x009d04dd, 0x855d0025, 0x0c684655, 0x08e47518, 0x091c0222, 0x25053649,
    0xb0d00db0, 0x14581009, 0x4302200c, 0xb0250cdf, 0x20b0101c, 0x180582d0, 0x820bc9ad, 0x26342383, 0x214a2724, 0x10fe5007, 0xba452420, 0x03500806,
    0xdafe7923, 0xbff3c356, 0x8db9f9c4, 0x7b867179, 0x56b03801, 0xfecfc7f3, 0x8c9abaef, 0x2a01827e, 0x2b4a5850, 0xb28fb362, 0x6b629cc8, 0x58415059,
    0x5b886550, 0xa2cba993, 0x005b7266, 0x8a000200, 0x25040000, 0x0d008d04, 0x63001600, 0x181715b2, 0x2006e35d, 0x0b955b05, 0x18103241, 0x220cb871,
    0x6902040f, 0x394405bc, 0x000a220c, 0x18158304, 0x410d3752, 0x32270759, 0x07141516, 0x6c231501, 0x29080686, 0x5a022323, 0x01b9e9fe, 0xebe7d5aa,
    0xfdc62001, 0x8975f6e4, 0x01f07e86, 0x043ffec1, 0xe4aaba8d, 0x0a1efe59, 0x5d6d5802, 0xb1826e64, 0x36ff592e, 0x9d045704, 0x21001300, 0x08b24f00,
    0x1805e362, 0x460a61a2, 0x08210c75, 0x0508592f, 0x0803b223, 0x06664610, 0x56421720, 0x08b02309, 0x9a18b110, 0x142a0d63, 0x07170706, 0x22230625,
    0x1d601100, 0x11002505, 0x23263427, 0x08057849, 0x36323340, 0x70550435, 0xfe7cd866, 0xe44636f9, 0xe87fe5fe, 0x1501ea96, 0x949cacb7, 0x98ae04ac,
    0x2402aa9c, 0xa046f3a6, 0x010dc76f, 0x3e080131, 0x8a0301a9, 0xf9fecdfe, 0xcfd2c606, 0xd8c255b9, 0x6f41c7d3, 0x041b2406, 0x820a008d, 0xb24f24bf,
    0x5115140a, 0xb021051a, 0x066f410c, 0x4d0c7e43, 0x0b220852, 0x27830103, 0x795a0b20, 0x0d6b5b0d, 0x01313022, 0x2405e16d, 0x23061415, 0x07b06525,
    0x43012208, 0xccd301b9, 0xfed6eaf2, 0x7c1a01e8, 0xfe778888, 0xfeb601e1, 0xc78d044a, 0x98beaaa8, 0x7760646a, 0x30958201, 0x04f0ff60, 0x009d045a,
    0x001b000d, 0x1c03b248, 0x06b5461d, 0x45075963, 0xb5460c49, 0x8f4d180b, 0x0c03690c, 0x102d8e82, 0x00222300, 0x00103511, 0x17003233, 0x0c045107,
    0x5a044108, 0xe5e8ecfe, 0x1701e7fe, 0x1301e9e5, 0x9bacb702, 0x97b0af96, 0x2402a99c, 0xd1fefbfe, 0x07013201, 0x0102013e, 0xffd0fe34, 0xd6d2c605,
    0xd7c342c5, 0x0100c7d3, 0x00008a00, 0x8d045804, 0x45000900, 0x4b057b43, 0x46440ce4, 0x0c3d760c, 0x1908985a, 0x3418f201, 0xfdb85804, 0x02b9b9a3,
    0x6c03b85d, 0x8d0494fc, 0x6d0393fc, 0x21718500, 0x71827705, 0x60000e26, 0x100f01b2, 0x430df378, 0x68460c17, 0x20928414, 0x06334e12, 0x08755118,
    0x03190120, 0x7a2e230e, 0x85018701, 0xfe13b8f1, 0x73fe8872, 0x9282b813, 0x8f037130, 0x910173fb, 0x5afc1502, 0xeffda203, 0x97826ffe, 0x8a000126,
    0x8b030000, 0x05220982, 0x13412900, 0x2f042405, 0x8c04b11b, 0x4380829a, 0x30300b9b, 0x15212531, 0x01331121, 0xfc480243, 0x9797b9ff, 0x04214787,
    0x20098257, 0x0731780c, 0x5b41478c, 0x072a480c, 0x4500b024, 0xf66db058, 0x00b22a07, 0x12110802, 0x0206b239, 0x20068304, 0x080d840a, 0x01313035,
    0x11231107, 0x01371133, 0x23010133, 0xb993d601, 0x8d0182b9, 0x0221fee3, 0x0702e101, 0x0487fe8e, 0x90d5fd8d, 0xf9fd9b01, 0x00007afd, 0xff2b0001,
    0x824d03f0, 0x000f2485, 0x7405b236, 0xd4870f49, 0x083b7418, 0xb0d00923, 0x73481805, 0x095e530f, 0x3233163c, 0x92023536, 0xc2b1d4bb, 0x7271badb,
    0x8d046e5c, 0xc59dc5fc, 0x665ea4b7, 0x6b825f6d, 0x00009724, 0x6b825101, 0x075d0320, 0x0f084a0c, 0x21313022, 0x0123c082, 0x46baba51, 0x834205d1,
    0x500b2007, 0x55460717, 0x0c29430c, 0x480c8342, 0x092f08e0, 0x12110a00, 0x09b07c39, 0xa3b2182f, 0x185d0109, 0x840bff45, 0x1121216c, 0x11377082,
    0x04331121, 0xa4fdb958, 0x5c02b9b9, 0xfef201b9, 0xfd8d040e, 0x820302fd, 0xff6326b7, 0x043504f0, 0x22b5829d, 0x4d0ab262, 0x7b8c0ac1, 0x2208f242,
    0x82030a1d, 0x1db0256e, 0x1d0db22f, 0xb0217883, 0x0d8c460a, 0x4b100321, 0x1d230c92, 0x661ab110, 0x303009db, 0x06062531, 0x27002223, 0x33001035,
    0x23171632, 0x0809c954, 0x21353736, 0x35042135, 0xee97e942, 0x0102e0fe, 0xf2c8f20b, 0xf526b81b, 0xa0b9a69f, 0xe7fe51b6, 0x5396d101, 0xfc2a0153,
    0x0106015a, 0xd9b5bc27, 0xbe54c7ce, 0x90ee4ad7, 0x27055343, 0x8d049b03, 0x43000900, 0x7b1ab142, 0xb2220501, 0x336e091f, 0x0dd5710e, 0x37075146,
    0x21112115, 0xf8fd4b03, 0xfd1103b9, 0x010802a8, 0x040dfef3, 0x98fe998d, 0x2605b147, 0x05dd0313, 0x6d2b0073, 0xb14707c3, 0x070e680c, 0x2202b222,
    0x2607b147, 0x09b0d00c, 0x8310b010, 0xbd4c1805, 0x9c69180c, 0x22b0250d, 0xd01fb010, 0x1c190583, 0xbd4715a7, 0x35372405, 0x7e161533, 0x04200a97,
    0x14250c82, 0x23150706, 0xe84c1835, 0x06c34708, 0x95a6cb24, 0xc447c6a3, 0xa9c32409, 0x47dfba95, 0x82270cc4, 0xdbd910ac, 0x4788c215, 0x823609c8,
    0xe1e110a6, 0x6694c213, 0x01005b72, 0x00003000, 0x9d04ef03, 0x5f182000, 0x142407fb, 0x14b11b2f, 0x2007cf42, 0x270c8207, 0x593e1207, 0x14070fb2,
    0x2106af47, 0xa557040e, 0x01b02608, 0x1007b0d0, 0x498d18b1, 0x08b0270a, 0x1014b0d0, 0x058318b0, 0x471bb121, 0x0f200a34, 0x3037f683, 0x17210131,
    0x07210716, 0x36333521, 0x23273737, 0x26273335, 0x87323336, 0x173a08e9, 0x1d032117, 0x050170fe, 0x01940238, 0x4f0a84fc, 0xa4010109, 0xcb0604a0,
    0xb9cab7b5, 0x685d6068, 0x94010404, 0xcb22f401, 0x1798986f, 0x792246dd, 0xccecc97b, 0x8f7770b7, 0x374c7b8a, 0x92032705, 0x17008d04, 0xb76d6d00,
    0x0c3e4c0c, 0x22084e45, 0x82010c00, 0x08b223d0, 0x61510c01, 0x58b02005, 0x0520059c, 0x2108b168, 0xb67b1008, 0x0eb02309, 0x0f82b0d0, 0xb0d01033,
    0x12b01005, 0x1003b0d0, 0xb0d014b0, 0x16b01001, 0x28d382d0, 0x33013313, 0x15072115, 0x22018221, 0x84213523, 0x30128201, 0xc4fdd101, 0xfed5d4fe,
    0x120103f1, 0xfeb9eefe, 0x350683ee, 0xc7d4fedb, 0x40024d02, 0x07798cfd, 0xdddd7844, 0x02794b78, 0xdf420074, 0x82852006, 0x000526bd, 0x0601b233,
    0x08334607, 0x450c5045, 0x04200843, 0x420c7e4a, 0x032a07cf, 0xb9befd85, 0xf403fb02, 0x49820cfc, 0xa74b0220, 0x00032808, 0xb23d0008, 0x820a0905,
    0x20c18355, 0x06374802, 0xba444e84, 0x05b2230f, 0x27820002, 0x080b8867, 0x21313023, 0x03330121, 0x21010727, 0xc1fb5304, 0x3dadc901, 0xf8fe191a,
    0x8d044302, 0x5e5cddfe, 0x030030fd, 0x070d4800, 0x11000326, 0x61001f00, 0x5005a343, 0x4b420cc8, 0x07022208, 0x2b60820e, 0x2f02b07c, 0x0260b418,
    0x71020270, 0x5d200685, 0x210c3f5c, 0x4618100e, 0xb0210b45, 0x0fed5207, 0x21352123, 0x1a2c4805, 0xfe550327, 0x01e1011f, 0x15324805, 0x99f90123,
    0x1a34486e, 0x230ce34c, 0x0907b238, 0x09b74018, 0x21143341, 0xad1800b0, 0x12250755, 0x07b2593e, 0x050a4e02, 0x23332108, 0x23013301, 0xdb072701,
    0xadc901c7, 0xfec6c901, 0x04191ac0, 0x0373fb8d, 0x005e5c6a, 0x3e000300, 0x4b220482, 0x09828d04, 0x0b000728, 0x04b26600, 0xfe4a0d0c, 0x01b02505,
    0x1004b0d0, 0x45089552, 0x13510ca3, 0x014c1808, 0x830a200c, 0x07b02772, 0x07bfb22f, 0x91435d01, 0x100a210c, 0x260b7465, 0x21213130, 0x82032135,
    0x82132003, 0x4b032b03, 0x0d03f3fc, 0x0277fd43, 0x09834389, 0x7b019826, 0x99490198, 0x21068f42, 0x9b824404, 0x40000726, 0x090801b2, 0x0d97f418,
    0x8c0f3342, 0x10fb68ff, 0x68232121, 0x442606fb, 0xb9b9fdba, 0x9f42ba03, 0x00012206, 0x20ff823f, 0x266382c8, 0xb245000c, 0x880e0d06, 0x0c374863,
    0x38eec018, 0xfe6f2608, 0xfca302b6, 0xfe510177, 0xfd5703af, 0x024a018f, 0x995ffe3a, 0x01b70190, 0xfe9990b6, 0x0003005f, 0x05000060, 0x267f8206,
    0x00170011, 0x425e001e, 0x0a4c05b3, 0x570f2015, 0x0f2605b1, 0xd000b02f, 0x174c09b2, 0x2f092605, 0xb0d006b0, 0x0db25709, 0xb6420f20, 0x1b20080d,
    0x1014b0d0, 0x30d01cb0, 0x04160131, 0x07041415, 0x26352315, 0x24343524, 0x01333537, 0x06110510, 0x08d8c018, 0xe6103f08, 0xedfe1001, 0xfeeab9e3,
    0xe71001f3, 0x0108feb9, 0x03a59a3f, 0x9898a636, 0x0d1604a6, 0xfccdcbfa, 0x0d6e6e0d, 0xfccccafd, 0xb5fd760d, 0x0211d8fe, 0x98960972, 0xfd099599,
    0x00960a8e, 0xcd830100, 0x82b60421, 0x001524cd, 0x6800b25d, 0x1d4c0a0d, 0x2f0f240c, 0x410fb11b, 0xea4507be, 0x08c9760c, 0x09031327, 0xb0391211,
    0x21ea8313, 0x511813b0, 0x08200dac, 0x242dc883, 0x11331111, 0x11070206, 0x02261123, 0x820b8227, 0x332e08c7, 0x1501e802, 0xd9f203b9, 0x05f0d9ba,
    0xba1401ba, 0x0133bb01, 0xfe34016b, 0xe2fef3bd, 0x01dffe18, 0x1d01141f, 0xfe4b01f2, 0x2d8efecb, 0xaf83d402, 0x0000752e, 0x9d047e04, 0x5e002100,
    0x232207b2, 0x2008fd41, 0x20a28218, 0x84a28718, 0x070b4baf, 0x19822020, 0x0c832020, 0x4b180f20, 0xb0270c89, 0x00b0d00e, 0x5418b0d0, 0x11260df4,
    0xd01eb010, 0xb0821fb0, 0x36362523, 0x05915b35, 0x15155f08, 0x15171614, 0x26333521, 0x00343511, 0x15003233, 0x33071015, 0xbb022115, 0x9dae7f88,
    0x7f8dac9c, 0xb3af3efe, 0xe8e71b01, 0xb5b21c01, 0x1f9d3dfe, 0xb326cddf, 0x21b7c1c0, 0x9d20dfcc, 0x3a019d97, 0x2301ee1e, 0x1cf5dcfe, 0x979ccbfe,
    0x26000100, 0x2c05ecff, 0x19008d04, 0x16b26e00, 0xc3881b1a, 0x570c2544, 0x452209dd, 0x4262b058, 0x82471808, 0x08b22313, 0x8e460e02, 0xcc591806,
    0x4208200e, 0x9b6b0c56, 0x21152305, 0x9a553611, 0x35232105, 0x0806ae55, 0x2311072a, 0x9cfe8a01, 0x94fe8903, 0xe2d49c97, 0x7f8de0e5, 0x969d807d,
    0x99f403b9, 0x31d7fe99, 0xbebec4d0, 0x83786d97, 0xcefd3279, 0x602cbd82, 0x3004f0ff, 0x1e009d04, 0x03b28000, 0x0a7f4918, 0x1b2f0b24, 0x6f540bb1,
    0x0fb2230f, 0x9b83030b, 0x63180b20, 0xb2210c4e, 0x35158416, 0x2f16b07c, 0x16a0b218, 0x60b45d01, 0x02167016, 0x1630b25d, 0x0b857101, 0x2a4a7120,
    0x5a03200c, 0xb2230cd2, 0x530b031e, 0x06200536, 0x20063f4f, 0x26d28336, 0x26262317, 0x18062223, 0x08095b86, 0x1430044a, 0xfee0d1fc, 0x98e77bf1,
    0xb913f7cc, 0x997e8d12, 0xbf0106a2, 0xa10441fe, 0x148d8791, 0xcebb7901, 0x03012701, 0x88f9a45e, 0x7482bbd3, 0xb298afc3, 0x00836fc2, 0x27000200,
    0xfb060000, 0x17008d04, 0x7a002000, 0x222104b2, 0x18066145, 0x20076f57, 0x20eb8212, 0x4ceb8f12, 0xb0220ca3, 0x2c751012, 0x100b210c, 0x0bbb5d18,
    0x1214b223, 0x21528303, 0xf2762f14, 0x20e6820c, 0x0c8a5219, 0xcd821420, 0x03211133, 0x2307020e, 0x36363737, 0x11211313, 0x25161621, 0x05734f11,
    0x06234208, 0xfec3e6fb, 0x0f5efe2b, 0x7b974d0b, 0x602e043b, 0x03140a51, 0xc124010e, 0x013bfde0, 0x83847215, 0xa56e0173, 0xf40302c7, 0xf6ed65fe,
    0x01a50175, 0x0901be04, 0x4afe1c02, 0xfe2dc104, 0x5f637559, 0x24eb8270, 0x0700008a, 0x26eb8209, 0x001b0012, 0x4f01b28c, 0x01230591, 0x4713b010,
    0x425413ef, 0x2f0b250c, 0x120bb11b, 0x5406724e, 0x02210942, 0x2bda820b, 0x2f01b07c, 0x01a0b218, 0x04b25d01, 0xb0261084, 0x01b02f04, 0x6a53b110,
    0x04b0210a, 0x210c4f6c, 0x13450bb0, 0x3130250c, 0x33112101, 0x1520ee83, 0x18050541, 0x230dc2af, 0xb9480243, 0xe633e883, 0xfd2bfec3, 0x03b9b9b8,
    0x73150101, 0x026e7d84, 0x8303028a, 0x82a420df, 0x06ca4cf7, 0x59feb22f, 0x715b6177, 0x00010003, 0x05000028, 0x24eb822e, 0xb25c0015, 0x0aed4407,
    0x7d0c7943, 0x3d7f0cf5, 0x16794308, 0x1806084a, 0x430b2e5e, 0x17200c67, 0x3439b682, 0x07222326, 0x8b012311, 0x89039dfe, 0xa09394fe, 0xba04ded4,
    0x969d7f7d, 0x066143ba, 0xfec1ca2b, 0x8764018f, 0xcefd3279, 0x24a58200, 0x049bfe8a, 0x22a58243, 0x1850000b, 0x20088f45, 0x05336302, 0x472e014e,
    0xb0260bc4, 0x3130d009, 0x8f822121, 0x33112123, 0x35038211, 0x81fe4304, 0xb97ffeb9, 0xfeb94702, 0x0465019b, 0x030bfc8d, 0x114200f5, 0x08042105,
    0x0c287f82, 0x61001500, 0x171603b2, 0x2006a351, 0x0611420d, 0x460ce943, 0xb0210701, 0x0c5d4a0b, 0x0b03b223, 0x22368409, 0x4109b02f, 0x03200df5,
    0x270cf541, 0x21013130, 0x16322111, 0x2106e441, 0xfd773201, 0x03113f05, 0x01aefd95, 0xe4e6ce11, 0x032bfec5, 0x73c3fe0b, 0xfe6e7d84, 0xfef703df,
    0xa4a5c4e0, 0xac8302c8, 0x5b617726, 0x59fe0371, 0x2e24b183, 0xe704acfe, 0x0f20b182, 0x5d22b182, 0xb18513b2, 0x4f6e1320, 0x41092005, 0xbf510539,
    0x50c1840c, 0xb0250eab, 0x08b0d007, 0x21ad82d0, 0xb74b0db0, 0xd0112307, 0xb84405b0, 0x3130280c, 0x36363737, 0x18211337, 0x080e9ea1, 0x47298534,
    0x030e0747, 0xfcb98f07, 0x0101baba, 0xfe42022e, 0x98110c64, 0xd8fd5631, 0x0bfc9901, 0x540114fe, 0xeb01adfe, 0xc8fe5c03, 0x010099fe, 0x00001f00,
    0xaf82eb05, 0x92001524, 0x874201b2, 0x0c2e4e0a, 0x1b2f0d24, 0xbb570db1, 0x0c155114, 0x26820620, 0xa8180620, 0x103610b3, 0x12110209, 0x10b07c39,
    0xa0b2182f, 0xb45d0110, 0x10701060, 0x137d5d02, 0xd004230c, 0x135b13b2, 0x10132105, 0x1020fa83, 0x21063e6e, 0x01821123, 0x01230124, 0xaf183301,
    0x033d0aca, 0x64ba63c5, 0x01eac5fe, 0xe09efe86, 0xba592c01, 0xe02c0159, 0x88019cfe, 0xfef601ea, 0x2703830a, 0x3c025102, 0xfd0103fe, 0xfd230383,
    0x82a6fdcd, 0xff472ee7, 0x04d403f0, 0x0028009d, 0x2924b280, 0x08e9462a, 0x6b0c9b4a, 0xa11808b0, 0x06220e9f, 0x3082160a, 0x8427b221, 0x27b02c06,
    0x271fb42f, 0x5d02272f, 0x8227bfb2, 0x27df22ce, 0x210b82ef, 0x2e4524b1, 0x10b22309, 0x2f832724, 0x0a161c22, 0xb0210682, 0x0c456016, 0x65313021,
    0x2321061a, 0x06fd4634, 0x5e160721, 0x2622071f, 0x215e3335, 0x25430806, 0x36333523, 0x7d8a0803, 0xedba816e, 0x6eeed3bc, 0xfe717667, 0x3da95bd5,
    0x8305b979, 0xfe928879, 0xef9c9dff, 0x5d545003, 0xb58e4f58, 0x8d5696a8, 0x5b922429, 0x2e2cb49e, 0x60569d59, 0x05c15860, 0x4d000598, 0x042a0595,
    0x008d0461, 0xb24c0009, 0x16190a00, 0x89580935, 0x0cf0580c, 0x580cd041, 0x042208fd, 0xc9820200, 0x8409b221, 0x3cc18206, 0x11231133, 0x33112301,
    0xb9a80311, 0xb99bfdb9, 0xfb8d04b9, 0xfc740373, 0xfc8d048c, 0x2477828c, 0x0400008b, 0x2477822c, 0xb269000c, 0x0a194b0a, 0x4b0c0d4e, 0x778c0c26,
    0x53085e53, 0x7c2f0557, 0x182f06b0, 0x0106a0b2, 0x0660b45d, 0x4d020670, 0xa1180c68, 0xae3a1696, 0x64b9b96a, 0xfedf8501, 0xefeb0135, 0x0afef601,
    0x03fe8d04, 0xc5fdfd01, 0x9f82aefd, 0x9f822720, 0x9f823620, 0x4f000f23, 0x95a118b2, 0x103f6110, 0x0c0b7518, 0x1c600020, 0x0ece740c, 0x01313028,
    0x21112311, 0x26470203, 0x13373006, 0xfeb93604, 0xa40d0f5e, 0x290444b0, 0x4d0d505e, 0xf42f053f, 0xaafe82fe, 0xa505e5fe, 0xe29e0703, 0x82005e02,
    0xff222491, 0x820b04ec, 0x00112691, 0x1201b244, 0x15894913, 0x2215db4b, 0x82020801, 0x0cb1212e, 0x2e0caf47, 0x01330117, 0x07070607, 0x17372722,
    0x82373632, 0xf526080d, 0xd514012d, 0x50255efe, 0x145026aa, 0x49315c06, 0xd666fe20, 0x02783002, 0x4945fcd5, 0x08010b91, 0x3b310593, 0x8b829f03,
    0xacfe8a24, 0x8b82f104, 0x46000b26, 0x0d0c09b2, 0xf5458b84, 0x08c25a20, 0x0acb9118, 0xd008b02c, 0x30d009b0, 0x03332531, 0xeb451123, 0xad442e07,
    0x50fca512, 0xba4702b9, 0x0114fe98, 0x06ec4554, 0x3d000126, 0xdf030000, 0x11227582, 0x355b4700, 0x0c26420c, 0x300c0141, 0xb11b2f00, 0x593e1200,
    0x00080db2, 0xb0391211, 0x159f180d, 0x14230819, 0x37323316, 0xdf033311, 0xd4a390b9, 0x7eb904de, 0xb9969d7f, 0xca30c201, 0xfe7001c1, 0x3279879d,
    0x43003102, 0x0521052f, 0x22f984c6, 0x8605b250, 0x450023f9, 0x9547b058, 0x21f9460c, 0x410cc04e, 0x21200603, 0x1120ff86, 0x052a0782, 0xb9c4fac6,
    0x01ba8801, 0xfe85b988, 0x2605ef46, 0xfe8a0001, 0x827506ac, 0x000f247f, 0x560bb259, 0x79410609, 0x0ca55020, 0x24198641, 0xb0d00cb0, 0x0e8c410d,
    0xc7258c84, 0xfaa612ae, 0x418f85cd, 0x94840b93, 0x08000226, 0xd6040000, 0x0d269382, 0x61001600, 0x2d5b08b2, 0x10082305, 0x834715b0, 0x0c3e4406,
    0x5f082759, 0x0a250e3d, 0x12110307, 0x062c7539, 0xa9420e20, 0x0ab02109, 0x490f6a49, 0x35260562, 0x32211121, 0x84471616, 0x23360805, 0xd6041121,
    0x2afec4e4, 0x0a02b0fe, 0xc2841601, 0x7251fe68, 0xfe738384, 0xa46e01eb, 0xf40302c8, 0x584afe99, 0x75bcfea3, 0xfe705f63, 0xffff0059, 0x00008a00,
    0xb3826705, 0x82022621, 0x070026bd, 0x1604e301, 0x0b4f4800, 0x13000a26, 0x08b25200, 0x8205895a, 0x860b20cb, 0x0c9a47cb, 0x21084d56, 0xbc840508,
    0xb02f0823, 0x0e4e4e03, 0x660cc74d, 0x21220510, 0xba833311, 0x2c083e48, 0xc5e40804, 0x01b92bfe, 0xfee6ce11, 0x053b4850, 0x0426b584, 0xc44afe8d,
    0x3a4885fe, 0x00012c07, 0x04f0ff4b, 0x009d041b, 0x4c7d001e, 0xc4660ccd, 0x2f1b300c, 0x121bb11b, 0x00b2593e, 0x1211131b, 0x4103b139, 0xb223094a,
    0x571b1309, 0xa02f0863, 0xb45d0109, 0x09700960, 0x30b25d02, 0x85710109, 0x1871200b, 0x200c4950, 0x0c455813, 0x840fb221, 0x28c4823e, 0x32331616,
    0x35213736, 0x05c44c21, 0x36234c08, 0x00323336, 0x06141517, 0x26222306, 0x14040127, 0xa28d878d, 0x0141fe07, 0x98a305be, 0xb9128d7e, 0xe4ccf713,
    0x78051101, 0xfecf95e2, 0x83790114, 0x98b9bb6f, 0x8274c3af, 0xdffed3bb, 0xf9a375f4, 0x00bbce87, 0xff8a0002, 0x821506f0, 0x001328df, 0xb28d0021,
    0x4c232204, 0xda430ec9, 0x0cd8490c, 0x45085442, 0xb2220b88, 0xdd4b080d, 0x2f0d2c05, 0x0d60b418, 0x71020d70, 0x830da0b2, 0x200b83f5, 0x20e98c5d,
    0x0dee5710, 0x5d100321, 0x102d0e01, 0x00222300, 0x23112327, 0x33113311, 0x12ba5b36, 0xfe150630, 0xfedde8ec, 0xb9d80ceb, 0x010ed8b9, 0xc05bda14,
    0xf21c2a13, 0x8d0402fe, 0x01f109fe, 0x0dc35b16, 0x50000232, 0xfc030000, 0x0d008d04, 0x63001400, 0x161513b2, 0x1323fb83, 0x4307b010, 0x41591343,
    0x08d6500c, 0x00071122, 0x11233483, 0x410bb12f, 0x01220af3, 0x1583070b, 0x1b4a0720, 0x0133280e, 0x34352626, 0x82213736, 0x032132d2, 0x21171413,
    0x50222111, 0x717a2201, 0xd101c8dc, 0x3e9e82b9, 0x1b01e62e, 0x02f0effe, 0x689d260d, 0xfb02b2a1, 0xfedf0173, 0xb4300321, 0x007c0104, 0x820b0001,
    0x84e720af, 0xb25224af, 0x520f0e01, 0x022415d9, 0x02b11b2f, 0x20057e45, 0x067e4502, 0x260bfb45, 0x0db0d004, 0x7b06b010, 0x30210ff1, 0x062e7f31,
    0x21113331, 0x33112115, 0xb9e28702, 0xfb02e1e1, 0x49e2befd, 0x972605b0, 0xfe99f901, 0x858200a0, 0xacfe1f24, 0x85822206, 0xac001922, 0x52064776,
    0x045212e2, 0x0c7b510c, 0x9f820d20, 0x9f820d20, 0x7718b020, 0x0c830ceb, 0x2208d748, 0x82180a17, 0xb07c2fb9, 0xb2182f17, 0x5d0117a0, 0x701760b4,
    0x06860217, 0x07b17122, 0x220a6941, 0x56170700, 0xe555057e, 0x1007280c, 0xb2d00bb0, 0x8307170f, 0x1017241b, 0x82d012b0, 0x330121df, 0x4a05b64a,
    0x042810bc, 0x99260163, 0xc4fe7aa7, 0x2712c04a, 0x3cfe5a02, 0x540116fe, 0x3113c34a, 0x8b000100, 0x4e04acfe, 0x10008d04, 0x00b28200, 0x6e821211,
    0x43086c7d, 0x20530c2b, 0x08114d0c, 0x0d21f48c, 0x1c384309, 0xf48b0820, 0x910d0821, 0x2de18df4, 0x01331133, 0x01410233, 0x69a89e6f, 0x754971fe,
    0x52022306, 0xcc8744fe, 0x20057849, 0x06154a00, 0xc382e720, 0x79001426, 0x16150bb2, 0x44159355, 0xc08c0cee, 0x1b2f1127, 0x3e1211b1, 0x20ff8259,
    0x2f3b8213, 0x2f00b07c, 0x00a0b218, 0x60b45d01, 0x02007000, 0x71250686, 0xb0d004b0, 0x0cee5b00, 0x4c08b221, 0x0c21055b, 0x23ba82d0, 0x15333533,
    0x0121b182, 0xc5791801, 0x4401370a, 0x013c9450, 0x34fee084, 0xfeefeb01, 0x50944171, 0x9002b9b9, 0x2f4ae4e4, 0xf6012505, 0x0afecece, 0x0126b782,
    0x00002300, 0x09821505, 0x7f000e24, 0x195f00b2, 0x1912480a, 0x420cd74a, 0xb2230791, 0x84060208, 0x830820c1, 0x830820c1, 0x700822c1, 0x83c18308,
    0x1cd91806, 0x9451180d, 0x0779180d, 0x97022a17, 0xaffeba69, 0x01630b02, 0x26c58585, 0x0afef601, 0x4a98f503, 0x022808f3, 0xebff6000, 0x9f045b05,
    0x2e26c382, 0x14b29800, 0x8182302f, 0x1014b024, 0x4b4f24b0, 0x2f1b2413, 0x571bb11b, 0xb2231c26, 0x6e1b0402, 0x0b200604, 0x510c4846, 0x02230f4c,
    0x4226b110, 0x15220a52, 0x36822613, 0x0221b222, 0xb0210683, 0x5375181b, 0x31302e0c, 0x06272205, 0x11002023, 0x33121035, 0x073f7217, 0x03263722,
    0x08050668, 0x10151566, 0x01331607, 0x11361710, 0x23263435, 0x5b050322, 0xa389a6d9, 0xc6feeafe, 0x7e01d2f4, 0x36c7d090, 0xcf01e332, 0xb6cdb8b5,
    0x92fd765e, 0x6a62b6e1, 0x3b1405c6, 0x0145013c, 0x03011a2a, 0xc39e2801, 0xe5e821c8, 0x4501b208, 0x0401eb27, 0x38f1fffe, 0x12b2dafe, 0xccfefd01,
    0x1e018179, 0xfea3ac38, 0x00ffffc3, 0x0807c167, 0xd3012626, 0x07010000, 0x44002602, 0x0800defe, 0x0a00b200, 0x31305d01, 0x26000100, 0x7104acfe,
    0x10008d04, 0x0bb26c00, 0x18068d43, 0x550b4940, 0x0c870cfe, 0x5b0ccc42, 0x012609c8, 0x3912110c, 0xcf5b0bb2, 0x0b032205, 0x05416500, 0x220b424a,
    0x54000eb2, 0x01240665, 0x35010133, 0x25055d44, 0x01012301, 0xa1670233, 0xa8312306, 0xa36774a8, 0x4afe260f, 0x0116fe01, 0x08a86754, 0x0521b584,
    0x24b582f2, 0xb25e000f, 0x0d5d4a09, 0x4a0c644b, 0x41182250, 0xb0280c11, 0x0bb0d00a, 0x1000b0d0, 0x370e624a, 0x15213521, 0x11211121, 0xae440533,
    0x50fca512, 0x89039bfe, 0x460295fe, 0x2905644a, 0x9999f403, 0xf503a4fc, 0xfb4b0000, 0x00172209, 0xcd731850, 0x0cda440c, 0x1b2f1623, 0xdf8318b1,
    0x08fb4b08, 0x31411020, 0x2f102105, 0x2a0bad45, 0xb0d004b0, 0x13b01010, 0x183130d0, 0x260d2d73, 0x35171614, 0x4c361533, 0x2208050a, 0xbc956963,
    0x67b903c9, 0x65679568, 0x21c201b9, 0x0ac3c60b, 0x6d01bac9, 0x787b9dfe, 0x0bedf00b, 0x4c310222, 0x04210513, 0x12974c2c, 0x620c434f, 0x27710cf3,
    0x00042208, 0x5ac31808, 0x31302811, 0x36113313, 0x53163233, 0x8a230a90, 0x4c999ab9, 0x98270596, 0x8d04b99b, 0x53313efe, 0x33360788, 0x0200cffd,
    0xf0ff0200, 0x9d046b05, 0x24001c00, 0x15b26c00, 0xb1662625, 0x431e2006, 0xb14106bb, 0x081a410c, 0x000e2122, 0x21262783, 0x21bfb22f, 0x53185d01,
    0x03280c44, 0x1021b0d0, 0xb0d00ab0, 0x0d406118, 0x180eb021, 0x220c6d67, 0x18053130, 0x08074072, 0x3e17165c, 0x00323302, 0x14211511, 0x36323316,
    0x06061737, 0x07062203, 0x26343521, 0xfeff9103, 0x99b8a6ce, 0x8705665f, 0x01f88ee9, 0xc1aefc10, 0x50874cb7, 0x96b83c39, 0x0206b58f, 0x0110ae99,
    0xc60bf322, 0x0c775ea8, 0xfe81ec93, 0x82fdfeeb, 0x281fc0b1, 0x042f2892, 0x1ba4c211, 0xe182aaa1, 0xf0ff5e24, 0xe1826904, 0x1e001628, 0x08b26100,
    0x357e201f, 0x146d410e, 0x410db221, 0x0d210560, 0x65c7832f, 0x08200b97, 0x230df149, 0x1ab1100d, 0x4a0c1e4f, 0x002208d0, 0xc3833511, 0x07222326,
    0x13363627, 0x4d08d882, 0x16141521, 0x01f74702, 0xec840229, 0xf0fef893, 0xb7c15203, 0x41399093, 0xb39189c0, 0xad67fd06, 0xe0fe9d04, 0xf49988ef,
    0x01150189, 0xb1018201, 0x299248c1, 0xc6edfb2f, 0xaca01ba1, 0x47000100, 0xd403edff, 0x1c008d04, 0x1ab27000, 0xc74f1e1d, 0x08ae5615, 0x6c0dca55,
    0xb2230679, 0x82020b05, 0x05b02437, 0x8511b22f, 0x0d8f5609, 0x0f564e18, 0x1a051c22, 0xeb552e82, 0x01172105, 0x08124c52, 0x23232634, 0xfdb30235,
    0x023803bc, 0xd1b1a9fe, 0xab59d7fc, 0x05b97a3c, 0x92887389, 0x0380868a, 0xfe7699f4, 0x8bc5109b, 0x2e2dbea7, 0x64599e5a, 0x6a5f6a68, 0x135f00a5,
    0x000d260a, 0x001b0014, 0x0a236776, 0xb0d00e23, 0x09014e03, 0x5c0c4353, 0xe54d08ef, 0x19b2230a, 0xa282030a, 0x19b07c2f, 0xa0b2182f, 0xb45d0119,
    0x19701960, 0x20068602, 0x0bb25671, 0x5a0ab021, 0x245f0f29, 0x32012d0c, 0x16213736, 0x06221316, 0x26262107, 0x300e5167, 0xa89304fe, 0x0a76fd09,
    0xab918dad, 0x098a0208, 0x115967aa, 0xbc1cfe2b, 0x03c0b0b4, 0xb3acc377, 0x0a3d62bc, 0xb2002726, 0x29281db2, 0x2408ad41, 0xb11b2f1d, 0x07b7451d,
    0x2208aa45, 0x820c1d06, 0x06b02721, 0x060fb22f, 0x04837101, 0x4fb25d22, 0xb0390982, 0x01b0d001, 0x1f09402f, 0x3f012f01, 0x04014f01, 0x0100b25d,
    0x02b15d01, 0x096a6204, 0xb1100623, 0x200e8a07, 0x0b54180c, 0x0eb0360c, 0xd00fb0d0, 0xb01007b0, 0x06b0d011, 0xd013b010, 0xb01002b0, 0x27558216,
    0xd018b010, 0x1d0121b2, 0x1d217783, 0x0b645410, 0x01313027, 0x17211521, 0x21048215, 0x92620706, 0x35232306, 0x95623533, 0x87012c11, 0x6efe9601,
    0xfe8f0103, 0x62240a6c, 0x3f270599, 0x03a59f14, 0x62029ea2, 0x02300a9a, 0x105d79a8, 0x98476a79, 0x799f1298, 0x40795d10, 0x30079b62, 0x00010000,
    0x03f0ff42, 0x009d049e, 0xb2a20021, 0x0aeb5c14, 0x1b2f1524, 0xe16d15b1, 0x3e12260c, 0x1521b259, 0x06774408, 0x01210f2c, 0x2110b45d, 0x5d022120,
    0xfe8a00b1, 0x44530820, 0x1000290d, 0xb0d00bb0, 0x0db01021, 0x12370584, 0x2f12b0d0, 0x121f0940, 0x123f122f, 0x5d04124f, 0x011200b2, 0x8a0fb15d,
    0x43152040, 0xb03d0cd0, 0x1cb01012, 0x100fb0d0, 0x30d01eb0, 0x12210131, 0x17373221, 0x26222306, 0x33352327, 0x2b038235, 0x32333636, 0x23260717,
    0x15210320, 0x43080182, 0x68fe2f03, 0x62020120, 0x6f761b68, 0x9b14f5d3, 0x169b9797, 0x8760cff5, 0xff795915, 0x98012000, 0x9c0164fe, 0xf1fe9601,
    0xda1e951c, 0x796d79cc, 0x951fdccc, 0x79f0fe1c, 0x0400006d, 0x00008a00, 0x9d04ad07, 0x08a14d18, 0x4d18ab20, 0x234123a1, 0x2f252407, 0x6425b11b,
    0x0c870c9d, 0x19822220, 0x295e2220, 0x10073310, 0xb0d00db0, 0x02b02f0d, 0x2f02b0d0, 0x100200b4, 0x4d180202, 0x27282ca6, 0x39121120, 0x272026b2,
    0x30220682, 0x4d182531, 0x5e5e15a6, 0xa64d1807, 0xfd6e390a, 0xfd2d02d3, 0x3401bc92, 0x9997bebd, 0x575ea3bf, 0x53615e54, 0xb5fe6152, 0x3907336a,
    0x03028ebd, 0x9bb8ba95, 0xb7b69850, 0x6a59059c, 0x5a525c69, 0xfc5e6768, 0x4c6a03b5, 0x00023209, 0x04000028, 0x008d0466, 0x001f0016, 0x2000b286,
    0x18878221, 0x20082c74, 0x20f3820c, 0x0fb5690c, 0x0c16b223, 0x20248302, 0x0df86b16, 0xb0d00426, 0x06b01016, 0x0b370584, 0x2f0bb0d0, 0x0b0f0940,
    0x0b2f0b1f, 0x5d040b3f, 0xcf0bbfb4, 0x5a5d020b, 0x13200c64, 0x10252482, 0xb0d017b0, 0x0eee4f0c, 0x15212524, 0x18423523, 0x08f05906, 0x6c211521,
    0x2327063e, 0xfea40221, 0x82c0bafe, 0x01340800, 0xe3eac5cf, 0x01ddfebe, 0x01fefe02, 0x84837215, 0xb4eafe70, 0x5998b4b4, 0xcc500298, 0x04cba5a8,
    0x6278f159, 0x01007a64, 0xf5ff3e00, 0x20039a02, 0x74002600, 0x200a3964, 0x06905c18, 0xe6821920, 0x3e121927, 0x1900b259, 0x33d9820e, 0x2f00b07c,
    0x0080b618, 0x00a00090, 0x0eb05d03, 0x0207b110, 0x23082844, 0x07000ab2, 0xb0242382, 0x26b11000, 0x1422158a, 0xed740026, 0x20b12105, 0x1d22158a,
    0x15822026, 0x2826ee74, 0x09012327, 0x3f484a54, 0xc9061946, 0xcb012a14, 0x3a2d303d, 0x7b622933, 0xc9061979, 0x00022e10, 0x02000036, 0x001503bb,
    0x000e000a, 0x0a01704a, 0xe769e187, 0x0a6a7608, 0x6a76a789, 0x0b082209, 0x21b08206, 0x71760db2, 0x152f080a, 0x27213523, 0x33013301, 0x50020711,
    0xfe9d6b6b, 0x79010689, 0xdf84fea1, 0x822b0111, 0x0266a9a9, 0x0116fe06, 0x00001c21, 0xff5b0001, 0x82a702f5, 0x001b2285, 0x0af97264, 0xee4f8387,
    0x10012408, 0x410904b1, 0x07220950, 0x7382010d, 0x2f07b024, 0x928919b1, 0x0705b223, 0x19158319, 0x2008d33c, 0x2d1b8913, 0xb01007b0, 0x3130d01b,
    0x15211313, 0xa4590721, 0x22232506, 0x16332726, 0x0808bd77, 0x0132702f, 0x16a3fede, 0x8f804a41, 0xa77986a0, 0x810a9b06, 0x4a4e4841, 0x83013b49,
    0xaa849201, 0x7c79891d, 0x63657e91, 0x4d3e444b, 0x0002002b, 0x26b98256, 0x001e03ab, 0x191f0013, 0x870cc93c, 0x09e85dbb, 0x01b11022, 0x52188989,
    0x14200aa5, 0xb0241589, 0x1bb1100c, 0x0c689118, 0x04231522, 0x3525a78a, 0x37363435, 0x08be6f03, 0x26344208, 0xfe112802, 0x724817f4, 0x849f8776,
    0xcddea78b, 0x114d337e, 0x4e3d3f53, 0x831e0347, 0x914ddb02, 0xa69a7477, 0xe4d03397, 0x2c6efe05, 0x55542220, 0x004c7c4f, 0x003a0001, 0x03a50200,
    0x00060015, 0x056d4133, 0x1b2f0524, 0xb18705b1, 0x2308d74e, 0x04b11005, 0xb2228c89, 0xc9740500, 0x23280807, 0x21352101, 0xa3fea502, 0xfe5d01a6,
    0x026b023b, 0x0245fdbb, 0x03008293, 0xf5ff4f00, 0x20039f02, 0x1e001300, 0x7d002800, 0x11205d85, 0x11205d82, 0x06205d87, 0x3806495c, 0x110624b2,
    0xb0391211, 0xdfb62f24, 0xff24ef24, 0xb65d0324, 0x241f240f, 0x2508822f, 0x0124ffb2, 0x0d83b471, 0xb1720223, 0x22828a17, 0x82172402, 0x0cb22333,
    0x06822417, 0x1006b024, 0x1c891db1, 0x1011b024, 0x3b411fb1, 0x0714210c, 0x240ac17b, 0x33363435, 0x09c17b32, 0x03363222, 0x08d13c19, 0x8b024908,
    0xfea08b77, 0x404aa0f0, 0x7e7d9777, 0x3e4e8997, 0x7e4c4b3f, 0x3f378c4c, 0x403f703f, 0x37764302, 0x796a833b, 0x61426a79, 0x6776371b, 0x3afe7676,
    0x343a3a34, 0x013a3a35, 0x2e3035f0, 0x375c3838, 0x49000200, 0x9502f9ff, 0x1220f982, 0x5d20f982, 0x0820f785, 0x0820ea82, 0xba60f787, 0x0f022208,
    0x055c4f08, 0x020fb62a, 0x022f021f, 0x0fb05d03, 0x220dfb7d, 0x42b11002, 0x08210bb3, 0x0bde4210, 0x01313023, 0x086a7d06, 0x10151729, 0x32350705,
    0x7d322736, 0x43080968, 0x6545f601, 0x81a38d76, 0xfe039c89, 0x84963773, 0x4f2a5e7b, 0x4a4c3b3c, 0x8a414001, 0xa5a0797e, 0x64fe3d94, 0x627f0114,
    0x533c479e, 0x41435450, 0x0100004e, 0x8b028f00, 0x22030b03, 0x12000300, 0x2f02b000, 0x126d4f18, 0x84fd0b28, 0x8b027c02, 0x23820097, 0x40049e26,
    0x72066e02, 0x0f220982, 0x17451b00, 0x820d2007, 0x1a0d35ed, 0x07b0593e, 0x2f07b0d0, 0x073f0940, 0x075f074f, 0x5d04076f, 0x2505e146, 0x4f023fb6,
    0xee835f02, 0xb0d00037, 0x11402f00, 0x001f000f, 0x003f002f, 0x005f004f, 0x007f006f, 0x2d288208, 0xd003b010, 0x2f03b019, 0x100db018, 0x421813b1,
    0x07230ab4, 0x8919b110, 0x3130270e, 0x23073301, 0xc1433407, 0x14372109, 0x0808c143, 0xb101062a, 0x8272dcbd, 0x63444864, 0x64484661, 0x23243355,
    0x25233030, 0xb8720632, 0x5e6146d7, 0x5e5c4749, 0x31322345, 0x34322624, 0x8a20f982, 0xae26d082, 0x0b008d04, 0x55755700, 0x07fd4412, 0xd00bb02c,
    0xb22f0bb0, 0x5d010bdf, 0x04821fb2, 0x180de25e, 0x5310034a, 0x7b600a68, 0x21152305, 0x03832111, 0xfd570337, 0xfc6b02ec, 0xfd1e03dc, 0x0214029b,
    0x9789fe0e, 0xfe998d04, 0x2f8482b2, 0x4afe1e00, 0x4e041104, 0x37002900, 0x94004400, 0x26258d85, 0x26b11b2f, 0x066d461a, 0x0c821620, 0x82141621,
    0x1026290c, 0xb0d029b0, 0x00b12f29, 0x2d09db6e, 0x261608b2, 0xb0391211, 0x0eb22f08, 0x09831608, 0xb42f0e2a, 0x0ea00e90, 0x37b15d02, 0x2309214d,
    0x0e371cb2, 0xb2221c82, 0x2d840820, 0xb1101623, 0x241c8930, 0xb11008b0, 0x230e8a3b, 0x42b11026, 0x210c5c4d, 0x2d581623, 0x06272706, 0x33171415,
    0x3b581616, 0x34352606, 0x35263736, 0x82038234, 0x32332509, 0x06012117, 0x2406277f, 0x27263435, 0xbd661823, 0x227b0809, 0x11041506, 0x6f013a97,
    0x494f78c3, 0xc8b77a34, 0x97f48dce, 0x545effd1, 0xf1ae7338, 0x014750bb, 0x383cfd6f, 0x9283943c, 0xef6c68cd, 0x67698c74, 0x8ad28a8a, 0x6954a703,
    0x5ea66219, 0x50402a15, 0x8f950102, 0x9b60a154, 0x2a8a537a, 0x527c4a2f, 0x9d0bc56a, 0xf8fb14ca, 0x4a375d1a, 0x4a4c7259, 0xa5020241, 0x587a7b53,
    0x78785712, 0x0002005a, 0x04ebff64, 0x004e0458, 0x6e1c0010, 0x09240747, 0x09b11b2f, 0x20075341, 0x200c820c, 0xb069180c, 0x4112200c, 0xeb4f066d,
    0x02002908, 0x39121109, 0x02090bb2, 0xb0210682, 0x0cd65a02, 0x4a09b021, 0x56080cae, 0x02253130, 0x35022221, 0x33121035, 0x33371320, 0x01231303,
    0x32331614, 0x26263513, 0x03062223, 0xf2fe6c82, 0xc4e2e4c0, 0x226c0901, 0xb0716ab0, 0x879275fd, 0x921c48d3, 0xf195866b, 0x1b01fafe, 0x08010ff4,
    0xfffe3d01, 0xfde2fded, 0xaff401e4, 0x248701c3, 0x82e3cbbe, 0x00b12ec7, 0x05e30400, 0x001600af, 0xb263001e, 0x05454f18, 0xb0101823, 0x06275004,
    0x0cdc7f18, 0x1b2f0124, 0xc78701b1, 0x20087944, 0x05767517, 0x7d491720, 0x09b2230c, 0xd6830017, 0x1e500320, 0x1101210e, 0x08481219, 0x15135508,
    0x23151716, 0x34352726, 0x21252326, 0x10353632, 0x72012121, 0xf00e02c1, 0x05deedfb, 0x3bc64102, 0xfe7f8c03, 0xa239019e, 0xfecffe9d, 0xfd7402b9,
    0xd2af058c, 0x4563e5cc, 0x8d9cfafe, 0xac36183d, 0x9d8f788b, 0x0001847c, 0xb2000100, 0x1d050000, 0x0c00b005, 0x2007bd70, 0x20ab8204, 0x97941804,
    0x550c870c, 0x38600c60, 0x63b42a13, 0x02067306, 0x0633b45d, 0x21068243, 0x001993b2, 0x023b248d, 0xc0c0b123, 0xeffd0196, 0x5502d4fd, 0xfd8e02eb,
    0xfdb00572, 0xfd82027e, 0x8212fd3e, 0x0092269f, 0x06140400, 0x209f8200, 0x05814354, 0x4a189f84, 0x08200786, 0x0820ac82, 0x88142d42, 0x0807229f,
    0x06944802, 0x490a3259, 0x215906fb, 0x11332106, 0x3b06a656, 0xbaba80cc, 0xdb3b017e, 0xae0186fe, 0xfef501db, 0xfc00060b, 0xfeac018e, 0x00b3fd13,
    0x22052b41, 0x1805fa04, 0x410af56c, 0x07200ce4, 0x0b055a18, 0x200cf141, 0x2719820a, 0x593e120a, 0x010300b2, 0xb2218b82, 0x21068505, 0xec7d0009,
    0x5b012005, 0x013f050d, 0x23010133, 0xc0c07201, 0xf163020c, 0xbd026bfd, 0xfdb502ed, 0xfdb0054b, 0xfd870279, 0x8315fd3b, 0x00922781, 0x06f10300,
    0x45750018, 0x2a0d410d, 0x02080022, 0x06208183, 0x0a210685, 0x057f6e06, 0x905b0120, 0x3b828506, 0xbaba0450, 0xf08a0101, 0xff012bfe, 0xfef301e4,
    0xfc18060d, 0xfead0175, 0x00b9fd0d, 0x2c062966, 0x008d041f, 0x0014000a, 0x1502b248, 0x05854316, 0x4214b021, 0x457106f9, 0x08615b0c, 0xcf5d0120,
    0x5600200d, 0x30300cc8, 0x21113331, 0x17161632, 0x21001415, 0x32331103, 0x0805866b, 0x69018a25, 0x038cfba2, 0xf9fec9fe, 0xc6baa49e, 0x8d04b7bd,
    0x4d9ff685, 0x03d6fefc, 0xd0a3fcf4, 0xcdc040c0, 0x6a000100, 0x1c24079b, 0x03b24e00, 0x540a0752, 0xd85c0cd1, 0x100b2508, 0xb0d00fb0, 0x200d9a6a,
    0x0d8369b0, 0x876d0e82, 0x14696a05, 0x16141522, 0x37209f82, 0x2312676a, 0x979f01a7, 0x3812626a, 0xbd6abdcb, 0x00836fcf, 0x008a0003, 0x04ef0300,
    0x000e008d, 0x001e0016, 0x12537e6b, 0x38085054, 0x11010017, 0x17b03912, 0x17bfb22f, 0x1fb45d01, 0x02172f17, 0x17dfb45d, 0x210682ef, 0x03460fb1,
    0x08b22309, 0x2883170f, 0x210d8659, 0x884d01b0, 0x4d33200e, 0x1626077d, 0x06141516, 0x4c6a0107, 0x25232105, 0x3d08c982, 0x23273435, 0xd196018a,
    0x63585fde, 0xfec9da74, 0x730601f7, 0xf8feeb7a, 0xe57c6cea, 0xa38d04ed, 0x217e519b, 0x9e659518, 0x120201ae, 0x556285fe, 0x53558dc4, 0x020005a8,
    0x00001300, 0xcd827004, 0x0a000724, 0x9b434700, 0x0f654e0a, 0x1800b021, 0x210a77d6, 0xce7b09b2, 0x44092005, 0x42190df4, 0x2a081328, 0x6ef8fd46,
    0xa6df01bd, 0xfdbcd801, 0xc79101c6, 0xe9fe1701, 0x73fb8d04, 0xfd01ae01, 0x00010000, 0x018e049f, 0x003b0696, 0x820c0008, 0xb02f267d, 0x04b0d004,
    0x1a72182f, 0x6b2b2f0b, 0x54b9033b, 0x63533b06, 0x4d82886f, 0xb38200ad, 0xdf04812d, 0x8a06e002, 0x11000d00, 0x18006000, 0x2708656e, 0x070f0d40,
    0x072f071f, 0x26052349, 0x03b05d06, 0x510ab110, 0x1b500a03, 0x08088208, 0xb0d01127, 0x0fb02f11, 0x2f0fb0d0, 0x0f0f0f40, 0x0f2f0f1f, 0x0f4f0f3f,
    0x0f6f0f5f, 0x11b05d07, 0xd010b010, 0x2f10b019, 0x22898218, 0x18230614, 0x08090443, 0x1733252f, 0xa8e00223, 0x98a88887, 0x4f47494f, 0x709aa6fe,
    0x5fb00565, 0x375f7272, 0xda353f3d, 0xfc0200c6, 0xfebc04a4, 0x009306cc, 0x00180014, 0x269d839a, 0x01030fb2, 0x83ffb25d, 0x82702004, 0x06ca4904,
    0xac890b20, 0xaa830520, 0xd00ab02a, 0xb02f0ab0, 0x0eb11007, 0x83097e48, 0x8a1120c2, 0x100e250e, 0xb0d014b0, 0x32080582, 0x17b0d017, 0x3f19402f,
    0x5f174f17, 0x7f176f17, 0x9f178f17, 0xbf17af17, 0xdf17cf17, 0x0c17ef17, 0xd015b05d, 0x402f15b0, 0x1f150f0b, 0x3f152f15, 0x82154f15, 0x10172365,
    0xd78218b0, 0xd7891820, 0x23264908, 0x27150622, 0x32333634, 0x36323316, 0x07332735, 0x60ccfe23, 0x22713546, 0x542f2314, 0x812f4660, 0x8d30232c,
    0x0578b6ab, 0x42694a7d, 0x15263309, 0x334b6b4b, 0x00e1fe26, 0x6e000200, 0x5804e104, 0x06009506, 0x5d000a00, 0xb02ce988, 0x05b0d005, 0xd000b02f,
    0xb62f00b0, 0x20058e4a, 0x20e08403, 0x2b7a8202, 0xb2182f02, 0x11000304, 0x06b03912, 0x06220e82, 0xe282182f, 0xd009b024, 0xfa8209b0, 0x07b0d022,
    0x07243182, 0x072f071f, 0x09233182, 0x820ab010, 0x840a2022, 0x332b08ac, 0x07272301, 0x03330123, 0x98920123, 0xa9c52201, 0x2203c6aa, 0x058dc9c8,
    0x9ff9fee8, 0xfeb4019f, 0xff0200fd, 0x03cf045e, 0x8f820646, 0x8204208f, 0x82042045, 0x82002068, 0x85002007, 0xd0012470, 0x822f01b0, 0x06b02181,
    0x062a7082, 0x062f061f, 0x02b25d03, 0xb3470603, 0x08b02405, 0x8308b0d0, 0x8219208f, 0xb0182390, 0x9b411008, 0x0fb62a05, 0x2f0a1f0a, 0x305d030a,
    0x088d8631, 0x03230525, 0xc5460333, 0x01c4aaaa, 0x8ffe9822, 0x04c7c88c, 0x019e9ecf, 0x02015506, 0x00020000, 0x03e40469, 0x82cf06ec, 0x0015268f,
    0x03b00073, 0x051a412f, 0x050fb626, 0x052f051f, 0x04227182, 0x71820503, 0x85b01921, 0x03b0229d, 0x05195510, 0x6302b221, 0x07220540, 0x80837cd0,
    0x2410d742, 0x0eb0d00e, 0x3315822f, 0x2f0e1f0e, 0x4f0e3f0e, 0x060e5f0e, 0xd00db05d, 0x0d0708b2, 0xb2234f82, 0x82070e14, 0x27a58806, 0x36362717,
    0x37233435, 0x0805aa6b, 0x46030727, 0xa9c5c5aa, 0xbebc1001, 0x8d3b4101, 0x4a868005, 0xe404013c, 0x0601baba, 0x1a04837c, 0x585c4321, 0x07423b49,
    0x22bf863c, 0x82d40646, 0x001a22bf, 0x41bf8487, 0x402f0a37, 0x1f060f09, 0x3f062f06, 0xb25d0406, 0x8a060304, 0x02b223c8, 0x0e820106, 0x09636418,
    0x4f0a3f24, 0xa183020a, 0x830db021, 0x1f0d2ab7, 0x3f0d2f0d, 0x5f0d4f0d, 0x2cb7820d, 0x10b0100a, 0x2f10b0d0, 0xb1100db0, 0x0aae4314, 0xb1100a23,
    0x240e8a17, 0x1ab01014, 0x26d386d0, 0x14373325, 0x42222306, 0xd8860ebc, 0x832d2208, 0x364160c3, 0x361d286e, 0x2a40604d, 0x341f267c, 0x9e9ee404,
    0x5e3ee5f4, 0x131d2e47, 0x2d46623f, 0x06a14c1c, 0xc4058528, 0x33000700, 0xef7403b2, 0x2f042717, 0x1204b11b, 0xe274593e, 0x33012110, 0x2f05e274,
    0xfdb9cc02, 0x4202b9be, 0x30fec405, 0x8d040cfc, 0x41469d44, 0x9d44050f, 0x10102717, 0x19d011b0, 0x9d4411b0, 0x33272211, 0x0b9d4407, 0xa4996023,
    0x0c9c4466, 0x0002002f, 0x02e00481, 0x000307ca, 0x001c000d, 0x353b4566, 0xb0d00e24, 0x5f442f0e, 0x440f2006, 0x5f33095f, 0x07156f15, 0xd014b05d,
    0x0e140fb2, 0xb2391211, 0x42150e1b, 0x41450586, 0x4227200c, 0x40080d8d, 0x83a1ca02, 0x4a92a184, 0xc94c4549, 0xa0424a01, 0x51949007, 0xb0050144,
    0x5d73725e, 0x363d3e35, 0x18047c11, 0x4e523b1d, 0x073b3242, 0x00ffff3e, 0x028d0250, 0x03b8059d, 0x00c70107, 0x00980200, 0x05b34613, 0x1b2f0a2d,
    0x3e1e0ab1, 0xd010b059, 0x82003130, 0x02362a27, 0x05bb0298, 0x020703ad, 0x18278b20, 0x2008e262, 0x2027860d, 0x204f825b, 0x202784a7, 0x20278421,
    0x0acf4710, 0x30214f82, 0x204b8231, 0x22238256, 0x82b605ab, 0x8b22204b, 0x8200204b, 0x82002073, 0x85f28223, 0x823a2073, 0x84a52073, 0x8b23204b,
    0xcb61184b, 0x824f200c, 0x839f204b, 0x240221bf, 0x19202384, 0x830acd51, 0xd017234b, 0x3b7b11b0, 0x24c58305, 0x02910249, 0x202d8495, 0x20798b25,
    0x20798208, 0x202d8308, 0x2fc58319, 0x7e000100, 0x1d05ebff, 0x1e00c505, 0x0cb24e00, 0x200ad973, 0x2028820c, 0x07f94b0c, 0x27083d49, 0x10b0100c,
    0x100cb0d0, 0x230cb77c, 0x1bb11003, 0x0c5e4818, 0x08051b58, 0x2300065a, 0x27022422, 0x24123435, 0x17003233, 0x23262623, 0x15110222, 0x33161214,
    0x05373632, 0xdbfe181c, 0xe1feb1ee, 0x019d01a2, 0x01edb21b, 0x18c1192f, 0xeac09dbf, 0xa17dc86e, 0xce011ab0, 0xb4fcfedf, 0x44cb4701, 0xb34a01d3,
    0xa3e3fafe, 0xfecbfea8, 0xffa137fe, 0xa99d9000, 0x1e28b786, 0x2200c405, 0x0cb27000, 0x0acb7e18, 0xb229b794, 0x110c0310, 0x10b03912, 0x23bb9d2f,
    0x030c22b2, 0x222c2783, 0x223fb42f, 0x5d02224f, 0x1f220fb4, 0xb1210682, 0x24df891f, 0x06253130, 0x20d98a04, 0x21d98604, 0xd9860707, 0x21112b08,
    0x1e052135, 0xb0e3fe43, 0xa8d6febb, 0x1c019b03, 0x2101f1b5, 0xba1ec022, 0x0aecb59c, 0x85d37801, 0xfe2ab572, 0xbe0f02b0, 0xe1827261, 0x2dd22708,
    0xb64e01db, 0x8c95dae5, 0x46f2dcfe, 0x8cf6feac, 0x4601303a, 0x0200009b, 0x0000b200, 0xb0051105, 0x15000b00, 0x93714800, 0x070f6a0a, 0x1b2f0124,
    0x8f1801b1, 0xb0210fe9, 0x0c5a4b01, 0x7100b021, 0x694b0c89, 0x043d0805, 0x14151712, 0x03070402, 0x00323311, 0x00343511, 0xb101b223, 0xb13801c1,
    0xc2fead04, 0xeadfe9cb, 0xf7fe1301, 0xacb005e8, 0x3ec8c4fe, 0xb1c1fed0, 0xfb120502, 0x012a018b, 0x01fc2403, 0x2a998228, 0x05ebff7e, 0x00c5055f,
    0x82220011, 0x23042a99, 0x39121124, 0xb01004b0, 0x1198181f, 0x080b4513, 0x46180d20, 0x04210d98, 0x0d574110, 0x11efb118, 0x02340728, 0x06222326,
    0x35420706, 0x12460805, 0xa25f0535, 0xabafe2fe, 0x02a6e1fe, 0xab2101a4, 0xa32001ad, 0xc76ebf01, 0x72c6787d, 0x79c97101, 0xc202efc1, 0xb9b0fece,
    0xc84a01b9, 0x4f01cd37, 0xb4feb9bc, 0x01a205cc, 0xfe8f8f00, 0xfea0359c, 0x3b0192fe, 0xbf8400ff, 0xbf840420, 0x26001528, 0x08b24f00, 0xbf832827,
    0xb0100823, 0x24bf8623, 0xb11b2f11, 0x0c044f11, 0x593e1223, 0x274419b2, 0x0ae25e09, 0x1808b021, 0x260f6c64, 0x17070214, 0x42062507, 0x12220b23,
    0xca912715, 0xfa94a934, 0x39ccfe83, 0xe0feab3c, 0x01a203a4, 0x01aeac22, 0xcd84a221, 0x8771c721, 0xfed43dcd, 0x79c35aac, 0x01ba0cf3, 0xcc3ac646,
    0xbbbe5001, 0x01ceb0fe, 0x8f0101a3, 0x339cff90, 0x0122d188, 0xd682a000, 0x8d04c922, 0x640e4356, 0x4c180f57, 0x21081576, 0x23213130, 0x25350511,
    0xb9c90233, 0x0a0290fe, 0x8ba6031f, 0x0000caa8, 0x00830001, 0x04200400, 0x4d1800a0, 0x12760f7b, 0x1800200c, 0x29167b4d, 0x11111716, 0x03b23912,
    0x06821611, 0x1011b022, 0x0c824d18, 0xb0101124, 0x7882d00c, 0x0135212e, 0x34373736, 0x06222326, 0x36342315, 0x08054154, 0x2101072d, 0x87fc2004,
    0x0a7dfd01, 0x7a667d03, 0xd278b995, 0xc5e1bb7e, 0x780286fe, 0x73c90183, 0x6c543554, 0xbf70758e, 0xb198b86c, 0x82acfeb4, 0xfe0f24a7, 0x82de03a3,
    0x001823fd, 0xdd180051, 0x02200749, 0x02219682, 0xaa64181c, 0x04b0220d, 0x09f35fd0, 0x660bb021, 0xb0210cbb, 0x0cc96005, 0x1718b222, 0x32069e4f,
    0x15213521, 0x15161601, 0x22230014, 0x33163727, 0x82353632, 0x233508af, 0xfde40235, 0xfe720374, 0xfee2b280, 0xd2caffcc, 0xb4b1a534, 0x3cc0b9d7,
    0x7699f403, 0xf6186cfe, 0xdafef9b3, 0xca588b67, 0x67a5aba5, 0x00020000, 0x04b6fe3e, 0x24a382a0, 0x000e000a, 0xdb49184c, 0x0c5e5112, 0x54079657,
    0x06210cd8, 0x05064a10, 0x00b04808, 0xd00cb010, 0x02090db2, 0x30391211, 0x15332531, 0x11231123, 0x33013521, 0x07112101, 0xc5c5db03, 0x021dfdba,
    0x3cfdc7d6, 0x961c0a02, 0x01b7fe97, 0x21046d49, 0xfc0209fc, 0x00010035, 0x04a0fe65, 0x008c0405, 0x1851001b, 0x27086867, 0xb11b2f01, 0x593e1c01,
    0x590c0b65, 0x831809ce, 0xb2230a3a, 0x59180705, 0xe56205ce, 0x0bc8590c, 0x37360324, 0x2d411236, 0x2235080e, 0x66860706, 0x7efd1403, 0xc8956f36,
    0xf1e0fef1, 0x823aafe0, 0xa5bf99d3, 0x22756a87, 0x18037401, 0x4074feab, 0xf5fe0202, 0xe2feefe1, 0xcf658b72, 0x3ab68fa4, 0x2dad8253, 0x03b6fe4a,
    0x008d04f2, 0x00260006, 0xd67501b0, 0x0c936d0d, 0x41030021, 0x280806ae, 0x21012301, 0xf2032135, 0x02baa0fd, 0x031bfd57, 0xfa2304a8, 0x983f0593,
    0x00020000, 0x02d90483, 0x00d006d2, 0x0021000d, 0x35c3487e, 0x0805ff4d, 0xb0d01420, 0x0b402f14, 0x141f140f, 0x143f142f, 0x5d05144f, 0xb01011b0,
    0x17b0d017, 0x1014b02f, 0x7f4a1bb1, 0x1011230a, 0x0e8a1eb1, 0xb0101b24, 0x1d4ed021, 0x4a13200f, 0x29081295, 0x86a1d202, 0x4a96a187, 0x8d4a4748,
    0x773a4660, 0x5330222c, 0x81304560, 0x0530232c, 0x76765fae, 0x4040365f, 0x4a0a0136, 0x5c4d4b69, 0x01002907, 0x99fe6700, 0x99002101, 0x21053958,
    0xeb572f04, 0x051c4c05, 0x26087382, 0x01331123, 0xfebaba21, 0x00000299, 0xff600002, 0x046d06f0, 0x0013009d, 0xb29f001d, 0x111f1e15, 0x15b03912,
    0x450ab010, 0x09200605, 0x0be35218, 0x420c4e51, 0xe3510cab, 0x0e9d6808, 0x4f100021, 0xb2260526, 0x5d010f1f, 0x0482dfb2, 0x6418b120, 0x00200bbb,
    0x550d4548, 0x172011c7, 0x2b0b7447, 0x22052121, 0x10351100, 0x21053300, 0x0807bd57, 0x11370529, 0x15062227, 0x06161415, 0xfe63fd6d, 0xe7fee58e,
    0x01e51701, 0xfdaf025b, 0xfd14029b, 0xfb6c02ec, 0x96eceaf1, 0x1810b0af, 0x0808f249, 0xfe991024, 0x89fe98b2, 0x6703070d, 0x42c5d609, 0x0000d7c3,
    0xfe820002, 0x043f04a9, 0x001800a1, 0x004e0025, 0x654214b0, 0x08325f05, 0xe4781420, 0x1405220d, 0x0633640c, 0x83050321, 0x0bef6409, 0x180cb021,
    0x3d0ca05e, 0x32053130, 0x23063736, 0x34350222, 0x32333636, 0x14151300, 0x22230402, 0x13163727, 0x235a3632, 0xdf4e080a, 0x7715dcb1, 0x75ffd2b7,
    0x01eb84d2, 0xfe920205, 0x769faff3, 0x69e07a26, 0x92a1229f, 0xbfa3987f, 0x0169d9f4, 0xec9ce214, 0xfedcfe7e, 0xfedcfaf6, 0x8e3caeba, 0x5cfc0132,
    0xc5c59452, 0xc995abc3, 0xb6ff0100, 0x67014bfe, 0x0c009800, 0xd7432800, 0x0d0c1908, 0x0db02e13, 0xd00cb010, 0x302f0cb0, 0x06152531, 0x088d8406,
    0x35323329, 0x01670135, 0x343b97aa, 0x89431e0e, 0xb0a8f598, 0xc20d9d12, 0xffff00e9, 0xa3fe3b00, 0x8d040a04, 0x4c020601, 0x4a00002c, 0x022006e5,
    0x21065c45, 0x21823130, 0xa0fe7326, 0x8c041304, 0x4e212182, 0x4421880e, 0x21840752, 0xb6fe2324, 0x43848504, 0x00e54d22, 0x7807794b, 0x0c2108c4,
    0x05054bd0, 0x00007726, 0xa0041404, 0x4b214782, 0x464788f4, 0x4784076a, 0x47827620, 0x47841e20, 0x8b894f20, 0x8b820520, 0x3e1c0523, 0x26218459,
    0x04ebff37, 0x82a10448, 0xbf652143, 0x73696988, 0x860f2008, 0xff7e2b69, 0x051604ec, 0x000601b1, 0x2588fa1a, 0x2008954b, 0x24258615, 0x04a9fe5f,
    0x214b841c, 0x2588dd53, 0x20081642, 0x20258620, 0x224b8270, 0x82c4050e, 0x001c234b, 0x954b0000, 0x82152006, 0x1e152b93, 0x1bb0593e, 0x1015b0d0,
    0x2b8622b0, 0x0338d682, 0x008d041d, 0x544a0206, 0xffffff00, 0x014bfeb4, 0x003a0465, 0x009c0006, 0x00270f92, 0x0100009b, 0x823a0455, 0x828d205b,
    0x0b7b415b, 0xef851a20, 0xfefaff25, 0x825a0159, 0x00262141, 0x06262183, 0x0ac8a400, 0x3787ffff, 0x15835782, 0x8a00012c, 0xf903ecff, 0x21009d04,
    0x79466600, 0x0c4e6405, 0x25075959, 0x584500b0, 0xb9821fb0, 0x18121f21, 0x3f0dd8e5, 0x151f19b2, 0xb0391211, 0x1fb42f19, 0x02192f19, 0xb008b05d,
    0xd8582b0a, 0xb059dc1b, 0x0ab01019, 0xb120e383, 0x0c505118, 0x26472520, 0x26132c09, 0x11032223, 0x36361123, 0x67163233, 0x4a080835, 0x52c30127,
    0x88726158, 0x4eed5487, 0xb804d363, 0x6bc9c501, 0xeefe65c3, 0xb5d7b6a9, 0x33b56877, 0x5562637b, 0x3e270189, 0x06fdf5fe, 0xd6d2f502, 0xb6fe6255,
    0xac86a30f, 0x000031cc, 0xff780002, 0x048904eb, 0x000b00a1, 0x853b0019, 0x0c576bd1, 0x2108b04c, 0x2d551008, 0xfa54180b, 0x00102511, 0x35030020,
    0x13200583, 0x0c894f18, 0x8904372d, 0x22fee8fe, 0x0101e6fe, 0x82de0119, 0xba2a0803, 0xb29b9db2, 0x9a9bb602, 0x3c0202b1, 0xc5feeafe, 0x14013c01,
    0x01140114, 0xfec4fe3e, 0xe2ca0deb, 0xc934c5e0, 0x00cadde5, 0x91820100, 0xd2030024, 0x8b49b005, 0x074e4a0e, 0x182c5a18, 0x300ec046, 0xbabefdd2,
    0x25fd4002, 0x48059703, 0x1805b8fa, 0x2ef78298, 0x04ecff8c, 0x00000634, 0x001b0010, 0x7f14b266, 0x142705b7, 0xd00db010, 0x4409b000, 0xf75d05b6,
    0x69461808, 0x9654180b, 0x0d06270d, 0x39121104, 0x06840bb2, 0x5b0db021, 0x04210d40, 0xa65b1810, 0x305d080b, 0x06140131, 0x27222306, 0x33112307,
    0x32333611, 0x34271112, 0x07222326, 0x32331611, 0x6f340436, 0x70d180c9, 0x70b9a00f, 0xb9f1c9c5, 0x50b78ca3, 0xa38ab455, 0xfc9f1202, 0x0681958b,
    0x8bc3fd00, 0xfffed3fe, 0xaad6b407, 0xd8ab2cfe, 0x00010000, 0x03ecff5c, 0x004e04ef, 0xb24b001d, 0x5d4c1800, 0x2f10240a, 0x5910b11b, 0x082007c9,
    0x08230c82, 0x48593e12, 0x08290cfd, 0xd003b010, 0xb01010b0, 0x18058314, 0x200b2a42, 0x0bd01830, 0x4535200a, 0x16200569, 0x0805954d, 0x15150644,
    0x40021614, 0xb0089463, 0x6ec47805, 0x76fbfedf, 0xf1b693db, 0x8f08b008, 0x9d9b8f68, 0x5e5a7883, 0x2a0163a8, 0xf99d20fc, 0x69aeda86, 0x21bfce87,
    0x0200c9bc, 0xecff5b00, 0x00060004, 0x1c001100, 0x5d6a6600, 0x1ab02106, 0x6e05dd5b, 0x0420067d, 0x0420a382, 0x1163b087, 0x45002108, 0x0ab3db18,
    0x0d040627, 0xb2391211, 0x2106840b, 0x6e690db0, 0x04b0210c, 0x080ea85c, 0x3634134b, 0x17323336, 0x23113311, 0x22230627, 0x37272626, 0x32331614,
    0x23261137, 0x715b0622, 0x6fbe80ce, 0x6f0ea1b9, 0x75cb7cca, 0x8aa8b901, 0xac5352af, 0x2602a78d, 0x828dfc9f, 0x00fa3402, 0xfb8c8c78, 0xd8b10698,
    0x99f1019f, 0x2dc183d6, 0x000456fe, 0x1b004e04, 0x7f002600, 0xe14c1fb2, 0x101f2305, 0xdb470bb0, 0x82032006, 0x870320be, 0x586918be, 0x820b200c,
    0x140b2119, 0x2006745d, 0x270c8218, 0x593e1218, 0x180305b2, 0x13d34318, 0x18201585, 0x180cc94d, 0x240ef5bc, 0x34133130, 0x24d98212, 0x06113337,
    0x22d88202, 0x82163727, 0x353622d7, 0x22e58235, 0x8a173502, 0xf83e08e4, 0x0f6fccc6, 0xe0f4029d, 0x3748c856, 0x954f9f3f, 0xc2c16f8a, 0x8ba6b9fa,
    0xad5353af, 0x2602a58e, 0x943201f6, 0xef0efc80, 0x3237fdfe, 0xb0322a8a, 0x018128a8, 0xb007f438, 0xeb01a1d9, 0xf582d79d, 0xecff5a24, 0x5d5e4404,
    0x58382006, 0x5d5e0a93, 0x18ce820c, 0x410b5b66, 0x00241689, 0x06141515, 0x080a8841, 0x34353635, 0x06222326, 0x90e3805a, 0x7e1a01dd, 0xe38f92e5,
    0xafb90281, 0xb1ae8e8d, 0x02af8b8d, 0x8cff9c27, 0x0efbccfe, 0x888cfc9d, 0xb00a9af9, 0xafc4e0de, 0x8200dee0, 0xfe8c2493, 0x84320460, 0x001b2493,
    0x4319b270, 0x192005b3, 0x2305b343, 0xb0584500, 0x240cb043, 0xb11b2f0a, 0x91d9180a, 0x0789410c, 0x51540420, 0x43b22006, 0x112a33bd, 0x17331123,
    0x12323336, 0xbd430717, 0x322d080a, 0xc581c86e, 0x0f9fb971, 0xeec1ca74, 0x8fa9b80a, 0xab5354a8, 0x1102aa8c, 0x7d8bfc9e, 0xda05f7fd, 0xe9fe917d,
    0xdbb027ea, 0x94fbfd95, 0x24cb83df, 0x0360fe5b, 0x30cb82ff, 0x001a000f, 0x1b18b26d, 0x3912111c, 0xb01018b0, 0x20554203, 0xbe820820, 0xcb870820,
    0x1908e76b, 0x08444141, 0xccf75b33, 0xa00e6fc4, 0xc7ba70b9, 0x8caab9fa, 0xa25856a6, 0x2502aa8e, 0x863401f5, 0x0226fa72, 0x35017804, 0xdfae07f6,
    0x8f110293, 0x000200df, 0x03ecff5d, 0x28c382f3, 0x001c0014, 0x1d08b265, 0x20c3831e, 0x09636d08, 0x200c535e, 0x06db4e00, 0x0819b223, 0x06014700,
    0xcf19bf25, 0x7e5d0219, 0x04750b04, 0x18b0200e, 0x2c0f8247, 0x27002205, 0x36363427, 0x15123233, 0x957f1815, 0x22012107, 0x0805d36f, 0xe5710235,
    0x010bddfe, 0xd580dd7c, 0x0824fde8, 0x78a099c2, 0xeefe8339, 0x02119873, 0x01148920, 0x9b4ee317, 0xfefe8af5, 0xc89d74f0, 0x03727f5a, 0x1996a0ca,
    0x82009a83, 0xfe6024c7, 0x82f20356, 0x001a28c7, 0xb27f0025, 0x83272623, 0x4323209f, 0x172030e1, 0x1727e182, 0xb2593e12, 0x43170305, 0xde6f06e1,
    0x15b2210a, 0x17201585, 0x210c505c, 0xf35003b0, 0x08e1430e, 0x43061421, 0x332105e1, 0x12e04332, 0xe8604008, 0x1070cac3, 0x52e1f59d, 0x7a3741af,
    0x6f89958f, 0xbaebbec0, 0x52af8895, 0x9689aa55, 0x01fa2502, 0xfc7f932f, 0x2dffea05, 0xa7498a29, 0x01803a9e, 0xb508fa32, 0xee01a0d3, 0xff00d09b,
    0x825700ff, 0x05863ef6, 0x000600b7, 0x0000ad15, 0xff670003, 0x049104f0, 0x001d009d, 0x00320026, 0x332cb29a, 0x25c18334, 0x0eb0102c, 0x0582b0d0,
    0x510c8d52, 0xb0250f0a, 0xb0584500, 0x20fc821a, 0x22fc831a, 0x821a0d2a, 0x21b2213a, 0x07220685, 0x0d83212a, 0x2a211322, 0x18065b5d, 0x230ac657,
    0x0d1e14b2, 0xb2231582, 0x83000d16, 0x001c2106, 0x19220d84, 0x0d831c14, 0x141e2022, 0xb0210682, 0x0cc5630d, 0x05313029, 0x34352622, 0x18373736,
    0x2d087059, 0x01070714, 0x14333536, 0x27231707, 0x6c192706, 0x17210a27, 0x06674437, 0xe8015908, 0x684ed6ab, 0xad5d4b4b, 0x9bb18690, 0x450c0149,
    0xd2c77fa8, 0x91d1975e, 0x64dbfe6a, 0x3f156b4c, 0x48534236, 0x10483842, 0x865681a5, 0x684f364b, 0x9694736c, 0x346f9070, 0x9d74e3fe, 0x61d2a6e0,
    0x014b9971, 0x543b4933, 0x00035d49, 0x3039463a, 0x45344d3c, 0x00010046, 0x03290082, 0x008d048b, 0xb261000d, 0x0a717a00, 0x1b2f0a23, 0xcf5c18b1,
    0x0db22310, 0xd1840a04, 0x00b12f23, 0xce511802, 0x6504200c, 0x01270d65, 0xd006b010, 0x4cd007b0, 0x3908065d, 0x08b0d009, 0x013130d0, 0x15211105,
    0x35071121, 0x11331137, 0xfe4d0225, 0xfc4802f6, 0xb98a8aff, 0x91020a01, 0x975bfe55, 0x7d2c0202, 0xfe0e022c, 0x0200552c, 0x00000900, 0x9982f105,
    0x12000f28, 0x05b28800, 0x79831413, 0x18100521, 0x94080987, 0x00b024a1, 0x18b05845, 0x22088859, 0x18040a0f, 0x20112d5a, 0x21ab8db0, 0x248511b2,
    0x7c2f1121, 0x0a200cba, 0x210c3755, 0x248412b2, 0x2121c282, 0x24c28213, 0x23032103, 0x08078201, 0x05211331, 0x88050321, 0x020e35fe, 0x0b26fd26,
    0xc6a366fe, 0x29039602, 0x010ce4fd, 0x013bfcd0, 0x15021344, 0x019580fe, 0x04d3fe2d, 0xb4fe968d, 0x823202e7, 0x008a24d7, 0x82b70300, 0x000c28d7,
    0xb2590015, 0x4f171615, 0x09200667, 0x73063545, 0xb8620c71, 0x00022208, 0x2327830b, 0x0fb22f02, 0x0f210985, 0x0c41532f, 0xd8550220, 0x3313220e,
    0x05006615, 0x23233708, 0x11132315, 0x35363233, 0x8a272634, 0xebc4c5b9, 0xb9b4d6ea, 0x8480b6b9, 0x8d047788, 0xa6c504cb, 0x03ecbea9, 0x6c5afe2a,
    0x01776062, 0x60000300, 0x5a04c7ff, 0x9d82b604, 0x27001e28, 0x06b26a00, 0x79832928, 0xb0100625, 0x82b0d01b, 0x86242005, 0x0cf553a7, 0x2208386a,
    0x82061118, 0x19b2212d, 0xb0210684, 0x0c0c5811, 0x8421b221, 0x22b22115, 0x20055c6a, 0x0f577106, 0x11162208, 0x23001015, 0x23072722, 0x35112637,
    0x32330010, 0x01333717, 0x26011714, 0x15062223, 0x01273425, 0x08c78316, 0x84d6035d, 0x9ae8ecfe, 0x7f954b74, 0xe517018f, 0x95457ba1, 0x013dc5fc,
    0x96724fc9, 0x348c02af, 0x6a4a3bfe, 0xfc03a99c, 0x3efffe99, 0xd1fefbfe, 0x9abe7047, 0x013f0901, 0x4e340102, 0x9f6efd67, 0x3baa0269, 0x9703c5d6,
    0x345cfd62, 0x0000c7d3, 0x00300002, 0x04b30400, 0x0013008d, 0x188d0017, 0x620a1368, 0x2e6f07c3, 0x1810200c, 0x500b6862, 0x03410cf9, 0x0c132b08,
    0x39121102, 0xb22f13b0, 0x5618130f, 0xb2210d50, 0x211a8515, 0x5b532f15, 0x00b02a0b, 0xd008b010, 0xb01013b0, 0x2105840a, 0x1183d00e, 0x30d01629,
    0x11230131, 0x82211123, 0x35232603, 0x15333533, 0x08038221, 0x21013324, 0xb3042135, 0xa4fdb95b, 0xb95a5ab9, 0x5bb95c02, 0x5c0290fc, 0x4f03a4fd,
    0xf201b1fc, 0x4f030efe, 0x0082a797, 0xc5a4fe2b, 0x00010000, 0x044bfe8a, 0x24db8458, 0x1402b25b, 0x08697315, 0x0f20d38c, 0x0bdd4f18, 0x0c820020,
    0x9b470020, 0x640a2007, 0x908206ac, 0x0bcc4c18, 0x0c09b223, 0x234a820a, 0x0c0a0eb2, 0xa7820682, 0x22050a55, 0x82013535, 0x01332eab, 0x14113311,
    0x3c170306, 0x40230d34, 0x08a78288, 0x5d02b939, 0x4bfeaab8, 0xc30d9d12, 0xfc6b0351, 0xfc8d0494, 0xfb6d0393, 0xffb3a91a, 0x022500ff, 0x020d021f,
    0x000602b6, 0x00000011, 0x00070002, 0x05e40400, 0x000f00b0, 0x6d69001d, 0x314d0a01, 0x08844707, 0x05000422, 0xb0297c82, 0xcfb22f04, 0xb25d0104,
    0x2304832f, 0x7101049f, 0x220b1f6b, 0x83d011b0, 0x521220ba, 0xb021093c, 0x0c934205, 0x1004b02f, 0x30d01cb0, 0x23113331, 0x21113335, 0x070c5932,
    0x1123132a, 0x37123233, 0x27023435, 0x34080982, 0x01c0c0c7, 0x2401be9b, 0xfe9f019f, 0xfc29c4d9, 0x01f7dec9, 0xfce0d6e9, 0x02979a02, 0xcafea87f,
    0xfece5dc9, 0x0202a6ca, 0x0103fe9a, 0xf85df912, 0xfe021301, 0xcccb401f, 0xe2ff012f, 0xfd030000, 0x19000006, 0xb0006c00, 0x055e4e17, 0x500cf64c,
    0x83450c38, 0x172f2508, 0x0fb25d01, 0x15210483, 0x05ea4410, 0x0d568c18, 0xb2d0012a, 0x11041002, 0x04b03912, 0x240c7245, 0xb01015b0, 0x05024318,
    0x20333622, 0x0ca55019, 0x35233e08, 0x15333533, 0xfb5e0233, 0x5701c57b, 0x6901b903, 0x26885a6f, 0xb9c8c8b9, 0xfed204fb, 0x7dfe97e5, 0xcc0235fd,
    0x4e607075, 0xd204fdfc, 0x00979797, 0x00310001, 0x05970400, 0x000f00b0, 0x0553424e, 0x0cf28318, 0x08524118, 0x180a0f21, 0x29125f60, 0xb0d004b0,
    0x06b0100f, 0x5518b0d0, 0xb0210d14, 0x209f850c, 0x053b4223, 0x21352d08, 0x33112115, 0xbfe7aa03, 0x2dfed6d6, 0x2cfe6604, 0xfc3703e7, 0x973703c9,
    0x9e9e4401, 0x0100bcfe, 0xecfff4ff, 0x40057002, 0x76001d00, 0x4b0a1f5e, 0x112007e1, 0x2806687f, 0xb01001b0, 0x00b0d000, 0x266e192f, 0x570e820e,
    0xb22205f2, 0x7b180500, 0x11200e13, 0x300d3b41, 0x15b01008, 0x1005b0d0, 0xb0d018b0, 0x19b01004, 0x203a83d0, 0x24ad831c, 0x23153311, 0x21038215,
    0x4a191411, 0x48080d74, 0x33352335, 0xca870111, 0x36e9e9ca, 0x49382041, 0xda7e7c45, 0x05c5c5da, 0x8ffafe40, 0xb2fe97ba, 0x960c4141, 0x018a9614,
    0x8fba974e, 0xff000601, 0x001c00ff, 0x071d0500, 0x00260236, 0x01000025, 0x01440007, 0x00360130, 0x0a674d14, 0x593e1e28, 0xf4080cb1, 0x2d923130,
    0xbf017522, 0x05202d89, 0x0520f882, 0x0d202d83, 0x9e222d96, 0x5b92c900, 0x8b060f21, 0x8822205b, 0x00a52489, 0x873a01c5, 0x215b8889, 0x2d8a040e,
    0x88fb0621, 0x006a222d, 0x205b82f9, 0x27b78e17, 0xb0f40411, 0x3130d01b, 0x9120e989, 0xa3253188, 0x41015001, 0x24318f00, 0xb0f4060e, 0x20318c18,
    0x31318594, 0x27020700, 0x22015a01, 0x7700ffff, 0xd80444fe, 0x1782c405, 0x0000272a, 0x79000700, 0xf7ffd201, 0xa9261782, 0x46040000, 0x17824207,
    0x4b412920, 0xfb002305, 0xc1874201, 0x1b2f0624, 0x1d4106b1, 0x222d8f0b, 0x928a0175, 0x410e202d, 0x2d8f064b, 0x94009e22, 0x10202d92, 0x85064b41,
    0x8807202d, 0x006a2289, 0x862d82c4, 0x208988eb, 0x091d4112, 0x82e0ff21, 0x848120b1, 0x852d20bb, 0xa7ff21bb, 0x02205f89, 0x0220bb82, 0x0520bb83,
    0xb0248d86, 0x51020000, 0x75222d8a, 0x2d893500, 0x2d820320, 0x2d830320, 0x2d850620, 0x82e9ff21, 0x0517412d, 0x9e225b85, 0x5b9240ff, 0xbb850820,
    0x82d5ff21, 0x075e212d, 0x2d85bb83, 0x70ff6a22, 0x8988bb89, 0xbb820a20, 0xa7411420, 0x23ed8206, 0x22070805, 0x3220ed82, 0xa522bb84, 0x3942fb00,
    0x20ed8809, 0x0639420d, 0xecff7626, 0x38070905, 0x33202d82, 0x44242d84, 0x38015201, 0x2007a541, 0x20bb820d, 0x20bb830d, 0x20bb8521, 0x222d8f00,
    0x92e10175, 0x9622202d, 0x009e222d, 0x852d93eb, 0x205b86e9, 0x24898824, 0x01e700a5, 0x2089903c, 0x21b78b23, 0x2d88fd06, 0x1b016a22, 0xd3415b82,
    0x24b78806, 0xb0f40427, 0x06174130, 0xecff8c26, 0x3607aa04, 0x39203182, 0x2b20e986, 0x45097f43, 0xb1210739, 0x8fbb8614, 0x0175222d, 0x292d89ba,
    0xb11b2f12, 0x593e1e12, 0x2d9615b1, 0xc4009e22, 0x17205b92, 0x5b84e986, 0x88fb0621, 0x006a2289, 0x862d82f4, 0x208988bb, 0x20bb8219, 0x24bb8623,
    0x0400000f, 0x20bb84bb, 0x22bb843d, 0x89880175, 0x6101205f, 0xb1210624, 0x268d860b, 0x03ecff6d, 0x820006ea, 0x8445205f, 0x0044242d, 0x410000d5,
    0x17200749, 0x17212d82, 0x21bb821a, 0x3b44092a, 0x222d8f05, 0x92640175, 0x942b202d, 0x0006232d, 0x59916e9e, 0x8a012b21, 0xec052159, 0x06248786,
    0x046aa500, 0x2c208590, 0xc5202b8c, 0x6a22b388, 0x85829e00, 0x88061341, 0x013024b3, 0x4139b0f4, 0xb7850613, 0x31885b20, 0xf500a324, 0xc1440b00,
    0x24318807, 0xb0f4042c, 0x20318c36, 0x3131855f, 0x27020700, 0xedffff00, 0x5c00ffff, 0xec0344fe, 0x17824e04, 0x73824720, 0x79000726, 0xf7ff3f01,
    0x5d261782, 0xf303ecff, 0x17820006, 0x47414920, 0x41c52006, 0x08200919, 0x2106986f, 0x19411fb1, 0x222d8f06, 0x92540175, 0x9420202d, 0x0006232d,
    0x47415e9e, 0x20598808, 0x061b4120, 0x05215984, 0x228788c5, 0x418e006a, 0x2d88091b, 0xf4012524, 0xe9852eb0, 0x82c6ff21, 0x056722af, 0x203182ff,
    0x2409828d, 0x8d440006, 0x077941ff, 0xb7820220, 0x3e1a0225, 0x8605b159, 0x00962489, 0x8a370200, 0x1b75212b, 0x03202b88, 0x21064255, 0x2b8506b1,
    0x82cfff21, 0x882c202b, 0x0007252b, 0xff26ff9e, 0x08205991, 0xff21b785, 0x222d82bb, 0x86c40544, 0x00072485, 0x8256ff6a, 0x06d3412d, 0x0b208788,
    0xbb44b782, 0x008c2607, 0x05df0300, 0x203182ec, 0x21b78452, 0x314261a5, 0x208b8808, 0x215d8515, 0x29585b00, 0x202b8205, 0x069d4153, 0xab479d82,
    0x20e5830c, 0x90b9851d, 0x0175222d, 0x099d415e, 0x2107f249, 0x2d941eb1, 0x9e000623, 0x089d4168, 0x878b2b89, 0x8783b384, 0xa5000623, 0x88b38864,
    0x8c1f202b, 0x88c5202b, 0x006a22b3, 0x09c94198, 0x23242d88, 0x2cb0f401, 0x2b05c941, 0xecff8800, 0x0006dc03, 0x59002602, 0xc720e586, 0x0724b789,
    0x07b11b2f, 0x1220e583, 0x2d8fb786, 0x56017522, 0x0d202d89, 0x0d202d82, 0x13202d83, 0xe5822d94, 0xe5886020, 0x6d415988, 0x20598407, 0x85b98305,
    0x006a2287, 0x88b98990, 0x8218202d, 0x862120b9, 0xfe1624b9, 0x84b0034b, 0x845d20b9, 0x017522b9, 0x208b891b, 0x208b8201, 0x84b98b01, 0x835f842d,
    0x0006242d, 0x4300556a, 0x0f2007cb, 0x0f202b82, 0x17202b83, 0x20205d82, 0x210b8d48, 0xbf48e306, 0x00702408, 0x5d3e01c7, 0xe1730777, 0xdc0c2108,
    0x2605ed48, 0x03ecff6d, 0x44ad05ea, 0x70220889, 0x2b87086c, 0x21072944, 0x2b862ab0, 0x2005034a, 0x2459880e, 0x01f400a1, 0x20599037, 0x20598c0d,
    0x088544d8, 0x9900a124, 0x5b900100, 0x2d832b20, 0x0002002d, 0x054ffe1c, 0x00b0051d, 0x4e190016, 0x95180707, 0x14200c42, 0x1421ea82, 0x06995812,
    0x1808465b, 0x24082d6c, 0xb1593e14, 0x0af26e07, 0xb0100131, 0x11b0d011, 0x1417b22f, 0x39121116, 0x682f17b0, 0xb2230bb6, 0x82141619, 0x31303815,
    0x07230101, 0x33141506, 0x06173732, 0x35262223, 0x21033734, 0x82012303, 0x02340804, 0x262d02f0, 0x304e713a, 0x5a460d34, 0x87a96759, 0xc6899efd,
    0x01a32c02, 0xb005f8ef, 0x5b2d50fa, 0x791a4856, 0x9056682c, 0xfe73016c, 0xfcb00584, 0x00a9026a, 0x6d2ac782, 0xea034ffe, 0x2d004e04, 0x37783700,
    0x08474107, 0x2010955b, 0x20d4821e, 0x20d4871e, 0x200c8229, 0x21c78229, 0x0f4c1eb0, 0x02b22306, 0xa5821704, 0x170bb223, 0x24068204, 0xb02f0bb0,
    0x0cd15c17, 0x0b12b222, 0xb0241f83, 0x24b11029, 0x0423fa8a, 0x4f2eb110, 0x0b200a00, 0x0e23bf18, 0x27262522, 0x2422ea85, 0xd6583333, 0x65152005,
    0x1724067b, 0x15171411, 0x080e0f41, 0x36322722, 0x20233537, 0x03161415, 0x81070f24, 0x01cda0b3, 0x74b4e901, 0xba866371, 0xbb76c573, 0x212604d4,
    0x3e092441, 0x239c5788, 0x74acfe91, 0x86452607, 0xbba98bb5, 0x64736155, 0x58975147, 0x0efea4bb, 0x41105895, 0xf0310933, 0xc7de485a, 0xff006257,
    0xff7700ff, 0x07d804ec, 0x05234b57, 0x00070127, 0x01c60175, 0x07ab4457, 0x1b2f0b29, 0x3e1e0bb1, 0x471fb159, 0x5c2606bf, 0xec03ecff, 0x8f460006,
    0x202d8405, 0x09394333, 0x465c1020, 0x46b12006, 0x5b8f0749, 0xd0009e22, 0x7b485b93, 0x235b8d06, 0x3d9e0006, 0x8908f343, 0x06ad4459, 0x19205985,
    0xa222b588, 0x5992ad01, 0x84079149, 0xc2052159, 0xa222b588, 0xb5921a01, 0x5b8c2420, 0x24091141, 0x01e5009f, 0x10114158, 0xb5962120, 0x01529f22,
    0xb5882b87, 0x59862220, 0x0000a926, 0x4207c604, 0x282a8782, 0x07010000, 0x9e009f00, 0x2d874301, 0x20082b49, 0x2a59861b, 0x05ecff5f, 0x0002062b,
    0x83480026, 0xba01252d, 0x1305d403, 0xb22b0b82, 0x72011ff0, 0x011f1fb2, 0x839fb25d, 0x29098204, 0x1fcfb471, 0x71021fdf, 0x1a83dfb2, 0x04835f20,
    0x011f4f25, 0x82cfb271, 0x4fb4281f, 0x021f5f1f, 0x8260b25d, 0xe0b2210b, 0x04821583, 0x31305d22, 0x2107074d, 0x7d4cef06, 0x00702408, 0x444a0192,
    0xc6180721, 0x4f4408e9, 0x05eb4707, 0xeb47ad20, 0x00062306, 0xa9445c70, 0x07e94708, 0x441fb021, 0xd74c067b, 0x881a2005, 0x00a12259, 0x6de982bf,
    0x598806f5, 0x2d860f20, 0xd8205985, 0x22084548, 0x448900a1, 0x5b8809a9, 0x5b8c2120, 0x5b880420, 0x7101a223, 0x11bd4d01, 0x8d4b1320, 0x205b8506,
    0x225b88c2, 0x483b01a2, 0x252412fb, 0x3130f401, 0xa92a7382, 0x46044ffe, 0x1b00b005, 0xa14e7a00, 0x0c034505, 0x0c23c418, 0x1b2f0f24, 0x205c0fb1,
    0x771a2010, 0x1a200592, 0x210c367e, 0xaf5715b0, 0x180f200d, 0x210c04a1, 0xf55f16b0, 0x1121220f, 0x0f074421, 0x347d3720, 0xfde02507, 0x49dd0289,
    0x2d09f343, 0x035dfd9b, 0x022dfd93, 0xfda10277, 0xe2439dfc, 0x698a3508, 0xfe9eb005, 0x0200002c, 0x68fe5d00, 0x4e04f303, 0x2d002500, 0x07b3a518,
    0xbb821a20, 0x3f5f1a20, 0x18c8870c, 0x260807a4, 0x0db0d004, 0x4408b110, 0xb23009d7, 0x111a122a, 0x2ab03912, 0x2abfb42f, 0x5d022acf, 0x0b5d5418,
    0x1012b022, 0x0b488618, 0x8525b221, 0x101a212b, 0x0b144f18, 0x25313025, 0x45330706, 0x26210eef, 0x06356000, 0x5b111221, 0x3621059e, 0x059d5b37,
    0x03262626, 0x017347e5, 0x623ce989, 0x7bf5feda, 0xead381dd, 0xb30423fd, 0x3388628a, 0x9870c2fe, 0x081e0212, 0x366ebd88, 0x6c3af888, 0x2101045a,
    0xfda121ef, 0xfeeafe8f, 0xc5a04dfd, 0xa1024250, 0x8d0e93a3, 0xf94f009b, 0x009f2212, 0x098143a9, 0x2108814e, 0x254c0611, 0x0d374b05, 0x9f000623,
    0x08db4373, 0x4308db4a, 0x7a3207db, 0xdc04ecff, 0x26025707, 0x00002b00, 0x9e000701, 0x9144c800, 0x86222012, 0xfe602659, 0x06f20356, 0x202d8200,
    0x232d824b, 0x559e0006, 0x4a08eb44, 0x2720084d, 0x85063544, 0x882f2059, 0x00a12459, 0x435801f3, 0xa14507a5, 0x22b02107, 0x84061d43, 0xd8052159,
    0x07245986, 0x8000a100, 0x60094b43, 0x27200878, 0x5b852d86, 0x5b881920, 0xa501a222, 0x2720b592, 0x85064b43, 0x88c2205b, 0x01a2225b, 0x094b4332,
    0x374db788, 0xfd7a2607, 0x05dc04f6, 0x2a5b85c4, 0xba010700, 0x97feda01, 0x8400ffff, 0x93062145, 0x02244587, 0x002b0134, 0xa188cf88, 0x5007f348,
    0x42200533, 0x2c212d82, 0x05574100, 0xed43f120, 0x7b072009, 0xb12006f6, 0x26074f51, 0x0300008c, 0x824107df, 0x864c202d, 0x011d2a2d, 0x00090041,
    0xb02f11b0, 0x27f38514, 0x0000b7ff, 0x2e077a02, 0xb7502382, 0xffa52405, 0x4546013c, 0x13510785, 0x85072008, 0x9dff21f3, 0x60222d82, 0x294cea05,
    0xffa52408, 0x8c020022, 0x3e1a242d, 0x4107b159, 0xff2105ab, 0x222d82cc, 0x88ef066c, 0xff70225b, 0x0951453e, 0x08eaa018, 0x89860520, 0x2d82b220,
    0xab055222, 0x70245b88, 0x060024ff, 0x8407d941, 0x205b822d, 0x202d87b0, 0x222d82ec, 0x881a0743, 0xffa1225b, 0x0953456b, 0x07205b88, 0xd2205b86,
    0x29222d82, 0x5b88d705, 0x51ffa124, 0x5b900000, 0x00272d86, 0x0158fe18, 0x85b00578, 0x2c83825b, 0xff09e6a4, 0xfefbffff, 0x0568014f, 0x201582c4,
    0x233b824d, 0xc9a40006, 0x23064343, 0x04078401, 0xa2228788, 0x91411c00, 0x08f75109, 0x3f410b20, 0xb7002b05, 0xf905ecff, 0x2600b005, 0x43822d00,
    0x2e000723, 0x29078202, 0x8d00ffff, 0x4a034bfe, 0x1782c405, 0x07255b83, 0xf1014e00, 0x2a5d8300, 0x04ecff35, 0x02350782, 0x412e0026, 0x012305c1,
    0x4135017c, 0x0020076f, 0x2106bb73, 0x474314b1, 0xb4ff2705, 0x39024bfe, 0x2d82d805, 0x2d859c20, 0xff33ff23, 0x0c9951d8, 0x593e1a24, 0x8b8612b1,
    0x58fea924, 0xe5840505, 0x8b832f20, 0x01ba0125, 0x84f9fe94, 0x0445248b, 0x8200060c, 0x864f2045, 0xfe112217, 0x261782e6, 0x040000a1, 0x8231071c,
    0x84302017, 0x0075245d, 0x54310126, 0x082010e9, 0x26061b49, 0x02000093, 0x82960734, 0x8650202d, 0x0118222d, 0x0c294296, 0x8b822020, 0x2506af4e,
    0x09fea900, 0x8b841c04, 0x00215b82, 0x228b8207, 0x82aafe6c, 0xfe572473, 0x84550109, 0x8345828b, 0xfbff2117, 0xa9201784, 0x05218b83, 0x828b87b1,
    0x04d5222f, 0x07116ac2, 0x1b2f0a25, 0x681e0ab1, 0x00210595, 0x2587829c, 0x000206ad, 0x87840026, 0x56222982, 0x0b821305, 0x081fb226, 0x9fb25d01,
    0x24080482, 0x2f081fb4, 0xb2710208, 0x710108af, 0x3f082fb4, 0xb2720208, 0x720108df, 0x6f085fb6, 0x03087f08, 0x08cfb472, 0x202083df, 0x2120824f,
    0x3183cfb2, 0x5f084f27, 0xb25d0208, 0x210b8260, 0x2a82f0b2, 0x8a083f48, 0xa20025c3, 0xc5fdbc01, 0x8183c382, 0x0006a022, 0x00218185, 0x22178207,
    0x45b6fd38, 0x0523057d, 0x53360708, 0x752208ff, 0x2b52f501, 0x75082009, 0xc356061d, 0x008c2608, 0x06df0300, 0x06714f00, 0x75000724, 0x6d445b01,
    0x09142112, 0x2605ab45, 0x0509fea9, 0x85b00508, 0x0700215b, 0xd022f582, 0x7382aafe, 0x09fe8c26, 0x4e04df03, 0x17844585, 0x17843320, 0x89055744,
    0x019f248b, 0x56370114, 0xf3561003, 0x238b8d07, 0x7a9f0006, 0x44080946, 0x162008f7, 0x21060344, 0xb78300bc, 0x71850420, 0x89820120, 0x0560ff30,
    0x00100015, 0xb22f17b0, 0x5d01174f, 0x04829fb2, 0x82313021, 0xff76269b, 0x060905ec, 0x082954e5, 0xe9007024, 0xa3434001, 0x540d2007, 0xb02006e1,
    0x2607f748, 0x04ecff5b, 0x4fad0534, 0x062306a1, 0x49667000, 0x0420087f, 0x04252b82, 0xb0593e1a, 0x05fd431d, 0x2006b154, 0x24598810, 0x011601a1,
    0x46599039, 0x59850733, 0xfb4fd820, 0x00a12208, 0x09334693, 0x1f205b88, 0x37205b8c, 0xa6225b88, 0xdf546b01, 0x08262212, 0x08796bf4, 0xff205f85,
    0xa6225f88, 0x5b50e800, 0x09222412, 0x4f1eb0f4, 0xa8260643, 0xc9040000, 0x31823607, 0x4b433620, 0x80012105, 0x20129158, 0x0679431a, 0x00008c26,
    0x0006d202, 0x56202d82, 0x00212d85, 0x092942b6, 0x1b2f0b29, 0x3e1a0bb1, 0x4210b159, 0xa8260629, 0xc90409fe, 0x5b85b005, 0x01070031, 0xfe6301ba,
    0x00ffffaa, 0x0209fe53, 0x854e0497, 0x21178345, 0x1784f7ff, 0x9f228b8f, 0x29429f00, 0x82042009, 0x1e04215d, 0x1d205d82, 0x21059144, 0x8b826300,
    0x8b88cd20, 0x9f000623, 0x082942d6, 0x12208988, 0x27052942, 0xecff5000, 0x38077204, 0x37207182, 0x0121b785, 0x0985568d, 0x20088d48, 0x24e58629,
    0x03ecff5f, 0x205984bb, 0x202d8657, 0x20e58951, 0x20878209, 0x20e58309, 0x8fe58629, 0x009e225b, 0x4c5b9397, 0x5b8a096b, 0x9e000623, 0x088f485b,
    0xb5875989, 0x044dfe25, 0x85c40572, 0x070031b5, 0x9f017900, 0xffff0000, 0x45fe5f00, 0x4e04bb03, 0x9f821782, 0x5d221784, 0x1782f8ff, 0xfffd5022,
    0x01252f8b, 0xfe7501ba, 0x221782a0, 0x8bf6fd5f, 0x2217822f, 0x8297fe33, 0x24b98f17, 0x01ac009f, 0x10994339, 0xb9962b20, 0x41709f21, 0xb988086f,
    0x2007f555, 0x22898231, 0x82b00597, 0x003824a1, 0x82070000, 0x84662071, 0xfd092689, 0x055602ff, 0x20178240, 0x21178558, 0x1784c500, 0xe9823120,
    0xe9822f8a, 0xe9849020, 0x4dfe0924, 0x2f899902, 0x00790023, 0x261784ef, 0x04000031, 0x85360797, 0x0701255f, 0xa1009f00, 0x20125344, 0x29b9860d,
    0x02ecff09, 0x007906ec, 0x75820026, 0x8d830120, 0x8a05952c, 0xb2001200, 0x5d011a0f, 0x04839fb2, 0x04824f20, 0xff31302b, 0xff8c00ff, 0x07aa04ec,
    0x08975722, 0xc000a523, 0x08735b01, 0x2008f357, 0x06e74616, 0x20051153, 0x069953ec, 0xa5000624, 0x1347045c, 0x41142010, 0x598406cd, 0x88e30621,
    0x00702259, 0x09ad52c2, 0xb0215987, 0x06fb4313, 0xad205985, 0x70215988, 0x0883445e, 0xf1530720, 0x12b02106, 0x59842b86, 0x880e0721, 0x00a12259,
    0x09ad52ef, 0x20080f5e, 0x20598c16, 0x084d54d8, 0x8b00a122, 0x88098344, 0x8c14205b, 0x8891205b, 0x01a3225b, 0x09235c4b, 0x2308a758, 0xb0f40616,
    0x84079553, 0x5b0621b9, 0xa3225f88, 0x9357e700, 0x225f8709, 0x440414b1, 0xbf850983, 0x63883520, 0x4401a624, 0xf9533601, 0x08734107, 0xf4081524,
    0xb54419b0, 0x23638206, 0xff050c04, 0xa6226388, 0xe744e000, 0x0be35409, 0x7c17b021, 0x8c2a0601, 0xaa047bfe, 0x2000b005, 0x6f4e5500, 0x2f182405,
    0x1818b11b, 0x4d0c49af, 0x13200799, 0x13261982, 0xb0593e12, 0xd4821018, 0x1304b226, 0x39121120, 0x210ea34d, 0x751813b0, 0x11220f7f, 0x704d0606,
    0x2207230e, 0x81182700, 0xaa240a6a, 0x9b838a01, 0x33076553, 0xfeef164f, 0xaebe02e4, 0x05ada3a1, 0x9421fcb0, 0x60723be2, 0x3d056653, 0x01015361,
    0xe003e202, 0xaf9e26fc, 0xdb039eae, 0x88000100, 0xe6034ffe, 0x1f003a04, 0xbb856f00, 0x180c6753, 0x700c9193, 0xb02407d7, 0xb0584500, 0x1808624e,
    0x8208b060, 0x05b121e2, 0x2209694e, 0x74101fb0, 0x102306bc, 0x82111d12, 0x6d1220e4, 0x21200eae, 0x2724d28e, 0x26222306, 0x3322d484, 0xdb823732,
    0x4ed20321, 0xa62b0935, 0xadd16c04, 0xc8b901b5, 0x4eb946d4, 0x25080824, 0x7f656a8f, 0xc002c5c9, 0x9ef645fd, 0xc6fb1303, 0x3d00ffff, 0xed060000,
    0x26023607, 0x00003b00, 0x9e000701, 0x7146c501, 0x5d032009, 0x275b0729, 0x002b2607, 0x06d30500, 0x202d8200, 0x202d865b, 0x098b4524, 0x2d820c20,
    0x3e1a0c25, 0x430fb159, 0x235b0663, 0x009e220f, 0x515b8992, 0x0b2108f7, 0x05c94806, 0x230d9d56, 0x259e0006, 0x56088b45, 0xbd43086f, 0x21598407,
    0x8782fb06, 0x0125bf82, 0x006a0007, 0x09a342c2, 0x21085149, 0xa3420410, 0x00562409, 0x847a0400, 0x843e20e7, 0x017522b9, 0x4d8b8987, 0x4760084f,
    0x00582407, 0x84b30300, 0x865e20e7, 0x8921202d, 0x083543e7, 0x73460c20, 0x215b8406, 0x8d82f806, 0xa2225b85, 0x5b926e01, 0xa5441120, 0x215b8406,
    0x2d82c205, 0xa2225b85, 0x5b920801, 0x43411120, 0x22b78f06, 0x45a6009f, 0xb788095b, 0x8d07af49, 0x000623b7, 0x1546409f, 0x41b58808, 0xff27069d,
    0x070000f2, 0x82420757, 0x85812087, 0xc90221e3, 0x4709cf4c, 0x4f5d0885, 0xff4e2607, 0x067c06ec, 0x202d8201, 0x212d8686, 0x5b88007a, 0x2107f442,
    0x114140b1, 0xff762a06, 0x071d05a3, 0x00260280, 0x232d8583, 0x8001e901, 0x240c1f54, 0xb1593e1e, 0x06e1472c, 0x7aff5b26, 0x00063404, 0x89202d82,
    0x37202d86, 0x20091141, 0x06e34904, 0xe147b120, 0xbeff2b06, 0x1f040000, 0x26028d04, 0x2d833002, 0xff26023b, 0x0078ff2f, 0x1fb2002c, 0xb4710118,
    0x18ef18df, 0x1fb47102, 0x02182f18, 0x2212835d, 0x834fb272, 0x18ef2217, 0x271083ff, 0x5d01185f, 0xffff3130, 0x36264596, 0x17efb400, 0x398217ff,
    0x01174f2a, 0x171fb271, 0xdfb27201, 0x6f200483, 0xb4250482, 0x17ef17df, 0x22158402, 0x185fb271, 0x83092249, 0x2800254f, 0xfd030000, 0x01219583,
    0x2e9582d8, 0x45260206, 0x000d00e0, 0x010a03b2, 0x82b0b25d, 0x05f55804, 0xbb821320, 0x1e067022, 0x3320bb82, 0x2008075e, 0x0717411e, 0x1c24e984,
    0x0cb1593e, 0x8f061143, 0x0175232d, 0x2d880064, 0x1b2f0524, 0x2d8305b1, 0x8d075747, 0x0006232d, 0x59916e9e, 0x83420f20, 0x202b8506, 0x2487860a,
    0x6aa50006, 0x88858722, 0x020e2157, 0x84059743, 0xe305212b, 0x6a22b388, 0x85829e00, 0xc9621720, 0x2185830a, 0xc9620212, 0x21318409, 0x31887906,
    0xf500a324, 0xc9622900, 0x6231830c, 0x31850bc9, 0x31857c20, 0x02070031, 0x00ff0027, 0x00ffff0a, 0x044afe60, 0x829d0430, 0x00312a17, 0x00070000,
    0xff740179, 0x261782fd, 0x0300008a, 0x821e06ae, 0x05515617, 0xa8004422, 0x24091941, 0xb11b2f06, 0x0b194106, 0x75222d8f, 0x2d893701, 0x2d820720,
    0x8f860720, 0x90313021, 0x0006235b, 0x4741419e, 0x20598808, 0x06474110, 0x05215984, 0x248786e3, 0x716a0006, 0x88e7871e, 0x0213242b, 0x471cb0f4,
    0xff250529, 0x010000be, 0x21b7835f, 0x0982e301, 0x44000623, 0x205b8885, 0x06dd7802, 0x4105b121, 0x8e2406fd, 0x2f020000, 0x75212b8a, 0x202b8813,
    0x202b8203, 0x20b38303, 0x212b8506, 0x2b82c7ff, 0x2b882420, 0x9e000724, 0xe1891eff, 0x08205988, 0xff21b585, 0x202d82b3, 0x84b5833c, 0x00072485,
    0x414eff6a, 0x2d8809d1, 0xb7820b20, 0x8207055e, 0x580427e7, 0x26020a06, 0xb782de01, 0xa5000725, 0x42009500, 0xe9880831, 0x31420d20, 0xff602406,
    0x845a04f0, 0x84dd208d, 0x0044222d, 0x208d89ee, 0x06f26d0a, 0x394cb120, 0x222d8f07, 0x927d0175, 0x851e202d, 0x8f0020e9, 0x009e222d, 0x202d9287,
    0x86e98520, 0x85b7832d, 0x00a52289, 0x88b78983, 0x8b1f2089, 0xe30521b7, 0x2d85e582, 0xb7006a22, 0x88091741, 0x0223212d, 0x20090b5e, 0x20e98274,
    0x20e9840a, 0x20e986d7, 0x208d89cf, 0x06ca7c09, 0x8613b121, 0x222d8fbb, 0x895e0175, 0x8211202d, 0x1c11232d, 0xe351593e, 0x8d002007, 0x0006232d,
    0xff41689e, 0x4a598808, 0x2b8407f9, 0x8785b984, 0x98006a22, 0x2d88b989, 0xb9821920, 0x2407157a, 0x0400000d, 0x20b9841c, 0x22b984d3, 0x89330175,
    0x089a7f8b, 0x20079b47, 0x222d8213, 0x44cb0570, 0x7022082f, 0x554f266c, 0x07b54407, 0xd95db020, 0x202b8507, 0x08fd43f6, 0x9900a124, 0xe3441f00,
    0x080e2f10, 0x003130f4, 0xfe130002, 0x0470044f, 0x7f5d008d, 0x0c9a6e0a, 0x20397f5d, 0x137f5d00, 0x7f5d0020, 0x01982220, 0x0a7f5dd8, 0xfd68b02f,
    0x01bd6ef8, 0x910178df, 0xfb8d04c7, 0x084a4973, 0x016c9436, 0x04e9fe0a, 0x0121fd8d, 0xffff00fd, 0xf0ff6000, 0x1e063004, 0x2505a944, 0x75000701,
    0x4f416901, 0x2f0b2909, 0x1c0bb11b, 0x1fb1593e, 0x890ac542, 0x0006232d, 0xdb41739e, 0x202b8808, 0x0ac34221, 0xe0053022, 0xa2225988, 0x59925001,
    0xc3422320, 0x2459890a, 0x009f0007, 0x097d4188, 0x87865b89, 0x00008a24, 0xb5841f04, 0x00003027, 0x9f000601, 0x08a94131, 0x20080342, 0x232b891a,
    0xcb05ae03, 0x2108eb44, 0x03423f70, 0x45062008, 0xb0200671, 0x4507335b, 0xf6200517, 0xa1212b88, 0x4457886c, 0x0f20082d, 0x8506fd47, 0x45df832b,
    0xa22105cb, 0x0abb4401, 0x13202d88, 0x002ddf83, 0xfe8a0001, 0x04ae034f, 0x001b008d, 0x0581467c, 0x0c376618, 0x5a0c2d42, 0x142e08a9, 0xd01bb010,
    0xb22f1bb0, 0x5d011b1f, 0x0482dfb2, 0x5e00b121, 0x14200aa9, 0x820da55a, 0xd005222d, 0x3bab5ab0, 0xecfd5725, 0x4b3d6b02, 0x9b22098b, 0x5718cafd,
    0x42420aec, 0x698a2708, 0xfe998d04, 0x734600b2, 0x569f2112, 0x59112f41, 0x6331079d, 0x3504f0ff, 0x26021e06, 0x0000e501, 0x9e000601, 0x083b4271,
    0x4408a344, 0x2b8407ff, 0x86f60521, 0x0007242b, 0x429c00a1, 0x2d89090d, 0x85068941, 0x88e0202d, 0x01a2222d, 0x0969424e, 0x25202d88, 0x26066942,
    0x04fcfd63, 0x859d0435, 0x0700272d, 0x4f01ba01, 0xcb859dfe, 0x84580421, 0x82e4209f, 0x0007249f, 0x4790009e, 0x4147126d, 0x95ff2406, 0x46020000,
    0xe3200559, 0xa5222d84, 0xa1451aff, 0x08e74609, 0x73850720, 0x82aaff21, 0x054a222d, 0x857382cb, 0xff70232d, 0x8542001c, 0x07b94608, 0x20083958,
    0x202d82ca, 0x85fd8421, 0xffa1222d, 0x46fd8949, 0x072008e7, 0x0626fd86, 0x66014ffe, 0x5b858d04, 0x00060025, 0x8200d4a4, 0x828820cd, 0x05632295,
    0x241585e0, 0xa2000601, 0x11b147fb, 0x9d850b20, 0xff2b0025, 0x840d04f0, 0x84e220f9, 0x019e22cb, 0x44f98907, 0xb12107d5, 0x06d74314, 0x05fe8a24,
    0x6f845704, 0x0000e12a, 0xba010700, 0xa6fe1401, 0x82247182, 0x8b030000, 0xe0204584, 0x06234582, 0x49077500, 0x8b6a11f3, 0x8a002506, 0x8b0307fe,
    0x2b824384, 0x10224384, 0x8341a8fe, 0x20178205, 0x82b5828e, 0x83012017, 0x037e225b, 0x0c35579f, 0x35571c20, 0x838a2006, 0x2541896d, 0x6601a200,
    0xc54137fd, 0x05f1470c, 0x8f017522, 0x0824cb89, 0x08b11b2f, 0x240ba94a, 0x0403fe8a, 0x82458458, 0x2287842d, 0x92a4fe6c, 0x009f2245, 0x098141ae,
    0x4c08db43, 0x602607bd, 0x5a04f0ff, 0x7f47cb05, 0x00702208, 0x09dd4185, 0x55077f42, 0x2d8508eb, 0x2d88f620, 0xb200a122, 0x6112db42, 0x2d8407c1,
    0x881d0621, 0x01a6222d, 0x12db4707, 0x55061e21, 0x8a2609bd, 0x25040000, 0x31821e06, 0x0000da28, 0x75000701, 0x01412701, 0x08254b09, 0x1d451920,
    0x07fe2507, 0x8d042504, 0x00252d85, 0x01ba0107, 0x0789410d, 0x0623458a, 0x47469f00, 0x1c20110b, 0x43244386, 0xdd03f0ff, 0xd9207184, 0x3e207186,
    0x09207189, 0x20074d48, 0x232d9428, 0x489e0006, 0x20111f48, 0x066b422a, 0x4dfe4326, 0x9d04dd03, 0x59829d82, 0x0007002a, 0x00530179, 0x00ffff00,
    0x9d82718d, 0x9d885d20, 0x2a206f88, 0x28226f86, 0xe14c01fe, 0x22e18409, 0x82a2fe14, 0x00282443, 0x84fd0300, 0x82d820b5, 0x204382b5, 0x11bb4450,
    0x43880d20, 0x438b4f20, 0x3e228782, 0x43820200, 0xf0ff7426, 0x0a060a04, 0xd7209f82, 0xa5224384, 0x31482264, 0x08174907, 0x65431520, 0x212b8406,
    0x2b88cb05, 0x44667021, 0xb3870801, 0x8508b753, 0x86f6202b, 0x0007242b, 0x429300a1, 0xe1880923, 0x8407e34e, 0x7906212d, 0xa3222d88, 0xb74cef00,
    0x232d8909, 0x1fb0f406, 0x2005cf4b, 0x22318300, 0x881d0614, 0x00a62231, 0x095542e8, 0x1420b988, 0x2907b36f, 0x74000100, 0x0a0474fe, 0xf9528d04,
    0x3e1c230e, 0xad18b059, 0xf952081b, 0x52052016, 0x0e2305f9, 0x5209b110, 0xf9520a33, 0x06142211, 0x0e275207, 0x2b062452, 0x36323316, 0x0a041135,
    0x6c326f78, 0x3207f952, 0x04f9cd5a, 0x83858fb7, 0xfc8d048f, 0x30ba7af3, 0x52525b28, 0x682505f8, 0x03b8ce56, 0x7b941817, 0xffff2908, 0x00003100,
    0x1e06f105, 0xd528eb82, 0x07010000, 0x3b019e00, 0x45099d42, 0x172408a9, 0x3130f404, 0x5f4a2d82, 0x0006230d, 0x9d423d9e, 0x083d4408, 0x2b8b0d20,
    0x82e30521, 0x82d32059, 0x00062359, 0x454d6d6a, 0x212b8808, 0xcb510210, 0x00472409, 0x84e00300, 0x4ad22089, 0x9b4411bb, 0x212d8410, 0x5d82e005,
    0xa2222d85, 0xb7891a01, 0x2008fd4d, 0x065d4211, 0x06235b8d, 0x42529f00, 0x2b8808cd, 0x210c1172, 0x97683f06, 0x06002d05, 0x0004ae00, 0x29ffffff,
    0x46040000, 0x09821584, 0x00070026, 0x0072feae, 0x37261783, 0x08050000, 0xd15f4106, 0x26178405, 0xff020080, 0x823dffff, 0x067722c3, 0x05575e40,
    0x86221784, 0x17820100, 0xecffe62c, 0x3f061d05, 0x33002600, 0x17830014, 0x842fff21, 0x210c8247, 0x17841f05, 0x84643d21, 0x5dfe2117, 0xe9201784,
    0xdf207782, 0xba201784, 0x32202f86, 0x9b2a1784, 0xad02f4ff, 0x26027406, 0x6982c300, 0xaf000728, 0xecff2aff, 0x3d491d00, 0x08b35305, 0xf4011829,
    0xb0d00fb0, 0x6ab01018, 0x1c2a072d, 0x1d050000, 0x0602b005, 0x47832500, 0x82a90021, 0x8488205f, 0x8826200f, 0x8446200f, 0x23e7820f, 0x5600ffff,
    0x7a201f82, 0x3e200f84, 0x05211f87, 0x200f8408, 0x200f842c, 0x207d82b7, 0x200f8477, 0x201f882d, 0x840f8405, 0x215f83d7, 0x0f845206, 0x3f8e3120,
    0xdb5bc784, 0xc4052105, 0x33208f82, 0xc0207f88, 0x34202f84, 0x31200f84, 0x97207f82, 0x38200f84, 0x0f200f84, 0xbb200f82, 0x3d200f84, 0x39200f84,
    0xce200f82, 0x3c200f84, 0xc7710f83, 0x040b2226, 0x315318f4, 0x31755408, 0xebff642a, 0x3a067704, 0xbb002602, 0x0726fd82, 0x7501ae00, 0xd944fbff,
    0x2f132807, 0x1a13b11b, 0x67b1593e, 0x63260781, 0xec03ecff, 0x2d823906, 0x2d86bf20, 0xfaff2b22, 0x15202d87, 0x15202d82, 0x28202d83, 0x24061954,
    0x0361fe91, 0x205b84f0, 0x202d86c1, 0x6d5b8946, 0xc326109b, 0x4b02f4ff, 0x05422506, 0x00062406, 0x87e62aae, 0x10b75559, 0x87828f20, 0x7406f622,
    0xcb202b82, 0x06235982, 0x4221af00, 0x0020082f, 0x00208582, 0x1d2a8583, 0x15b0f401, 0x101db0d0, 0x0b4527b0, 0x009a2e06, 0x043f0400, 0x0006023a,
    0xff00008e, 0x05df6dff, 0x824e0421, 0x056b460f, 0x60fe9a24, 0x1f84ee03, 0x1f847620, 0x00002124, 0x0f84ba03, 0x82005a21, 0x5a002b66, 0x74044cfe,
    0x1b004904, 0x9b426e00, 0x0cf67705, 0x0c97c118, 0x85821320, 0x26451320, 0x820e2007, 0x820e200c, 0x03b22a0c, 0x12111304, 0x1312b239, 0x22068304,
    0x82120306, 0x0bbd7c06, 0x1215b223, 0x065b7f03, 0x0c97d118, 0x32136308, 0x33131317, 0x17161301, 0x06073733, 0x27262223, 0x01230103, 0x07232603,
    0xaec23627, 0xbbff9558, 0x3ddaa0fe, 0x2f481a44, 0x785b2518, 0xe7fea23e, 0xa88301c4, 0x01446b49, 0xc0490444, 0x0402adfe, 0x0efe2ffd, 0x9e050380,
    0x01865e0f, 0x03bffd72, 0xb7830110, 0x000f9405, 0xe5ffffff, 0x6e02f4ff, 0x7741b105, 0x806a2208, 0x072152ec, 0x24087741, 0xb0f40114, 0x0645411d,
    0xecff8f24, 0x2f84f603, 0x21057b41, 0x2f88776a, 0x20087b41, 0x722f821a, 0x5b260787, 0x3404ecff, 0x5f823a06, 0x05425320, 0x42432006, 0x196f0905,
    0x215d8410, 0xd9412506, 0x00072506, 0xff2201ae, 0x88080742, 0x6515205f, 0x06230981, 0x82220619, 0x85ce202d, 0x5302235b, 0x9362e3ff, 0x3e1a240c,
    0x6926b159, 0x46210ae5, 0x1fd37507, 0x53041321, 0x0027080d, 0x040000b1, 0x82420730, 0x2509825f, 0x75000701, 0x81569001, 0x08615e09, 0x68080821,
    0x502005a3, 0x7229e982, 0x2600c405, 0x00b26400, 0x8fa01827, 0x08566909, 0x0b5c4118, 0x1006b025, 0x82d00bb0, 0x0d891805, 0x1a26270c, 0x39121106,
    0x481826b0, 0x1a260d7d, 0xd01fb010, 0xc9671ab0, 0x31302a0c, 0x35262601, 0x32332434, 0xe9921816, 0x044f080f, 0x26242223, 0x16143335, 0x34363233,
    0xf7560226, 0xdc1301e1, 0xc181eb96, 0x9f8e99a8, 0xcd6b0197, 0xe7ecfe63, 0x8dfcfe96, 0x98a3c3c1, 0x890296a2, 0xac98cf47, 0x79cc74e1, 0x6f7d9784,
    0x7b667b59, 0xd5b16fa4, 0x847fc873, 0x75d67c99, 0x4500ffff, 0x97440e17, 0xff353032, 0x05cc03ec, 0x000602b0, 0xff00002e, 0x45b200ff, 0x022007b9,
    0x20057945, 0x270f82a9, 0x02300705, 0x002f0026, 0x2205c94a, 0x5530017b, 0x1e240cef, 0x0eb1593e, 0x2606074d, 0x04ebff4d, 0x821a07cb, 0x84de202d,
    0x00a1242d, 0x514301da, 0x112007ed, 0x07a45418, 0x915c1520, 0x1f254606, 0x0000b124, 0x9b843004, 0x0b630982, 0x46042005, 0x15820b35, 0x84ff0421,
    0x85dc206d, 0x3101216d, 0x58186d89, 0x57500839, 0x46c98207, 0xe9851623, 0xecff7624, 0x23460905, 0x82b2200a, 0x840120f9, 0x46b6207d, 0x77241433,
    0xd804ecff, 0x27202f84, 0x46144346, 0x002b0e33, 0x03ecff6d, 0x024e04ea, 0x84450006, 0x825d202f, 0x84f3200f, 0x8449200f, 0x829c200f, 0x820120ed,
    0x0026224f, 0x23cd85f0, 0xedffa200, 0x84073b41, 0x3e1a22cd, 0x08255159, 0x7d825b20, 0x21453420, 0xfe8c240a, 0x841e0460, 0x0054210f, 0x00213e82,
    0x285d825c, 0x004e04ec, 0xb24b001d, 0xb74a1810, 0x18112052, 0x0812b74a, 0x94633e3f, 0x7605af08, 0xfedd6ec5, 0x94d974fb, 0xaf08f1b6, 0x8d698f08,
    0x78839a9b, 0x64a85d5a, 0x00012701, 0x88f69e1f, 0x8769aeda, 0xbb23c0cb, 0xffff00ca, 0x4bfe1600, 0x3a04b003, 0x5d000602, 0x240f8300, 0x03000029,
    0x200f84ca, 0x0925415c, 0x212b2d75, 0x41829a00, 0xec054730, 0xec002602, 0x07010000, 0xcd007500, 0x4354ecff, 0x3e1a250c, 0x0908b159, 0x26056b4a,
    0x03ecff5f, 0x824e04bb, 0x8457207f, 0x828d206f, 0x05682233, 0x200f82c4, 0x740f834d, 0xff2531f5, 0x014bfebf, 0x20418459, 0x08d7414e, 0xeb053f22,
    0xf1208f82, 0x8f825b82, 0xff3b0123, 0x208f90eb, 0x268f860f, 0x034bfe16, 0x82d805b0, 0x0539732d, 0x0150a122, 0x24070342, 0xb11b2f0f, 0x4cbb820f,
    0x7f5d08a1, 0x0244220f, 0x093b5c2c, 0x79087f5d, 0x7f5d0703, 0x0144230f, 0x255d008b, 0x08676308, 0x87860e20, 0x75225b8f, 0x5b89bb02, 0x4c085f45,
    0x5b8f07fd, 0x70027521, 0xab460a2d, 0x84e38708, 0xfb06215b, 0x2208375e, 0x82f5016a, 0x4717205b, 0xb78805b9, 0x31791a20, 0x215f840a, 0x3b5ec505,
    0x016a2208, 0x09256054, 0x0b47bb88, 0x0f3f5e0b, 0xf9004422, 0x20123767, 0x06b7440a, 0x240d3f5e, 0x00440007, 0x091b418c, 0x2008415e, 0x061b4111,
    0x21046734, 0x0006fd00, 0x0b000602, 0xffff0000, 0x12048800, 0x0f842302, 0x0f840620, 0xf5ffa02a, 0xb0058a03, 0x05002600, 0x07234582, 0x82020500,
    0xffff288d, 0x4bfeb4ff, 0x69053f02, 0x9f240979, 0xd9ff48ff, 0x20106562, 0x06134713, 0x16043024, 0x55834701, 0x84850121, 0x00a92a55, 0x07520600,
    0x00260236, 0x05474231, 0x89990221, 0x08436ad1, 0xd1861120, 0x2d828b20, 0x3d827820, 0x51002622, 0xad202d86, 0x20120968, 0x26d18620, 0x056bfe1c,
    0x4cb0051d, 0x0724068d, 0x7f01a700, 0x6d267384, 0xea036bfe, 0x17824e04, 0xc9844520, 0xc700a722, 0x7e080b45, 0xa745290d, 0x82422005, 0x05a74545,
    0x6d014422, 0x2009ab47, 0x07c36808, 0x6e07ef7a, 0x07230d41, 0x79004400, 0x35451ba7, 0x82ec2005, 0x0535455b, 0xde004422, 0x6e09ed43, 0x0b200871,
    0x5a24e786, 0x21050000, 0x0622e782, 0xc784b900, 0x28fe5f2a, 0x3a044305, 0xcd000602, 0x16340f84, 0xdd040000, 0x2602e806, 0x00001901, 0xac000701,
    0xfa003904, 0x280cb976, 0xb1593e1e, 0xb0f40811, 0x05734915, 0x82fbff21, 0x050b2231, 0x203182c1, 0x2331851a, 0xd3ffd403, 0x11203187, 0x1120db82,
    0x6206a377, 0xff3505bf, 0xfe5b00ff, 0x0440084b, 0x0026004e, 0x00000053, 0x045d0007, 0x267b8490, 0x094bfe76, 0x82c40530, 0x85332017, 0x80052117,
    0x502a1784, 0x6a0451fe, 0x2602c405, 0x1783db00, 0x0151022f, 0xffb8ff9c, 0xfe5800ff, 0x04ac0352, 0x2017824d, 0x221786ef, 0x82b9ff43, 0x82772017,
    0x0ac17f2f, 0xe5202f82, 0x5c222f84, 0x177b51fe, 0x2017820b, 0x4c178452, 0x2e2a0feb, 0xdf0360fe, 0x06023a04, 0x7b4dbd00, 0x821b2014, 0x073522b4,
    0x2077821a, 0x22f184da, 0x47f801a1, 0x0d200975, 0x20078169, 0x06e34719, 0x00001524, 0xbd840406, 0x2d86ee20, 0xd5465f20, 0x4a4e1809, 0x482d8708,
    0x00200ecf, 0x2025bd77, 0x256b860e, 0x03ecff6d, 0xbd7705ea, 0x482c201f, 0x06200b7d, 0x1f654118, 0x0a474018, 0x2005c147, 0x2ad57c05, 0x31052761,
    0x0602b005, 0x00008100, 0x4e00ffff, 0x7c06ecff, 0x0f824e04, 0x47438620, 0x55f3730a, 0xecff5d34, 0xd9061205, 0x58012602, 0x07010000, 0xd3006a00,
    0x99421401, 0x08156e07, 0x260b537f, 0x03ecff62, 0x824f04e9, 0x849d209d, 0x240f849d, 0x2602c605, 0x840f8200, 0x00872241, 0x4e418c01, 0xb0210681,
    0x050d432d, 0x1b420020, 0x42072005, 0x6a22081b, 0x4018fd01, 0xc77f09df, 0x041d2408, 0x8626b0f4, 0x051f4231, 0x3182b120, 0x23051f42, 0xff64016a,
    0x6508b54c, 0x1d2108ff, 0x26318901, 0x04ecff50, 0x431c076a, 0x9584050f, 0x5701b722, 0x7d779587, 0x82302008, 0x075b7e63, 0xedff5826, 0xc505ac03,
    0x25052943, 0x6a000601, 0x2f87005e, 0x1b2f0a24, 0xc5830ab1, 0x61822e20, 0x93863720, 0x0000b126, 0xef06ff04, 0x2208af44, 0x70040170, 0x574a0991,
    0x420b2008, 0x81440647, 0x44992005, 0x06240681, 0xf4757000, 0x6707b147, 0x2b870883, 0x07215984, 0x22598807, 0x4136016a, 0x0945091f, 0x82112008,
    0x861a20bb, 0x205d858b, 0x08df44b1, 0xa7006a22, 0x44091f41, 0x112008df, 0x3187bd82, 0xecff7624, 0x41180905, 0x5b252c4b, 0x3404ecff, 0x2bc77c05,
    0x31826720, 0xc405fa26, 0x17010602, 0x210daf4f, 0x0f841801, 0x07231f84, 0x83260202, 0x0701271f, 0x27016a00, 0x73413d01, 0x08074207, 0x850b7b42,
    0x82c72083, 0x83418231, 0x88002331, 0xf7610200, 0x0f6b420c, 0x83829320, 0x1d07f426, 0xe7002602, 0x2305df42, 0x58010d01, 0x13283187, 0x13b11b2f,
    0xb1593e1e, 0x6424638b, 0xe003ecff, 0xff20e784, 0x06233182, 0x427c6a00, 0x49410807, 0x01272208, 0x634218f4, 0xff4d2608, 0x06cb04eb, 0x08cd4cef,
    0xad007022, 0x4c090742, 0xe76908cd, 0xfe162607, 0x05b0034b, 0x08b949ad, 0x69237021, 0x0e2008e7, 0x0e208d82, 0xb021bf82, 0x06334211, 0x07215984,
    0x22598807, 0x42df006a, 0x59870907, 0x0419b122, 0x7d095158, 0x61852f51, 0x61884120, 0x2f01a622, 0x3f676189, 0x08142108, 0x09114618, 0xd1226183,
    0xbf86ff05, 0xa6000724, 0x6349a500, 0x08034909, 0xf4091624, 0x9b4212b0, 0x00962406, 0x84c80400, 0x41e120c5, 0x09200681, 0x89436389, 0x0bc74908,
    0x00006726, 0xb105bd03, 0xf9206382, 0x20058141, 0x08eb4364, 0x8d6d0920, 0x0b757e07, 0x0000b232, 0x07073006, 0xe6002600, 0x2700000f, 0xb9042d00,
    0xd3206986, 0xbb6a6989, 0x041f2408, 0x8628b0f4, 0x009d269b, 0x057f0500, 0x203982b1, 0x24c582fe, 0x048d0027, 0x2039862a, 0x093f436d, 0x2108fd43,
    0x3989011f, 0xecff5f32, 0x0006f003, 0x48000602, 0xffff0000, 0xa2fe1c00, 0x220c1b49, 0x840205ad, 0xfe6d2217, 0x0c1b49a2, 0x4a04ad22, 0xb3461784,
    0x49ba2005, 0x0126054b, 0x04ab0007, 0x2b7501ee, 0x08394b08, 0x0ddd4318, 0x61498420, 0x222d8405, 0x18100093, 0x20105743, 0x06134a29, 0xc3205b85,
    0x02255b87, 0x01c30037, 0x07f3422e, 0x09474818, 0x77540c20, 0x23ed8209, 0x8e06c004, 0x06245f86, 0xf9683702, 0x11554318, 0xb0f40823, 0x0b897f32,
    0x88bf0721, 0x00382261, 0x09b943c7, 0x0e20bd88, 0x13206182, 0xff273185, 0x03ecffca, 0x888906ea, 0x6c382261, 0x20619407, 0x20618c31, 0x246188ea,
    0x01c80039, 0x20c3901b, 0x2061820c, 0x83318620, 0x065922c3, 0x226188b5, 0x90e66d39, 0x822a2061, 0x1b4618c3, 0x05254107, 0x6188da20, 0xc3823a20,
    0x61940620, 0x4706c549, 0x062105d9, 0x226188a5, 0x94d16c3a, 0x86332061, 0xfe1c2291, 0x594a18a2, 0x27002d09, 0xc9009e00, 0x07013601, 0x0205ad00,
    0x230e7d68, 0xb1593e1e, 0x2207f357, 0x18a2fe6d, 0x2509c945, 0x9e002600, 0x3383006e, 0x894a0421, 0xe9441833, 0x412d2008, 0xb7200cf1, 0x3c24cb88,
    0x2d01ea00, 0x830c1745, 0x070e2161, 0x22094167, 0x82ecff6d, 0x86822065, 0x020726cb, 0xff8f003c, 0x20cd90f8, 0x0a1f472c, 0x89052f41, 0x98352063,
    0x068b6663, 0x89062f41, 0x98352063, 0x413a2063, 0x08210bf5, 0x22c78840, 0x42ee003d, 0xc7821357, 0x84071356, 0x0a0721c7, 0x3d23c788, 0x42009300,
    0xc7821259, 0x638c4520, 0x63881520, 0x63825020, 0x2b414520, 0x20c78d14, 0x206388df, 0x20638250, 0x142b410f, 0xfe25c788, 0x071d05a2, 0x2763850e,
    0xa1002700, 0x3701f400, 0x7d08f941, 0x421806ad, 0x994a08b1, 0xa2fe2108, 0x8409994a, 0x00992235, 0x08fb4101, 0x0b6e3586, 0x07a14a08, 0xacfea926,
    0xb0054604, 0x0d5a6b82, 0x04ad2805, 0xff0a00c0, 0x825d00ff, 0x04f3224d, 0x2817824e, 0x00000049, 0x04ad0007, 0x0a4d4a8c, 0xe57dc620, 0x04ab2408,
    0x725201b9, 0xa76c1005, 0x05674d07, 0x45858420, 0xab228b82, 0x79448304, 0x080f4709, 0xa1551e20, 0x882e200c, 0x00a5225b, 0x09d54490, 0x6a08f16b,
    0x5b840723, 0x86ec0521, 0x0006245b, 0x87045aa5, 0x20598887, 0x22598a21, 0x87cf07e6, 0x37022559, 0x3a018e00, 0x6c078341, 0x0c2009a5, 0x2008734d,
    0x235d8200, 0x8e06b004, 0x02225d87, 0xd3445837, 0x215d8908, 0x5d58f408, 0xf0ff2707, 0x46040000, 0x6188cb07, 0x92003824, 0x6b694901, 0x3e1e240c,
    0x450fb159, 0xff270935, 0x03ecffba, 0x888906f3, 0x5c382161, 0x8c087942, 0x07c54a61, 0x6182a920, 0xf6077f22, 0x39246188, 0x27019300, 0x35456194,
    0x22c38406, 0x88b50649, 0x5d392161, 0x8808d344, 0x821f2061, 0x182520c3, 0x8209074c, 0x88e620c3, 0x823a2061, 0x941220c3, 0x86162061, 0x845d2031,
    0x88a520c3, 0x5c3a2161, 0x8c08d344, 0x073147c3, 0xacfea922, 0x09e14d18, 0x0027002f, 0x0194009e, 0x00070142, 0x00c004ad, 0x1045420a, 0x22073d7c,
    0x18a2fe5d, 0x24095549, 0x9e002600, 0x05d3445e, 0x180a3f51, 0x29100149, 0x010000b7, 0x02c607f8, 0x4d7c0026, 0x03ab2205, 0x09a74264, 0x2008c950,
    0x06c95004, 0x2d829b20, 0x8206de22, 0x2408957b, 0x004a03ab, 0xff48180e, 0x42042010, 0xa326064d, 0x7e01abfe, 0x115db005, 0x03ad2a08, 0xff09006b,
    0xfe8500ff, 0x0a977bac, 0x0323d582, 0x820a004d, 0xfe762617, 0x050905a2, 0x4f2f82c4, 0xad2e0575, 0x00001805, 0x5b00ffff, 0x3404a2fe, 0x1b594e04,
    0x82002005, 0x4d04202f, 0x76260513, 0x0905ecff, 0xc977bc07, 0x05ab2408, 0x51480110, 0x1e240cc3, 0x2eb1593e, 0x24089d6e, 0x063404ec, 0x08615984,
    0x8d04ab22, 0x20096343, 0x079d6e04, 0xbb862a20, 0x3d225b83, 0x5b87c507, 0x00370225, 0x4b3001e5, 0x23241035, 0x29b0f40c, 0x2606e341, 0x04ecff5b,
    0x868e06ba, 0x0206235f, 0x09436237, 0x425d8808, 0x47200b45, 0xc120bd84, 0x38246188, 0x3f01e900, 0x21206190, 0x15426182, 0xc4ff2106, 0x34226182,
    0x61888906, 0x43663821, 0x61880809, 0xf4081d24, 0x918624b0, 0x20051f41, 0x246188ec, 0x01ea0039, 0x4561941d, 0xc38307e7, 0xb5065322, 0x39216188,
    0x08094367, 0xb55a618c, 0x20618507, 0x206188dc, 0x20c3823a, 0x20619408, 0x0a25412a, 0xa5063422, 0x3a216188, 0x08094366, 0xcd43618c, 0xfe762207,
    0x454f18a2, 0x27002d09, 0xeb009e00, 0x07013801, 0x1805ad00, 0x4c09a947, 0x222108c5, 0x05495606, 0xa2fe5b23, 0x05897004, 0x25825320, 0x9e002623,
    0x05094368, 0x11489d20, 0x3e1a230e, 0x5545b159, 0xff652b07, 0x079d05ec, 0x00260231, 0x2d830098, 0xdd017522, 0x88092d7d, 0x42282061, 0xba220a4d,
    0x2d820006, 0x2d869920, 0x5b926520, 0xeb522620, 0x225b8f06, 0x924e0144, 0x9627205b, 0x0044225b, 0x205b92d6, 0x205b8c25, 0x24b788b5, 0x010c05ab,
    0x10054341, 0x5b8c3420, 0xb7888420, 0x9404ab22, 0x20120543, 0x06054332, 0x1d20b785, 0xa5235b88, 0x7e01e300, 0x134108cd, 0x61292008, 0x5b2606ff,
    0xba04ecff, 0x5b86ec05, 0xa5000623, 0x0869466b, 0x1808db41, 0x26071542, 0x05a2fe65, 0x8537069d, 0x07002559, 0x0905ad00, 0x2406eb43, 0x04ba0499,
    0x834385b0, 0x9b042c17, 0xfffff7ff, 0xa2fe8c00, 0x8305aa04, 0x00392117, 0x20056747, 0x262f84ee, 0x03a2fe88, 0x823a04dc, 0x8659202f, 0x84512017,
    0x05fd7617, 0x1782ba20, 0x01252f82, 0x04ab0007, 0x092347e9, 0x2008a54c, 0x06154113, 0xecff8826, 0x8406dc03, 0x2208f976, 0x418504ab, 0x71730915,
    0x07cb7308, 0x06235b82, 0x8242071d, 0x419a202d, 0xd42006fb, 0x29094355, 0xb11b2f1a, 0x593e1e1a, 0x5b891db1, 0x050f0523, 0x202d82ec, 0x202d869b,
    0x09155563, 0x20083b60, 0x06cd411c, 0x44225b8f, 0x5b894501, 0x2008b577, 0x225b961c, 0x89d40044, 0x08b1515b, 0x5b8c1b20, 0xb788c620, 0x0305ab22,
    0x8809eb45, 0x07af7bb7, 0xecff8826, 0x70060f05, 0xab24b788, 0xfcff9204, 0x88075742, 0x07c560b7, 0x2e20b785, 0xa5225b88, 0x6f41da00, 0x20b78809,
    0x0629421e, 0x05215b84, 0x245b86d8, 0x69a50006, 0x205990f0, 0x0683421d, 0x9afe8c26, 0x02061d06, 0x29425985, 0xf8ff2b05, 0x8800ffff, 0x0f05a2fe,
    0x43859004, 0x042d1783, 0xff000087, 0xfe0f00ff, 0x05bb04a2, 0x201782b0, 0x0611423d, 0x1784bb20, 0x05fe1626, 0x3a04b003, 0x8405534f, 0xff1c2347,
    0x2f82ff63, 0x04000025, 0x85ba07bb, 0x0701252f, 0xb704ab00, 0x0752b989, 0x58092008, 0x84200c9d, 0x2208994f, 0x424a04ab, 0x994f0929, 0x86102008,
    0x840f20bb, 0x8822205b, 0x00a5245b, 0x183a018e, 0x20103149, 0x0615410c, 0x4bfe1626, 0xec05b003, 0x2108b550, 0x3f4321a5, 0xd54d1808, 0x86132008,
    0xfe5f2a59, 0x06ac04cd, 0x00260000, 0x26e58248, 0x01260227, 0x824702a1, 0x00432abd, 0x0064ff9f, 0x2fb20008, 0x0521751e, 0xfe310024, 0x057c0499,
    0x51022b0a, 0x00003f02, 0x2800ffff, 0x0f4199fe, 0x82f62006, 0x02072441, 0x84c60151, 0x82962017, 0x05c8262f, 0x002602b0, 0x211785e1, 0x1784fe02,
    0x2f826720, 0x3b04bd22, 0xf9201782, 0x01211785, 0x201784f5, 0x202f82b1, 0x202f8430, 0x201785b1, 0x054d7c00, 0x2f829a20, 0x3a044722, 0xec202f82,
    0xd5201786, 0x3f262f84, 0xbd0555fe, 0xb182c305, 0x17854c20, 0xff06032d, 0xffffffbc, 0x0459fede, 0x824e0463, 0x854d2017, 0x01023017, 0xffffc0ff,
    0x00008c00, 0x0006df03, 0x83000602, 0xff022e2f, 0x040000d4, 0x00b005b1, 0x001b0012, 0x05a75a64, 0x1b2f0f26, 0x3e1e0fb1, 0x20057b67, 0x310c820a,
    0x593e120a, 0x0f0a02b2, 0xb0391211, 0x0eb22f02, 0x0983020f, 0x9b180e20, 0xb02a0c95, 0x0eb0d001, 0xd011b010, 0x6e1802b0, 0x0a200d4d, 0x080c5660,
    0x0131304e, 0x16211523, 0x04141504, 0x23112107, 0x33353335, 0x11033315, 0x35363221, 0x02272634, 0x6a01ed50, 0xfe0001e4, 0xd3fddffe, 0xedc0cfcf,
    0x8f5f01ed, 0x048d999f, 0xe403f250, 0x04eac5c4, 0xc9975004, 0xfdd9fdc9, 0x7b8098dd, 0x0000028e, 0x1020bf94, 0x1020b282, 0x1020bf92, 0x1121bf86,
    0x20098402, 0x95491811, 0xd00b260d, 0xb01011b0, 0x2cbfed0e, 0x00030001, 0x05300400, 0x000d00b0, 0x057d4150, 0x18088555, 0x180883a1, 0x220c6e9c,
    0x180d7ab2, 0x210dd65e, 0x9c1804b0, 0x30081873, 0x11231121, 0x11333523, 0x11211521, 0xfe7f0221, 0xaeaec1f3, 0x42fd7f03, 0xac020d01, 0xac0254fd,
    0x9e6d0297, 0x000031fe, 0x00fcff01, 0x04470300, 0x2085823a, 0x18858a4b, 0x2007134a, 0xf49c1802, 0x37808d37, 0xbadcfe78, 0xad029e9e, 0x24010dfe,
    0x21fedf01, 0x0197df01, 0xd5fe99c4, 0xf72a7f82, 0x31050000, 0x1400b005, 0x05418000, 0x0cd04112, 0xb0258c87, 0xb0584500, 0x26998213, 0x593e1213,
    0x42080eb2, 0xb2260693, 0x5d010e2f, 0x0482cfb2, 0x7001b121, 0xb22109cd, 0x201f8507, 0xfb5f1807, 0x1007320d, 0xb0d00ab0, 0x0cb01004, 0x0112b2d0,
    0x3912110e, 0xa99d1830, 0x33353508, 0x23153315, 0x33013311, 0x02230101, 0xcfc0b137, 0xededc0cf, 0x0c1e8518, 0x9737042e, 0xfe97e2e2, 0xfd8202f7,
    0x0012fd3e, 0xbf26c782, 0x28040000, 0xc7820006, 0xd1187620, 0x6b181275, 0xc7960c59, 0xc7861020, 0x1020bd8e, 0xb0209b82, 0x0129bdb7, 0xe7ba80e0,
    0xdbdbbae7, 0x5185187e, 0xc104270b, 0x97a8a897, 0x8518cdfd, 0x0f200955, 0xbb29bd82, 0x0e00b005, 0x0ab25700, 0x03bb180f, 0x0c924209, 0x08634a18,
    0x200c9f42, 0x055f4106, 0x182f0621, 0x240ba960, 0xb2d000b0, 0x2318860a, 0xd00eb010, 0x22095c41, 0x82013301, 0x33200802, 0xc0e1a603, 0x51fe94db,
    0x017a01dc, 0x51feda7c, 0xfd09029a, 0x970902f7, 0x25fd1003, 0xf0fcdb02, 0x0a936e19, 0x64000e22, 0xa0429391, 0x42938407, 0x06670cad, 0x57a01807,
    0x27a4180c, 0x42062008, 0x0a280a19, 0x1211000b, 0xd00db039, 0x0521a084, 0x05334323, 0x4a3da087, 0xbfdcbae6, 0x01bda1fe, 0xbd18011f, 0x0bc8a3fe,
    0x95016bfe, 0xfcae0397, 0xfc2603da, 0x639f8252, 0x0021060b, 0x073d4511, 0x240c1f41, 0xb11b2f0e, 0x078a440e, 0x200cf141, 0x27198205, 0x593e1205,
    0x020b11b2, 0x11207f83, 0x0d868318, 0x15850420, 0xb0d00729, 0x09b01011, 0x840db2d0, 0x3130230f, 0x01822301, 0x23220282, 0xa2873335, 0xa4c42c08,
    0xfee4ae01, 0xe398fe9a, 0x91a0af01, 0x01e16bfe, 0xe25d015f, 0x02966bfe, 0x0262fd9e, 0x02c8fd38, 0x7b02979e, 0x2e02d2fd, 0x820085fd, 0x068762b1,
    0x3d41b18e, 0x08d05707, 0x200bde41, 0x4b9f18b0, 0x0e11210c, 0x1585b194, 0x0f84b189, 0x0321b185, 0x83b68203, 0x131321b1, 0x3808b682, 0x01b33c03,
    0xfafad641, 0xaa4101d7, 0xd6d6fe9e, 0xfed8f0ed, 0xe101a7d6, 0x95011ffe, 0xe1016bfe, 0xfec20197, 0xfe8b0175, 0xffff003e, 0xecff6300, 0x4d04ec03,
    0xbf000602, 0x3c0f8300, 0x04000012, 0x02b0052f, 0x002a0026, 0x02070000, 0xfe83ff26, 0x00ffff7f, 0x058b0291, 0xf7f618c9, 0x2013820b, 0x222b825d,
    0x82c40533, 0x8416203b, 0x825e203b, 0x84f9204b, 0x8417200f, 0x8235200f, 0x8250201f, 0x0006224b, 0x240f8418, 0x04ecff9a, 0x200f842d, 0x200f8419,
    0x270f8298, 0x00b10530, 0x141a0006, 0x84207b83, 0x22220f82, 0x0f82c405, 0x0f841c20, 0xffff6424, 0x0f84f803, 0x2f841d20, 0x1f828720, 0x0f841e20,
    0x1f841420, 0x0f054e18, 0xbe017522, 0x124f4d18, 0x0b492220, 0x054e1806, 0x0007240d, 0x604b0175, 0x272012d7, 0x18067d4a, 0x220fb148, 0x61660144,
    0xb5520933, 0x078b5708, 0x0db14818, 0x44000724, 0x5b92cc00, 0x5b861320, 0x20053555, 0x08e75720, 0x6d04ac24, 0x6d543201, 0x080c2410, 0x4e10b0f4,
    0x39260687, 0xea03ecff, 0x6d54eb05, 0xac002507, 0xfdff1204, 0x22106d54, 0x18f4092a, 0x2707f959, 0x00005f00, 0x2c074604, 0x24087553, 0x013804ac,
    0x10f5513e, 0x63820d20, 0x63861120, 0x63822920, 0x6384f320, 0x00004924, 0x63820701, 0x63890220, 0x20088951, 0x4f63821f, 0xff21064f, 0x2027820a,
    0x516384ea, 0xac22058d, 0x6389e302, 0x5f180220, 0xb0210a1d, 0x21638509, 0x3182f0fe, 0xe905d022, 0x24089151, 0xffc902ac, 0x189587fb, 0x2008095a,
    0x86638205, 0x057f6d31, 0x51220721, 0xac240835, 0x34018f04, 0x5211b34f, 0x33240aef, 0x3404ecff, 0x5320c784, 0x07206d82, 0x0c20c782, 0xd94dc789,
    0x821d2008, 0x85212063, 0x55002795, 0xc9040000, 0x63822007, 0x31863620, 0x8f412e20, 0x82192012, 0x062f6b63, 0x008bff25, 0x84970200, 0x85562063,
    0x64032131, 0x0b206389, 0x07034918, 0x63820f20, 0x4d07b553, 0x638305e1, 0x2205e14d, 0x896804ac, 0x82092063, 0x1e092431, 0x5bb1593e, 0x2b240b55,
    0xdc03ecff, 0x59206384, 0x04216385, 0x4d638904, 0x122008e5, 0x16206382, 0xfe21c785, 0x3fc782d6, 0x003f06d2, 0x64d00026, 0x00070000, 0x001ffeae,
    0x00ffff00, 0x04acfea9, 0x02b00588, 0x00260026, 0xad241783, 0x0a00ba04, 0x8c2a1782, 0x200499fe, 0x26020006, 0x17864600, 0xf7ffab22, 0xc6202f86,
    0x28202f84, 0xb9201786, 0x5f242f84, 0xf003a2fe, 0x48202f84, 0xe7611786, 0xfea92305, 0x2f880409, 0x0107012c, 0xfe6501ba, 0x000800aa, 0x471800b2,
    0x5f220751, 0x398bfffd, 0x69222182, 0x6985a0fe, 0x84080521, 0x852c2069, 0x1f052151, 0x8c246984, 0xdf03acfe, 0x4c206984, 0x04211785, 0x6a1784a1,
    0x8d262d53, 0x0c040000, 0xdf824107, 0x51004f21, 0x44290523, 0x09004101, 0x2f05b000, 0x0d5518b0, 0xfea92207, 0xa54e18fb, 0xad00250b, 0x5900e804,
    0x8d229982, 0x4e18e8fe, 0x17820ba5, 0x46006522, 0x4e18b185, 0xe3540b49, 0x24178205, 0x01acfe86, 0x20b18461, 0x21b18550, 0xb1854e03, 0x06acfe23,
    0x20e18452, 0x21178531, 0x1784d205, 0x17828b20, 0x4e047822, 0x51209b82, 0xd6201786, 0xa9221784, 0x4d18acfe, 0x00230b59, 0x412405ad, 0x4d180911,
    0x77820959, 0x17848720, 0x2005d352, 0x08d352e6, 0x0b053626, 0x2a005301, 0x63051d49, 0x23280853, 0x237fb2dc, 0xefb27101, 0x4f200483, 0x2f200483,
    0xb0230482, 0x1830d037, 0x22079956, 0x824207c0, 0x41342043, 0x7c200627, 0x6709c54f, 0x16200855, 0x26064745, 0x0460fe8c, 0x82f7051e, 0x8654202d,
    0xff93222d, 0x10d56ff7, 0x076f5d18, 0xacfea822, 0x0bff4b18, 0xb720b782, 0x8222b784, 0x4b18acfe, 0x00230bff, 0x844a03ad, 0xfe502217, 0xbf4a18a2,
    0x282f820b, 0xff0000c9, 0xfe5f00ff, 0xbf4a189a, 0x2217820b, 0x82f8ff87, 0x82312017, 0x0a2f4e2f, 0xba201782, 0x09222f84, 0x4a18a2fe, 0x17820b65,
    0x43057346, 0xe4200587, 0x27076951, 0xe4043602, 0x16005101, 0x18052f41, 0x23088149, 0x2ab0dc16, 0x26051b41, 0x0400001c, 0x822e07fd, 0x843a202f,
    0x00a522ed, 0x096f4fb4, 0x20080746, 0x06134f0a, 0x00002126, 0xe305ba03, 0x5a202d82, 0x06232d82, 0x711da500, 0x134f0877, 0x4f0a2008, 0x1c260613,
    0xfd04acfe, 0x5985b005, 0x82070021, 0x00e42ca1, 0x00ffff0a, 0x03acfe21, 0x853a04ba, 0x20178443, 0x2417844d, 0x06acfe3d, 0x202f84ed, 0x0631423b,
    0x1784ef20, 0xacfe2b24, 0x2f84d305, 0x17865b20, 0x17845320, 0x5f825620, 0x2f847a20, 0xf5433e20, 0x8258200c, 0x84b3205f, 0x865e202f, 0x83622017,
    0x32fe382f, 0x4f05ecff, 0x2600d605, 0x00463300, 0x71010700, 0x0000c3fd, 0x7f00ffff, 0x1c240559, 0x33022602, 0xae282f84, 0xddfedcff, 0x63ffffff,
    0xea27eb82, 0x26001f05, 0x823c2802, 0xae00252f, 0xe0feacfe, 0x802a1782, 0x94040000, 0x26001c05, 0x1786e401, 0x2f84c920, 0x00008426, 0x1e058d01,
    0xe3201782, 0xcd221786, 0x2f82dffe, 0xf0ffd524, 0x2f846404, 0x840add21, 0x1eff2147, 0x1b202f84, 0x58204782, 0xd3201784, 0x64202f86, 0xee201784,
    0x88221782, 0x47821b05, 0x2f86f320, 0xdcfe3722, 0x0423a787, 0x8306028d, 0x05057aa7, 0x84ef0321, 0x8432200f, 0x828a20c7, 0x84ae20af, 0x8428200f,
    0x8247200f, 0x83e0200f, 0xd201210f, 0x1f820f84, 0x84580421, 0x84e4200f, 0x8297200f, 0x845120af, 0x88e3200f, 0x8457201f, 0x87e1200f, 0x7705210f,
    0xdf200f84, 0xde203f8e, 0x60200f84, 0x5a26d782, 0x06029d04, 0x1f88dd01, 0x2f841b20, 0x0f84dc20, 0x03218582, 0x200f84fd, 0x200f84d8, 0x20d7820d,
    0x200f841c, 0x200f84d3, 0x200f8226, 0x200f8431, 0x180f83d4, 0x84323f43, 0x2ae17651, 0x2e574418, 0x2f830020, 0x1e068527, 0xea012602, 0x055f4500,
    0xe3763420, 0x57461809, 0x07357c08, 0xf0ff432a, 0x9d04dd03, 0xd9010602, 0xb2135f41, 0x822b20df, 0x044d2251, 0x2051828d, 0x086141e2, 0x8f845720,
    0x8f86e120, 0x8f892520, 0x5f083b7b, 0x222a0753, 0x0b04ecff, 0x2602f605, 0x2d820102, 0xa1000623, 0x08737767, 0x2008a57d, 0x06f34414, 0x00001324,
    0x5b427004, 0x8485201e, 0x42ea2089, 0x8a20146b, 0x61203f82, 0x01216b83, 0x229984fe, 0x7ac900a1, 0x3b780911, 0x860d2008, 0x422d826d, 0x99421659,
    0x13594205, 0x7d844420, 0x8205cb52, 0x4204203f, 0x2f830b69, 0x9d043026, 0x31020602, 0x42147942, 0x002d0c69, 0xfe470001, 0x04d40350, 0x0029009d,
    0x0517459d, 0x2308057d, 0xb0584500, 0x0c2f0819, 0x1b2f1829, 0x3e1418b1, 0x180ab059, 0x2a0c7da1, 0x190a06b2, 0xb2391211, 0x820a1927, 0xb07c3006,
    0xb2182f27, 0x5d0127f0, 0x012700b2, 0x82a0b271, 0x60b42809, 0x02277027, 0x8230b25d, 0x200b8510, 0xbd5a1871, 0x10b2230b, 0x39822726, 0x1019b027,
    0xb2d016b0, 0x8246841d, 0xc483190c, 0x2634260e, 0x15062223, 0xf4b61823, 0x1107250d, 0x26261123, 0x1cf5b618, 0xbaafcb25, 0x18b9b6a3, 0x2919f4b6,
    0xfe12af8c, 0x14a7015b, 0xb61888ad, 0x012d08f8, 0x99fe8a00, 0x8d04fa04, 0x5f000f00, 0x9f831800, 0x37821807, 0x52b0180c, 0x2f062b0c, 0x1206b11b,
    0x0bb2593e, 0xc8820903, 0x0bb07c27, 0xa0b2182f, 0x88c2180b, 0x1009270e, 0xb0d00cb0, 0x2f741003, 0x06c54f0b, 0xc6822120, 0x11333108, 0x11331121,
    0xbafa0433, 0xb9a4fda1, 0xb95c02b9, 0x0199fea2, 0xfef20167, 0xfd8d040e, 0xfc0302fd, 0x0100000c, 0x56fe6000, 0x9d043004, 0x5a001f00, 0x2005af41,
    0x217c820e, 0x61541c0e, 0x20968c06, 0x21198205, 0x19821405, 0xb0100329, 0x0eb0d006, 0x8312b010, 0x15b12105, 0x0cd68a18, 0x0c62ec18, 0x1f212982,
    0x229482d0, 0x82070606, 0x02262192, 0x0e777c18, 0x94180720, 0xcb2f0926, 0xd7b7baa9, 0xcc98e77b, 0x12b913f7, 0x18997e8d, 0x39082694, 0xfe14c7a8,
    0x1ea20160, 0x61e31e01, 0xd388f9a4, 0xcb7482bb, 0xcfbd6abd, 0xab18836f, 0x02220919, 0xf7440106, 0xfe023405, 0x046b0551, 0x0226029d, 0x00000017,
    0x02510207, 0x45b8ffbc, 0x042505cf, 0x02cb0561, 0x06434326, 0x9c007022, 0x4309a77f, 0xb0200743, 0x43072f69, 0x2d8205dd, 0x2406dd43, 0x00263a70,
    0x478c1813, 0x3e1c220a, 0x080d7159, 0x00006026, 0x8d040605, 0xf1308182, 0xffff0000, 0xf0ff9700, 0x8d043505, 0xe3012600, 0x01238183, 0x84e801e2,
    0x82092017, 0x06f12227, 0x20998200, 0x23178373, 0x9e027500, 0x60261784, 0x5a04c7ff, 0x17821e06, 0x17857520, 0x007d0129, 0x00ffff1e, 0x7efffd43,
    0x01250bff, 0xfe2901ba, 0x0fd37ca0, 0x00070025, 0x84a20144, 0x0ceb7c2f, 0x75221782, 0x17893102, 0x02e30525, 0x84d50126, 0x016a225f, 0x7c17846b,
    0x00200ced, 0x00214782, 0x221784a4, 0x664ffe1c, 0xa4220c77, 0xa7847c01, 0x4ffe6d22, 0x220c7766, 0x84c400a4, 0xfea92217, 0x0c2d6259, 0x3a01a423,
    0x052d6200, 0x62034f21, 0xa4210b2d, 0x05a57001, 0x4ffe1326, 0x8d047004, 0x22081148, 0x841e01a4, 0xfe8a2447, 0x84ae0357, 0x84282017, 0x00a424a7,
    0x5f0800e7, 0x60220641, 0xf54d3a04, 0x07002705, 0x4d03ad00, 0xfa050a00, 0x5d8a14ea,
};

